{
    "seed": 1954244124,
    "arrival_stream": 0,
    "service_stream": 1,
    "observation_period": 90000.0,
    "interarrivals": 2,
    "batch_size": 2048,
    "k": 8,
    "servers": 3,
    "acquisition_time": [],
    "avg_utilization1": [
        0.6795876937564188,
        0.662351151305923,
        0.7093724948499427,
        0.7799305784619125,
        0.7570155818759339,
        0.7406034987315231,
        0.7557750647529347,
        0.7227228740516016
    ],
    "avg_utilization2": [
        0.7552179453653917,
        0.7406790964787496,
        0.6539853534223113,
        0.7627286193331309,
        0.7801376649992923,
        0.8008007889596452,
        0.7291188517403682,
        0.6908844237789301
    ],
    "avg_utilization3": [
        0.7703509947658487,
        0.7695815390536612,
        0.7961676594882836,
        0.7396489395727391,
        0.7658454624289424,
        0.846767688151446,
        0.8150749362178682,
        0.7718202099656342
    ],
    "avg_utilization4": [],
    "avg_utilization5": [],
    "avg_utilization6": [],
    "avg_utilization7": [],
    "avg_utilization8": [],
    "avg_utilization9": [],
    "global": {
        "avg_wait": [
            15.66538413285016,
            12.808274459003663,
            15.656475924642145,
            15.343153111467146,
            14.24126540984905,
            19.574485177845617,
            16.038558151449088,
            14.05804002547885
        ],
        "avg_delay": [
            11.291013314328277,
            8.441519386938984,
            11.348957031689228,
            10.875179333135836,
            9.779586891533942,
            15.067336627919174,
            11.550817244069934,
            9.580739726475791
        ],
        "avg_number": [
            7.893739234263687,
            3.2060997801987163,
            2.614527305932722,
            1.9307815169595637,
            1.4408026761927026,
            1.6624069991232697,
            1.1686272396791486,
            0.8914282611891261
        ]
    },
    "c1": {
        "avg_wait": [
            12.130162824293272,
            10.37982362621801,
            12.741324883368085,
            17.05068551112904,
            16.716517521471683,
            18.40036544181347,
            13.603262051838804,
            14.955350841164796
        ],
        "avg_delay": [
            7.8435422951611855,
            6.106706064592473,
            8.261926913018788,
            12.556955224033754,
            12.16016507795734,
            14.007609695654626,
            9.12956540362224,
            10.471010095368623
        ],
        "avg_number": [
            1.2428247251883409,
            0.4761942555270493,
            0.435867858348034,
            0.5370097201641783,
            0.39586842125681493,
            0.3793099814476475,
            0.2185978560311827,
            0.21948705823023723
        ]
    },
    "c2": {
        "avg_wait": [
            13.465737639003043,
            14.729509183485181,
            11.55082497201622,
            14.583456781369875,
            13.79172312334944,
            17.074675121470165,
            12.087562038941355,
            12.968183387539748
        ],
        "avg_delay": [
            8.972929230679954,
            10.430254749020458,
            7.395172497235157,
            10.088929244456379,
            9.259127916787753,
            12.549743865421576,
            7.677442841166142,
            8.541718678556325
        ],
        "avg_number": [
            1.5078797910230166,
            0.9038525920366379,
            0.3877291889391402,
            0.4215436488732764,
            0.3124041263390884,
            0.3554451752665194,
            0.18109683066714088,
            0.17296358683699864
        ]
    },
    "c3": {
        "avg_wait": [
            20.90677259055923,
            13.075316130415782,
            21.62750004897294,
            14.343377745844364,
            12.365693512001906,
            23.04930323421281,
            22.01954789531195,
            14.204883566612443
        ],
        "avg_delay": [
            16.566218259509153,
            8.555067928937998,
            17.337864607459338,
            9.928950226345778,
            8.060992635016415,
            18.454299469990254,
            17.446252240904926,
            9.687862077380789
        ],
        "avg_number": [
            2.9388026186316085,
            0.7329898099216783,
            1.071603264457748,
            0.40997858117466646,
            0.28113777233510684,
            0.5448721561281955,
            0.44193955152377973,
            0.21506947436612647
        ]
    },
    "c4": {
        "avg_wait": [],
        "avg_delay": [],
        "avg_number": []
    },
    "c5": {
        "avg_wait": [],
        "avg_delay": [],
        "avg_number": []
    },
    "c6": {
        "avg_wait": [],
        "avg_delay": [],
        "avg_number": []
    },
    "mean_conditional_slowdown": {
        "(1.24)": [
            13.633374300685613,
            11.329253595970696,
            13.626190261808182,
            13.373510573763827,
            12.484891459555685,
            16.785875143423887,
            13.934321089878297,
            12.337129052805524
        ],
        "(2.65)": [
            6.9114657105094945,
            5.833311116605156,
            6.90810412250647,
            6.7898690986668475,
            6.374062418810962,
            8.386598180319101,
            7.0522860948864485,
            6.304920764331642
        ],
        "(4.42)": [
            4.544204554943475,
            3.897799651358295,
            4.5421891232222045,
            4.471301608929219,
            4.2220057488346265,
            5.428616556073669,
            4.628633065938708,
            4.180552041963541
        ],
        "(8.26)": [
            2.8965356093038936,
            2.5506385543587973,
            2.895457133733916,
            2.8575245897659984,
            2.7241241416282143,
            3.3697923944123023,
            2.941714061918776,
            2.701941891704461
        ]
    }
}