{
    "interarrival": 2,
    "servers": 3,
    "seed": 1612441518,
    "GLOBAL AVG WAIT": {
        "mean": 14.901090416681575,
        "half_confidence_interval": 0.802469165968658,
        "stdev": 2.609293686717052,
        "confidence": 95
    },
    "GLOBAL AVG DELAY": {
        "mean": 10.45989411641299,
        "half_confidence_interval": 0.7918208843482687,
        "stdev": 2.5746699339490204,
        "confidence": 95
    },
    "GLOBAL AVG NUMBER": {
        "mean": 0.5585810045371185,
        "half_confidence_interval": 0.19233286526621268,
        "stdev": 0.6253859367687293,
        "confidence": 95
    },
    "QUEUE1 AVG WAIT": {
        "mean": 0.0,
        "half_confidence_interval": 0.0,
        "stdev": 0.0,
        "confidence": 95
    },
    "QUEUE1 AVG DELAY": {
        "mean": 0.0,
        "half_confidence_interval": 0.0,
        "stdev": 0.0,
        "confidence": 95
    },
    "QUEUE1 AVG NUMBER": {
        "mean": 0.0,
        "half_confidence_interval": 0.0,
        "stdev": 0.0,
        "confidence": 95
    },
    "QUEUE2 AVG WAIT": {
        "mean": 0.0,
        "half_confidence_interval": 0.0,
        "stdev": 0.0,
        "confidence": 95
    },
    "QUEUE2 AVG DELAY": {
        "mean": 0.0,
        "half_confidence_interval": 0.0,
        "stdev": 0.0,
        "confidence": 95
    },
    "QUEUE2 AVG NUMBER": {
        "mean": 0.0,
        "half_confidence_interval": 0.0,
        "stdev": 0.0,
        "confidence": 95
    },
    "QUEUE3 AVG WAIT": {
        "mean": 0.0,
        "half_confidence_interval": 0.0,
        "stdev": 0.0,
        "confidence": 95
    },
    "QUEUE3 AVG DELAY": {
        "mean": 0.0,
        "half_confidence_interval": 0.0,
        "stdev": 0.0,
        "confidence": 95
    },
    "QUEUE3 AVG NUMBER": {
        "mean": 0.0,
        "half_confidence_interval": 0.0,
        "stdev": 0.0,
        "confidence": 95
    },
    "UTILIZATION1": {
        "mean": 0.7223071112359936,
        "half_confidence_interval": 0.014734807689095988,
        "stdev": 0.04791142427477353,
        "confidence": 95
    },
    "UTILIZATION2": {
        "mean": 0.7383507047648464,
        "half_confidence_interval": 0.01563368077927405,
        "stdev": 0.05083418315302938,
        "confidence": 95
    },
    "UTILIZATION3": {
        "mean": 0.7619650040658019,
        "half_confidence_interval": 0.015478431257962475,
        "stdev": 0.050329376721825074,
        "confidence": 95
    },
    "UTILIZATION4": {
        "mean": 0.0,
        "half_confidence_interval": 0.0,
        "stdev": 0.0,
        "confidence": 95
    },
    "UTILIZATION5": {
        "mean": 0.0,
        "half_confidence_interval": 0.0,
        "stdev": 0.0,
        "confidence": 95
    },
    "UTILIZATION6": {
        "mean": 0.0,
        "half_confidence_interval": 0.0,
        "stdev": 0.0,
        "confidence": 95
    }
}