{
    "interarrival": 1.5,
    "servers": 3,
    "seed": 1883165608,
    "GLOBAL AVG WAIT": {
        "mean": 70.39682953960659,
        "half_confidence_interval": 14.676610014557486,
        "stdev": 57.324783259151815,
        "confidence": 95
    },
    "GLOBAL AVG DELAY": {
        "mean": 65.96779212844693,
        "half_confidence_interval": 14.67078772722853,
        "stdev": 57.30204222025564,
        "confidence": 95
    },
    "GLOBAL AVG NUMBER": {
        "mean": 47.08121625049058,
        "half_confidence_interval": 9.928257320022185,
        "stdev": 38.77838264059912,
        "confidence": 95
    },
    "QUEUE1 AVG WAIT": {
        "mean": 69.87930878919227,
        "half_confidence_interval": 14.53891552963308,
        "stdev": 56.78696788513541,
        "confidence": 95
    },
    "QUEUE1 AVG DELAY": {
        "mean": 65.46557301124514,
        "half_confidence_interval": 14.535323964323885,
        "stdev": 56.772939734036036,
        "confidence": 95
    },
    "QUEUE1 AVG NUMBER": {
        "mean": 14.680547776412698,
        "half_confidence_interval": 3.305904814525756,
        "stdev": 12.912401213911341,
        "confidence": 95
    },
    "QUEUE2 AVG WAIT": {
        "mean": 70.44605867255028,
        "half_confidence_interval": 14.684970926869088,
        "stdev": 57.357439811696025,
        "confidence": 95
    },
    "QUEUE2 AVG DELAY": {
        "mean": 66.03188281596097,
        "half_confidence_interval": 14.677428793330131,
        "stdev": 57.32798129436788,
        "confidence": 95
    },
    "QUEUE2 AVG NUMBER": {
        "mean": 14.773592720343888,
        "half_confidence_interval": 3.305167657867562,
        "stdev": 12.909521983243149,
        "confidence": 95
    },
    "QUEUE3 AVG WAIT": {
        "mean": 70.98113082277001,
        "half_confidence_interval": 14.861993914716466,
        "stdev": 58.048866810176804,
        "confidence": 95
    },
    "QUEUE3 AVG DELAY": {
        "mean": 66.51526183917127,
        "half_confidence_interval": 14.853415457526689,
        "stdev": 58.01536055780557,
        "confidence": 95
    },
    "QUEUE3 AVG NUMBER": {
        "mean": 14.687170293962843,
        "half_confidence_interval": 3.3065505126370143,
        "stdev": 12.914923220303962,
        "confidence": 95
    },
    "QUEUE4 AVG WAIT": {
        "mean": 0.0,
        "half_confidence_interval": 0.0,
        "stdev": 0.0,
        "confidence": 95
    },
    "QUEUE4 AVG DELAY": {
        "mean": 0.0,
        "half_confidence_interval": 0.0,
        "stdev": 0.0,
        "confidence": 95
    },
    "QUEUE4 AVG NUMBER": {
        "mean": 0.0,
        "half_confidence_interval": 0.0,
        "stdev": 0.0,
        "confidence": 95
    },
    "QUEUE5 AVG WAIT": {
        "mean": 0.0,
        "half_confidence_interval": 0.0,
        "stdev": 0.0,
        "confidence": 95
    },
    "QUEUE5 AVG DELAY": {
        "mean": 0.0,
        "half_confidence_interval": 0.0,
        "stdev": 0.0,
        "confidence": 95
    },
    "QUEUE5 AVG NUMBER": {
        "mean": 0.0,
        "half_confidence_interval": 0.0,
        "stdev": 0.0,
        "confidence": 95
    },
    "QUEUE6 AVG WAIT": {
        "mean": 0.0,
        "half_confidence_interval": 0.0,
        "stdev": 0.0,
        "confidence": 95
    },
    "QUEUE6 AVG DELAY": {
        "mean": 0.0,
        "half_confidence_interval": 0.0,
        "stdev": 0.0,
        "confidence": 95
    },
    "QUEUE6 AVG NUMBER": {
        "mean": 0.0,
        "half_confidence_interval": 0.0,
        "stdev": 0.0,
        "confidence": 95
    },
    "UTILIZATION1": {
        "mean": 0.9791752208702436,
        "half_confidence_interval": 0.006165555925921223,
        "stdev": 0.024081797961180592,
        "confidence": 95
    },
    "UTILIZATION2": {
        "mean": 0.9810981562373998,
        "half_confidence_interval": 0.005634498022960419,
        "stdev": 0.022007560166819904,
        "confidence": 95
    },
    "UTILIZATION3": {
        "mean": 0.9796047449341341,
        "half_confidence_interval": 0.00592998312025457,
        "stdev": 0.02316168357419364,
        "confidence": 95
    },
    "UTILIZATION4": {
        "mean": 0.0,
        "half_confidence_interval": 0.0,
        "stdev": 0.0,
        "confidence": 95
    },
    "UTILIZATION5": {
        "mean": 0.0,
        "half_confidence_interval": 0.0,
        "stdev": 0.0,
        "confidence": 95
    },
    "UTILIZATION6": {
        "mean": 0.0,
        "half_confidence_interval": 0.0,
        "stdev": 0.0,
        "confidence": 95
    }
}