{
    "seed": 2032240035,
    "arrival_stream": 0,
    "service_stream": 1,
    "observation_period": 40000.0,
    "interarrivals": 3.0,
    "batch_size": 0,
    "k": 0,
    "servers": 2,
    "acquisition_time": [
        58.467202437993414,
        61.68375426648002,
        68.2478641602292,
        73.17868735559975,
        85.77038627972179,
        93.28761171506974,
        110.75410480220972,
        130.3999113406502,
        151.19830396895387,
        177.54922586148416,
        194.15973160862072,
        227.45699734360312,
        267.41161886133887,
        326.1195520887401,
        387.61113120516217,
        455.7856814596956,
        555.5502132050032,
        649.588935694587,
        806.2599183824465,
        994.7842456876708,
        1194.9735633178127,
        1428.8888254420372,
        1723.8703662962282,
        2046.208477751808,
        2420.337079337474,
        2998.8232952695303,
        3497.728829120046,
        4152.214332264914,
        4884.86393906994,
        5844.867422202422,
        6946.439866909963,
        8335.784023687154,
        9982.13037108789,
        11796.186240031337,
        14133.48053040754,
        16911.933153668473,
        20469.769647674537,
        24427.246476356784,
        29370.128124896706,
        35078.07551971601
    ],
    "avg_utilization1": [
        0.48641333258266856,
        0.46104889565880797,
        0.5494089934890576,
        0.5277042086924864,
        0.6045439512524006,
        0.5886778800803523,
        0.7316571441700376,
        0.7214459367871937,
        0.7827976415896678,
        0.7694206254885236,
        0.803754392233258,
        0.7693906861443529,
        0.7759846939124614,
        0.7602583098552684,
        0.7810014456386627,
        0.7335216998009285,
        0.7123379991982232,
        0.7269157003752352,
        0.6713841524363615,
        0.6611210967835478,
        0.6587555727133585,
        0.6526754993581777,
        0.6573821593999046,
        0.6622168551969131,
        0.6969139521339193,
        0.6707950513268096,
        0.6874211192973686,
        0.7029389081737305,
        0.7156661980257284,
        0.7128128166388528,
        0.7204364698480196,
        0.7141582009757319,
        0.7168662655363706,
        0.72572276671877,
        0.7333836435823636,
        0.7400437056432331,
        0.7318989784394723,
        0.7347265902881809,
        0.7336111242746272,
        0.7368220497252098
    ],
    "avg_utilization2": [
        0.4563932473252784,
        0.4573036436738655,
        0.5341967899483128,
        0.498202294584246,
        0.5920828598673169,
        0.5577960199788614,
        0.6697025527080648,
        0.7777897137754229,
        0.8060424911840699,
        0.7832485329334317,
        0.7909697712844826,
        0.77589544419675,
        0.7870699952330943,
        0.8003988314693227,
        0.7693949114646534,
        0.7214697765542196,
        0.7216356441729708,
        0.7255050386099242,
        0.6688247837117572,
        0.6713812899310597,
        0.6680223438143095,
        0.6628721468690838,
        0.6696002664179007,
        0.6676835653129023,
        0.7034914032037048,
        0.6925307093425029,
        0.7219229898745081,
        0.7227295385844027,
        0.7339731548802604,
        0.727381310687587,
        0.735866953963898,
        0.7336602643495123,
        0.7284760125939274,
        0.7433199732618598,
        0.746945773782404,
        0.7469425280810414,
        0.7424768552253022,
        0.7465915535046406,
        0.7422371761200787,
        0.7462938073300028
    ],
    "avg_utilization3": [],
    "avg_utilization4": [],
    "avg_utilization5": [],
    "avg_utilization6": [],
    "global": {
        "avg_wait": [
            5.195739716482942,
            4.720619363849546,
            4.949589401644646,
            4.69115551213618,
            5.446388156041999,
            5.203069134828902,
            6.346325182007446,
            9.595871456536175,
            12.184653695029569,
            13.88932458822359,
            13.285988734620437,
            11.90458990264104,
            10.98862468165246,
            11.288470919193335,
            10.641189941300667,
            9.320687038149275,
            8.898664292039905,
            8.407660250051247,
            7.786059986589489,
            7.524965579816474,
            7.845766274170006,
            7.5847533726006295,
            7.499263065437153,
            7.766876947213696,
            8.809665956811143,
            8.58006457059522,
            8.889530464787535,
            8.7840359985267,
            8.89511135171318,
            8.691488862253209,
            9.04347466004846,
            8.91009807461475,
            8.748038001877257,
            8.895426126289308,
            8.966566827685412,
            9.120876864677758,
            9.084351271457644,
            9.300760909299205,
            9.159118354807193,
            9.352344791894863
        ],
        "avg_delay": [
            0.0,
            0.0,
            0.1899475360255504,
            0.2750089674676751,
            0.7246424674113321,
            0.7467436335711668,
            1.6441140314600449,
            4.4295262670433635,
            6.885811702362179,
            8.490237278535117,
            8.172698835821535,
            6.954080842864941,
            6.291965797503855,
            6.385161149484707,
            5.781847507377325,
            4.839847297821033,
            4.406255551039946,
            4.010872628527872,
            3.5655836312408633,
            3.258274379888283,
            3.5440126908537026,
            3.338227266762991,
            3.1963217026585005,
            3.4958247107130367,
            4.370388714042901,
            4.119651379422975,
            4.40538822480541,
            4.305067034703432,
            4.432050950873762,
            4.267818000948977,
            4.605308111486755,
            4.498708990307391,
            4.351212128183883,
            4.4977622254567455,
            4.539246444802979,
            4.687039865127737,
            4.6490909561260345,
            4.870206061939458,
            4.735744979115733,
            4.929216813081886
        ],
        "avg_number": [
            0.888658854849984,
            0.9183525393326735,
            1.0153321642467694,
            1.089793307152188,
            1.2699926844866403,
            1.3385878032476362,
            1.6617301056867373,
            2.501992725055814,
            3.304076754715391,
            3.911401055349971,
            4.037260089145084,
            3.7159810116137746,
            3.5339590951436346,
            3.565295295022756,
            3.37675122670097,
            3.0265577392169054,
            2.835141706821468,
            2.756869051881295,
            2.4721945257626303,
            2.3222768585430256,
            2.416155534753598,
            2.346201419590758,
            2.305631271579442,
            2.414091131053885,
            2.7772061926543197,
            2.6208076878230444,
            2.793125041445629,
            2.7903529430131337,
            2.882569800386892,
            2.8238685597421975,
            2.966998800123289,
            2.9234344561739483,
            2.8753694469160895,
            2.969619788338832,
            2.997635873885618,
            3.057921962723994,
            3.0195711585850558,
            3.1088527680731963,
            3.0555209449130207,
            3.1348604059334115
        ]
    },