{
    "interarrival": 2,
    "servers": 3,
    "seed": 20936038,
    "GLOBAL AVG WAIT": {
        "mean": 15.352739508109575,
        "half_confidence_interval": 0.6788734545400364,
        "stdev": 2.6515846372765126,
        "confidence": 95
    },
    "GLOBAL AVG DELAY": {
        "mean": 10.915713836403162,
        "half_confidence_interval": 0.6711840190895938,
        "stdev": 2.6215507793117205,
        "confidence": 95
    },
    "GLOBAL AVG NUMBER": {
        "mean": 0.4662717138842982,
        "half_confidence_interval": 0.16127444728794088,
        "stdev": 0.6299154046370878,
        "confidence": 95
    },
    "QUEUE1 AVG WAIT": {
        "mean": 0.0,
        "half_confidence_interval": 0.0,
        "stdev": 0.0,
        "confidence": 95
    },
    "QUEUE1 AVG DELAY": {
        "mean": 0.0,
        "half_confidence_interval": 0.0,
        "stdev": 0.0,
        "confidence": 95
    },
    "QUEUE1 AVG NUMBER": {
        "mean": 0.0,
        "half_confidence_interval": 0.0,
        "stdev": 0.0,
        "confidence": 95
    },
    "QUEUE2 AVG WAIT": {
        "mean": 0.0,
        "half_confidence_interval": 0.0,
        "stdev": 0.0,
        "confidence": 95
    },
    "QUEUE2 AVG DELAY": {
        "mean": 0.0,
        "half_confidence_interval": 0.0,
        "stdev": 0.0,
        "confidence": 95
    },
    "QUEUE2 AVG NUMBER": {
        "mean": 0.0,
        "half_confidence_interval": 0.0,
        "stdev": 0.0,
        "confidence": 95
    },
    "QUEUE3 AVG WAIT": {
        "mean": 0.0,
        "half_confidence_interval": 0.0,
        "stdev": 0.0,
        "confidence": 95
    },
    "QUEUE3 AVG DELAY": {
        "mean": 0.0,
        "half_confidence_interval": 0.0,
        "stdev": 0.0,
        "confidence": 95
    },
    "QUEUE3 AVG NUMBER": {
        "mean": 0.0,
        "half_confidence_interval": 0.0,
        "stdev": 0.0,
        "confidence": 95
    },
    "UTILIZATION1": {
        "mean": 0.738467730155455,
        "half_confidence_interval": 0.012403707615147428,
        "stdev": 0.04844714480680133,
        "confidence": 95
    },
    "UTILIZATION2": {
        "mean": 0.7359137977325589,
        "half_confidence_interval": 0.011791015190743635,
        "stdev": 0.04605405400459058,
        "confidence": 95
    },
    "UTILIZATION3": {
        "mean": 0.7483137338784359,
        "half_confidence_interval": 0.012492883794448639,
        "stdev": 0.0487954544740372,
        "confidence": 95
    },
    "UTILIZATION4": {
        "mean": 0.0,
        "half_confidence_interval": 0.0,
        "stdev": 0.0,
        "confidence": 95
    },
    "UTILIZATION5": {
        "mean": 0.0,
        "half_confidence_interval": 0.0,
        "stdev": 0.0,
        "confidence": 95
    },
    "UTILIZATION6": {
        "mean": 0.0,
        "half_confidence_interval": 0.0,
        "stdev": 0.0,
        "confidence": 95
    }
}