{
    "seed": 224940357,
    "arrival_stream": 0,
    "service_stream": 1,
    "observation_period": 40000.0,
    "interarrivals": 5.0,
    "batch_size": 0,
    "k": 0,
    "servers": 2,
    "acquisition_time": [
        29.950098987437112,
        48.80236825287597,
        67.68685677178708,
        81.16900944685777,
        91.12208166567783,
        122.51100202872443,
        143.7854786677488,
        160.06123582245,
        198.1133967866426,
        224.53817825191533,
        268.4898808410214,
        353.22241078179894,
        423.60003267262175,
        489.0013700659621,
        574.5305936521347,
        679.0159533218094,
        818.1083134315982,
        988.4128574850723,
        1217.902606138083,
        1403.7455577015753,
        1721.9305552396902,
        2047.8702176801555,
        2515.717196495871,
        2999.25425285681,
        3693.537596721284,
        4432.800415163162,
        5480.119355919636,
        6606.047463487048,
        7917.326210250534,
        9387.123348969948,
        11236.515016810625,
        13460.39903817842,
        16154.410822737847,
        19466.70017707903,
        23294.1007901994,
        28164.954578957022,
        33681.5981370497
    ],
    "avg_utilization1": [
        0.9182430755626635,
        0.5980994313022535,
        0.5562325316371257,
        0.6146748491520616,
        0.587516634800654,
        0.4631160677152701,
        0.5050186343619706,
        0.5155887482342011,
        0.5172969678705874,
        0.5106110597462936,
        0.5342672156983161,
        0.4646429480164952,
        0.48293291267482685,
        0.49105781632946843,
        0.49766051944059214,
        0.5212123763365986,
        0.5143659248154107,
        0.5235228113811891,
        0.4993077718368747,
        0.49826782938919356,
        0.47936225160021795,
        0.48504608500830876,
        0.482291880860564,
        0.49005927347843664,
        0.4635368883625294,
        0.46763905395948197,
        0.45427339369298597,
        0.4523256008301302,
        0.451348226887535,
        0.46111004893866475,
        0.4663970714490442,
        0.46094470893782213,
        0.4579537731305375,
        0.45669808602836276,
        0.45898464137505185,
        0.45368791728922514,
        0.4519109620576621
    ],
    "avg_utilization2": [
        0.5114291537128024,
        0.33729553050853306,
        0.32028993364205094,
        0.4751665152670976,
        0.4486250342412033,
        0.44184517236503246,
        0.5222036326088099,
        0.5257821902299143,
        0.5176872642799578,
        0.5639320845007086,
        0.5554007656767835,
        0.45299033282126083,
        0.4386211036560442,
        0.45781275517649694,
        0.4841409543136257,
        0.5212664389123052,
        0.5199603702076404,
        0.5428500832053014,
        0.5337600243139071,
        0.5406879204844578,
        0.5155090034648512,
        0.519731946234367,
        0.5033509969173896,
        0.5035589986220474,
        0.4789575211675304,
        0.4774871489213892,
        0.45149841697128634,
        0.4448115283922439,
        0.4438912951963142,
        0.44488762560631917,
        0.4465926833029394,
        0.44789520808097394,
        0.45293409107042226,
        0.4467518659873581,
        0.45088856633319907,
        0.44651905552623455,
        0.4482398871760006
    ],
    "avg_utilization3": [],
    "avg_utilization4": [],
    "avg_utilization5": [],
    "avg_utilization6": [],
    "global": {
        "avg_wait": [
            5.8804027738465,
            5.136224361687481,
            5.3795895369057325,
            5.784987682884862,
            5.979163677225685,
            5.949607907122231,
            6.671023250006056,
            6.461424521487752,
            6.327172010206618,
            6.228416034532382,
            6.16701741686356,
            5.685482957412639,
            5.500850039977227,
            5.3732164399899105,
            5.392321232636217,
            5.797437123664565,
            5.842437642240813,
            6.635509764716428,
            6.620585681077341,
            6.268360291707665,
            6.013768574734579,
            5.984298163062215,
            5.919645694648955,
            5.939220137292995,
            5.70387544300504,
            5.8337011040010704,
            5.674345199617712,
            5.877713696028529,
            5.802771211995551,
            5.863406317121701,
            5.874994516192537,
            5.791164451184771,
            5.793478130932609,
            5.7153150784573565,
            5.767412427823598,
            5.714801630073685,
            5.711576803703326
        ],
        "avg_delay": [
            1.5985202952074895,
            1.3321002460062412,
            1.1418002108624923,
            1.0309215989940408,
            1.258394388043492,
            1.3301200604807732,
            1.7604005816476622,
            1.61803376257182,
            1.3417840957912652,
            1.4554882729087728,
            1.3469287817243216,
            1.1202908493686392,
            0.9732204140830232,
            0.8683716877404934,
            0.8063457565016487,
            1.0483951119626607,
            1.1089707400630477,
            1.7180471039639436,
            1.7105498111991928,
            1.5177755407837328,
            1.3586076708590353,
            1.3289700961817337,
            1.2633199602065823,
            1.256637755800669,
            1.1433121635840273,
            1.2602597225907823,
            1.1648068484405587,
            1.3845139561501933,
            1.3258483061331825,
            1.3858105016238087,
            1.3773420370967058,
            1.318276719960636,
            1.311213443547136,
            1.2492944230773277,
            1.2817662465202857,
            1.2431458097900858,
            1.255592211314676
        ],
        "avg_number": [
            1.9634001130724466,
            1.2629447001604799,
            1.1126865259914447,
            1.2116051591516592,
            1.312341326696843,
            1.1655327881283206,
            1.345474355565565,
            1.3725274117855484,
            1.3094220614360887,
            1.3869392018368825,
            1.3551871171278735,
            1.1428190218249252,
            1.1167919427514656,
            1.1317786149439752,
            1.1544302756762175,
            1.2636237633369853,
            1.2640275690867744,
            1.4299324105119149,
            1.3916301072137118,
            1.3708941759396553,
            1.2852242088208192,
            1.2916149496376996,
            1.2471243677683768,
            1.2594277406526637,
            1.178289606927549,
            1.2054840531475386,
            1.1379506484003148,
            1.1735768487756688,
            1.1602132569321384,
            1.1861576952044541,
            1.1915716289589546,
            1.1766987538085496,
            1.1766694530781006,
            1.1561749333081999,
            1.1698680265405181,
            1.1504696431048784,
            1.1537922997083019
        ]
    },