{
    "interarrival": 1.5,
    "servers": 4,
    "seed": 1506868232,
    "GLOBAL AVG WAIT": {
        "mean": 5.731508547170709,
        "half_confidence_interval": 0.08582714982309632,
        "stdev": 0.3352288271255867,
        "confidence": 95
    },
    "GLOBAL AVG DELAY": {
        "mean": 1.3068477191985752,
        "half_confidence_interval": 0.07422226608426725,
        "stdev": 0.2899017765044839,
        "confidence": 95
    },
    "GLOBAL AVG NUMBER": {
        "mean": 3.837517947316685,
        "half_confidence_interval": 0.07324022649821421,
        "stdev": 0.28606606741590285,
        "confidence": 95
    },
    "QUEUE1 AVG WAIT": {
        "mean": 1.7543957221066118,
        "half_confidence_interval": 0.018647565116700477,
        "stdev": 0.0728347777562723,
        "confidence": 95
    },
    "QUEUE1 AVG DELAY": {
        "mean": 0.5259659326961245,
        "half_confidence_interval": 0.01874766757071257,
        "stdev": 0.07322576392230523,
        "confidence": 95
    },
    "QUEUE1 AVG NUMBER": {
        "mean": 0.07039610207874383,
        "half_confidence_interval": 0.0027063266174147207,
        "stdev": 0.01057053274685993,
        "confidence": 95
    },
    "QUEUE2 AVG WAIT": {
        "mean": 3.473519172502993,
        "half_confidence_interval": 0.028234901206936707,
        "stdev": 0.11028156981931032,
        "confidence": 95
    },
    "QUEUE2 AVG DELAY": {
        "mean": 0.8168103517430821,
        "half_confidence_interval": 0.025438631288128608,
        "stdev": 0.09935973113375789,
        "confidence": 95
    },
    "QUEUE2 AVG NUMBER": {
        "mean": 0.24345663927376957,
        "half_confidence_interval": 0.008241842957000034,
        "stdev": 0.032191484320791164,
        "confidence": 95
    },
    "QUEUE3 AVG WAIT": {
        "mean": 10.79640955460287,
        "half_confidence_interval": 0.18134943148054997,
        "stdev": 0.7083254813939657,
        "confidence": 95
    },
    "QUEUE3 AVG DELAY": {
        "mean": 2.3552753601186454,
        "half_confidence_interval": 0.17134316978063807,
        "stdev": 0.6692424245700226,
        "confidence": 95
    },
    "QUEUE3 AVG NUMBER": {
        "mean": 0.5633326541482244,
        "half_confidence_interval": 0.044976667149175524,
        "stdev": 0.175672562907112,
        "confidence": 95
    },
    "QUEUE4 AVG WAIT": {
        "mean": 0.0,
        "half_confidence_interval": 0.0,
        "stdev": 0.0,
        "confidence": 95
    },
    "QUEUE4 AVG DELAY": {
        "mean": 0.0,
        "half_confidence_interval": 0.0,
        "stdev": 0.0,
        "confidence": 95
    },
    "QUEUE4 AVG NUMBER": {
        "mean": 0.0,
        "half_confidence_interval": 0.0,
        "stdev": 0.0,
        "confidence": 95
    },
    "QUEUE5 AVG WAIT": {
        "mean": 0.0,
        "half_confidence_interval": 0.0,
        "stdev": 0.0,
        "confidence": 95
    },
    "QUEUE5 AVG DELAY": {
        "mean": 0.0,
        "half_confidence_interval": 0.0,
        "stdev": 0.0,
        "confidence": 95
    },
    "QUEUE5 AVG NUMBER": {
        "mean": 0.0,
        "half_confidence_interval": 0.0,
        "stdev": 0.0,
        "confidence": 95
    },
    "QUEUE6 AVG WAIT": {
        "mean": 0.0,
        "half_confidence_interval": 0.0,
        "stdev": 0.0,
        "confidence": 95
    },
    "QUEUE6 AVG DELAY": {
        "mean": 0.0,
        "half_confidence_interval": 0.0,
        "stdev": 0.0,
        "confidence": 95
    },
    "QUEUE6 AVG NUMBER": {
        "mean": 0.0,
        "half_confidence_interval": 0.0,
        "stdev": 0.0,
        "confidence": 95
    },
    "UTILIZATION1": {
        "mean": 0.7397382601484705,
        "half_confidence_interval": 0.0063652573616390625,
        "stdev": 0.024861803800929123,
        "confidence": 95
    },
    "UTILIZATION2": {
        "mean": 0.7421367636087284,
        "half_confidence_interval": 0.005523142340279698,
        "stdev": 0.02157262046562081,
        "confidence": 95
    },
    "UTILIZATION3": {
        "mean": 0.7383751651802531,
        "half_confidence_interval": 0.005931604984785011,
        "stdev": 0.02316801834990758,
        "confidence": 95
    },
    "UTILIZATION4": {
        "mean": 0.740009327427454,
        "half_confidence_interval": 0.005885169018966972,
        "stdev": 0.022986645970774516,
        "confidence": 95
    },
    "UTILIZATION5": {
        "mean": 0.0,
        "half_confidence_interval": 0.0,
        "stdev": 0.0,
        "confidence": 95
    },
    "UTILIZATION6": {
        "mean": 0.0,
        "half_confidence_interval": 0.0,
        "stdev": 0.0,
        "confidence": 95
    }
}