{
    "interarrival": 1.0,
    "servers": 4,
    "seed": 123456789,
    "GLOBAL AVG WAIT": {
        "mean": 3684.7248443631825,
        "half_confidence_interval": 540.4791034465869,
        "stdev": 2111.0356840200097,
        "confidence": 95
    },
    "GLOBAL AVG DELAY": {
        "mean": 3680.5060559434555,
        "half_confidence_interval": 540.4805603370689,
        "stdev": 2111.041374430195,
        "confidence": 95
    },
    "GLOBAL AVG NUMBER": {
        "mean": 3496.748454170853,
        "half_confidence_interval": 513.6832820585661,
        "stdev": 2006.3749584304053,
        "confidence": 95
    },
    "QUEUE1 AVG WAIT": {
        "mean": 2.4352849188308823,
        "half_confidence_interval": 0.01848920792854597,
        "stdev": 0.07221625675724856,
        "confidence": 95
    },
    "QUEUE1 AVG DELAY": {
        "mean": 1.2064976197480348,
        "half_confidence_interval": 0.01786577239512585,
        "stdev": 0.06978120487579134,
        "confidence": 95
    },
    "QUEUE1 AVG NUMBER": {
        "mean": 0.23914078241850434,
        "half_confidence_interval": 0.0040458110336481405,
        "stdev": 0.015802371282014158,
        "confidence": 95
    },
    "QUEUE2 AVG WAIT": {
        "mean": 5.009217675433565,
        "half_confidence_interval": 0.02347419699475884,
        "stdev": 0.09168692590267455,
        "confidence": 95
    },
    "QUEUE2 AVG DELAY": {
        "mean": 2.347796246660378,
        "half_confidence_interval": 0.022546904254250787,
        "stdev": 0.08806505032550217,
        "confidence": 95
    },
    "QUEUE2 AVG NUMBER": {
        "mean": 1.045795168686582,
        "half_confidence_interval": 0.01203713474781313,
        "stdev": 0.0470153625254856,
        "confidence": 95
    },
    "QUEUE3 AVG WAIT": {
        "mean": 11481.755615716758,
        "half_confidence_interval": 1689.63647545929,
        "stdev": 6599.483439730911,
        "confidence": 95
    },
    "QUEUE3 AVG DELAY": {
        "mean": 11473.313485058687,
        "half_confidence_interval": 1689.636836938273,
        "stdev": 6599.484851617193,
        "confidence": 95
    },
    "QUEUE3 AVG NUMBER": {
        "mean": 3491.463518219747,
        "half_confidence_interval": 513.6831982135467,
        "stdev": 2006.3746309435019,
        "confidence": 95
    },
    "QUEUE4 AVG WAIT": {
        "mean": 0.0,
        "half_confidence_interval": 0.0,
        "stdev": 0.0,
        "confidence": 95
    },
    "QUEUE4 AVG DELAY": {
        "mean": 0.0,
        "half_confidence_interval": 0.0,
        "stdev": 0.0,
        "confidence": 95
    },
    "QUEUE4 AVG NUMBER": {
        "mean": 0.0,
        "half_confidence_interval": 0.0,
        "stdev": 0.0,
        "confidence": 95
    },
    "QUEUE5 AVG WAIT": {
        "mean": 0.0,
        "half_confidence_interval": 0.0,
        "stdev": 0.0,
        "confidence": 95
    },
    "QUEUE5 AVG DELAY": {
        "mean": 0.0,
        "half_confidence_interval": 0.0,
        "stdev": 0.0,
        "confidence": 95
    },
    "QUEUE5 AVG NUMBER": {
        "mean": 0.0,
        "half_confidence_interval": 0.0,
        "stdev": 0.0,
        "confidence": 95
    },
    "QUEUE6 AVG WAIT": {
        "mean": 0.0,
        "half_confidence_interval": 0.0,
        "stdev": 0.0,
        "confidence": 95
    },
    "QUEUE6 AVG DELAY": {
        "mean": 0.0,
        "half_confidence_interval": 0.0,
        "stdev": 0.0,
        "confidence": 95
    },
    "QUEUE6 AVG NUMBER": {
        "mean": 0.0,
        "half_confidence_interval": 0.0,
        "stdev": 0.0,
        "confidence": 95
    },
    "UTILIZATION1": {
        "mean": 0.9999759229439922,
        "half_confidence_interval": 0.0006019198387219748,
        "stdev": 0.0023510145912370743,
        "confidence": 95
    },
    "UTILIZATION2": {
        "mean": 0.9999708417014933,
        "half_confidence_interval": 0.0005441750878306128,
        "stdev": 0.0021254716814017856,
        "confidence": 95
    },
    "UTILIZATION3": {
        "mean": 0.999926081939542,
        "half_confidence_interval": 0.0004542901828855411,
        "stdev": 0.0017743938310579466,
        "confidence": 95
    },
    "UTILIZATION4": {
        "mean": 0.9999653277201321,
        "half_confidence_interval": 0.0005403123048426234,
        "stdev": 0.002110384192033055,
        "confidence": 95
    },
    "UTILIZATION5": {
        "mean": 0.0,
        "half_confidence_interval": 0.0,
        "stdev": 0.0,
        "confidence": 95
    },
    "UTILIZATION6": {
        "mean": 0.0,
        "half_confidence_interval": 0.0,
        "stdev": 0.0,
        "confidence": 95
    }
}