{
    "seed": 1096480892,
    "arrival_stream": 0,
    "service_stream": 1,
    "observation_period": 600000.0,
    "interarrivals": 6,
    "batch_size": 2048,
    "k": 48,
    "servers": 1,
    "acquisition_time": [],
    "avg_utilization1": [
        0.7432116481062372,
        0.7109874060842505,
        0.7541888635630727,
        0.7334680537391309,
        0.749210666807802,
        0.7735600770646105,
        0.7241841868569727,
        0.7325413971743187,
        0.7223182346148068,
        0.7439137103761515,
        0.7275849059443001,
        0.7416123429278951,
        0.7136312563266193,
        0.7612444717948655,
        0.7439236516367583,
        0.7085215952225592,
        0.7429573937451311,
        0.7008883317755478,
        0.7162374328648445,
        0.6962425274417564,
        0.7493106250084852,
        0.7327666163000008,
        0.7737466737775783,
        0.7463281711960125,
        0.7571119915265934,
        0.7025964689337152,
        0.7780513585753475,
        0.7450890987605862,
        0.7543213349848787,
        0.7553298276889141,
        0.7383968059875079,
        0.7309133490607466,
        0.7693536452011308,
        0.7485516970858005,
        0.7132975876307689,
        0.72342879602381,
        0.7279483338667926,
        0.7120613820448597,
        0.7516509146917335,
        0.7565087313326163,
        0.7467195392102838,
        0.7377441303346193,
        0.7923349747969523,
        0.7150203140535908,
        0.7249388196543062,
        0.6942321956979097,
        0.751018633759142,
        0.7580943326061518
    ],
    "avg_utilization2": [],
    "avg_utilization3": [],
    "avg_utilization4": [],
    "avg_utilization5": [],
    "avg_utilization6": [],
    "avg_utilization7": [],
    "avg_utilization8": [],
    "avg_utilization9": [],
    "global": {
        "avg_wait": [
            15.755722781326533,
            13.335088796007511,
            14.070705520667312,
            14.225429675776752,
            16.14017113814569,
            17.440858567603556,
            13.939252484878637,
            15.762150551502863,
            14.039649272501343,
            13.596581754727552,
            13.548517040328385,
            12.930618021275222,
            13.461886490710768,
            18.240269876314017,
            14.681290016089562,
            12.326511341350667,
            14.113516823004531,
            11.072024192547858,
            12.91660827019355,
            13.143775181729993,
            13.475416439559808,
            13.245003748304725,
            14.292772738627974,
            15.430641586579611,
            16.31747770426685,
            13.205629886955847,
            16.083715935456382,
            14.815858153098134,
            12.759540598848133,
            16.849427655422062,
            13.394123274395128,
            13.817875302624913,
            14.838785004365292,
            14.760753532085005,
            12.530774502809408,
            12.997834192218278,
            12.443749644652996,
            13.712105256246332,
            14.058036581423721,
            17.146536353992985,
            15.546281474445323,
            14.94895581232538,
            16.670057070374014,
            13.011596982494268,
            13.886493146550208,
            12.285592723474338,
            14.849958645411846,
            13.525480472591823
        ],
        "avg_delay": [
            11.3324074549157,
            8.954059451463749,
            9.55284899329625,
            9.766304965997037,
            11.766525513769757,
            12.982726274429755,
            9.633735964202408,
            11.406651690882192,
            9.708055343131157,
            9.154653974278467,
            9.122963186413664,
            8.476462133033323,
            9.106778270648093,
            13.747796408075288,
            10.256469965604097,
            7.941308059262411,
            9.603614735859821,
            6.827121365128477,
            8.424478758322664,
            8.722951118760747,
            8.9416271532031,
            8.811755876670702,
            9.80278455465384,
            10.974685420325443,
            11.875664293641194,
            8.816047908310878,
            11.636180063835013,
            10.309862020691583,
            8.2650966057343,
            12.311350549133323,
            9.018286714566756,
            9.353826519797252,
            10.312104163389819,
            10.318608772710803,
            8.20383735989978,
            8.598812039621436,
            8.057622495983594,
            9.334957971763544,
            9.494658604299474,
            12.703309115363425,
            11.033656541691755,
            10.45467319804294,
            12.173102019523213,
            8.663699519979104,
            9.444771491116455,
            7.9413654870679125,
            10.400456752164587,
            9.181639569087793
        ],
        "avg_number": [
            2.647298650742193,
            2.1638073586311912,
            2.3492255603116137,
            2.338649025534858,
            2.7657678403427535,
            3.0236901262847815,
            2.3437649451614573,
            2.6537565613636893,
            2.342096347635168,
            2.277093208518811,
            2.2269382963660185,
            2.1527445026451644,
            2.2054704084580594,
            3.092311808162429,
            2.468294474101528,
            1.9912918973959906,
            2.3243118276989447,
            1.8285874756342202,
            2.059590396579354,
            2.0704013698616426,
            2.2262745953589174,
            2.1894571817768256,
            2.462740497654581,
            2.584823153527521,
            2.780214122818792,
            2.114187964095885,
            2.8130873354632113,
            2.4509532736837816,
            2.140354670441191,
            2.806067739950094,
            2.260562433520187,
            2.262446045212213,
            2.521723470580905,
            2.4869729876886177,
            2.064602259032241,
            2.138522517796216,
            2.065910223465816,
            2.2306447521473087,
            2.3122096490748283,
            2.9198288548452793,
            2.5742889846875245,
            2.4551003264416766,
            2.937006587114465,
            2.1384960537680398,
            2.2681816338340393,
            1.962522541156209,
            2.505673398517385,
            2.3616029063191672
        ]
    },