{
    "seed": 1075070608,
    "arrival_stream": 0,
    "service_stream": 1,
    "observation_period": 40000.0,
    "interarrivals": 5.0,
    "batch_size": 0,
    "k": 0,
    "servers": 2,
    "acquisition_time": [
        91.79732630472469,
        114.09983698894526,
        136.47512801696152,
        139.61170097582865,
        151.7327518199477,
        161.22058012142475,
        179.0574126470427,
        189.3462155992385,
        233.73849663186388,
        262.50788398963476,
        292.0897092973517,
        351.90166449730754,
        392.34288739920703,
        469.8579374441469,
        552.3406416053401,
        677.2654420117717,
        825.8178275486322,
        995.9773411652449,
        1242.2766922274495,
        1513.7518678502756,
        1896.4227185152386,
        2177.0821559980377,
        2608.487704795956,
        3173.7693670827125,
        3805.2319569166266,
        4668.1787632370215,
        5566.546304719353,
        6683.635691550295,
        8136.139460148353,
        9588.718952115947,
        11690.613207336093,
        13925.293796832295,
        16814.732467082325,
        20189.585812186782,
        24239.56391005049,
        28882.218853326678,
        34511.23680422827
    ],
    "avg_utilization1": [
        0.06413695423898613,
        0.08534739196620017,
        0.19121460967430484,
        0.19442028203700332,
        0.241028330970454,
        0.2629443452916884,
        0.28904414802637646,
        0.3216326991785914,
        0.34226779887802566,
        0.35284180077133526,
        0.384962810001194,
        0.4147969827800289,
        0.43489618654654366,
        0.4582904307382216,
        0.4860566112125389,
        0.4420428928827799,
        0.4483121262943771,
        0.46362690173463383,
        0.4258630402509816,
        0.43194864098830343,
        0.41598364351867967,
        0.443262027394093,
        0.4388120870299578,
        0.4216651909653478,
        0.4337866661641514,
        0.43181145166180623,
        0.42771954440455245,
        0.42903673670552134,
        0.42299353488840746,
        0.43071997432089937,
        0.4265390884709887,
        0.42554378069317655,
        0.4217149759081922,
        0.42538692791673444,
        0.4278402044369369,
        0.4289036119598852,
        0.43248712588377486
    ],
    "avg_utilization2": [
        0.10674575896458152,
        0.19690168003933406,
        0.2081516102266718,
        0.20347519193638347,
        0.26315486441193714,
        0.34720542234865115,
        0.3703233914765043,
        0.3803348046826859,
        0.38950924851306085,
        0.420921767769983,
        0.4746219170195587,
        0.45638235680377515,
        0.4547041144305952,
        0.46469929540556565,
        0.47648003488322765,
        0.48339285896246625,
        0.4674084558887606,
        0.46982312311894675,
        0.43514159142462167,
        0.42422089217450787,
        0.4091706238299436,
        0.4419162646138107,
        0.43928728117677457,
        0.44024648673299915,
        0.44812172271795847,
        0.43400327555677437,
        0.43388915080397517,
        0.43389394259426234,
        0.4294342878457964,
        0.43807827664156657,
        0.428828421446795,
        0.4309053738087866,
        0.4276623079523155,
        0.4233591556970934,
        0.42220783190690464,
        0.4209008103322644,
        0.4246674063730612
    ],
    "avg_utilization3": [],
    "avg_utilization4": [],
    "avg_utilization5": [],
    "avg_utilization6": [],
    "global": {
        "avg_wait": [
            1.5686576183784593,
            2.6837144255093777,
            3.6813645042503547,
            3.3749569487971893,
            3.649748360489068,
            3.997555451553888,
            4.582323667461841,
            4.346059361207261,
            5.03509338603752,
            4.9044573272650105,
            4.857400479118792,
            4.834385140398492,
            4.920511285991931,
            4.96915948600428,
            5.684707999326716,
            5.508974905643029,
            5.405742818388227,
            5.501692863371246,
            5.185210304692936,
            5.158712973113559,
            5.260326999789276,
            5.727873532999725,
            5.618140844549181,
            5.489423470692702,
            5.647253798265205,
            5.62372154028917,
            5.575081553128193,
            5.551543759361335,
            5.576365161669851,
            5.716791947277312,
            5.607359164265849,
            5.5269102179917375,
            5.469206326993815,
            5.455461880779392,
            5.470611408076746,
            5.417320477653387,
            5.4386849776697
        ],
        "avg_delay": [
            0.0,
            0.0,
            0.13024315696743827,
            0.1072590704437727,
            0.09117020987720678,
            0.30563990981855105,
            0.5309084042795331,
            0.5546734407022197,
            0.9232268536161823,
            0.8420765855440073,
            0.7637497884067509,
            0.6979229576955446,
            0.8620420916131578,
            0.8172203338448454,
            1.3726737069120953,
            1.274071841271628,
            1.1356834693045252,
            1.1741109948156367,
            1.0250509196209903,
            0.937122647309963,
            1.02032407910169,
            1.3964739023201225,
            1.2981600774203572,
            1.2085545117367258,
            1.2513989420766967,
            1.2270746712594929,
            1.2109462497368504,
            1.178902146395627,
            1.2023742362153103,
            1.3299239880519362,
            1.2195703496230093,
            1.1676335594688831,
            1.1162493651738048,
            1.1072685232788495,
            1.1098085078504254,
            1.0885308291231226,
            1.0910272703603145
        ],
        "avg_number": [
            0.17088271320356774,
            0.2822490720055343,
            0.37764465810282694,
            0.4109560139195323,
            0.48107588068000096,
            0.5950935715839394,
            0.7421495954392042,
            0.7804012233009275,
            0.8832042295226947,
            0.9341542914304747,
            0.9811596203009646,
            0.9753899443999906,
            1.0785564978644273,
            1.0893152722769155,
            1.265920034211051,
            1.2038533718969777,
            1.1586289941147698,
            1.1765936145967495,
            1.068533158761345,
            1.0462248908699665,
            1.0207641561255103,
            1.1628959865436335,
            1.141509941617296,
            1.1000400229364151,
            1.1323500635077737,
            1.103498643083846,
            1.1006851091301193,
            1.0955842832449658,
            1.08496002239893,
            1.1321833460854513,
            1.093113877665774,
            1.0855138618077838,
            1.067187122601922,
            1.0640935919320034,
            1.0663821758131944,
            1.0634988698161183,
            1.0722540254926727
        ]
    },