{
    "interarrival": 5,
    "servers": 2,
    "seed": 539458255,
    "GLOBAL AVG WAIT": {
        "mean": 5.592501576908385,
        "half_confidence_interval": 0.04000758674243094,
        "stdev": 0.14805268162984728,
        "confidence": 95
    },
    "GLOBAL AVG DELAY": {
        "mean": 1.1525852985848037,
        "half_confidence_interval": 0.02908045966139077,
        "stdev": 0.10761558960344074,
        "confidence": 95
    },
    "GLOBAL AVG NUMBER": {
        "mean": 1.1200782371511437,
        "half_confidence_interval": 0.0116022500316342,
        "stdev": 0.0429354622457553,
        "confidence": 95
    },
    "QUEUE1 AVG WAIT": {
        "mean": 5.576713794590696,
        "half_confidence_interval": 0.044819975661757466,
        "stdev": 0.1658614809743079,
        "confidence": 95
    },
    "QUEUE1 AVG DELAY": {
        "mean": 1.1413618463341155,
        "half_confidence_interval": 0.030246141682852338,
        "stdev": 0.11192933015260637,
        "confidence": 95
    },
    "QUEUE1 AVG NUMBER": {
        "mean": 0.11473551192897995,
        "half_confidence_interval": 0.0034136750147743854,
        "stdev": 0.01263269747820453,
        "confidence": 95
    },
    "QUEUE2 AVG WAIT": {
        "mean": 5.609463641820373,
        "half_confidence_interval": 0.05099283763932522,
        "stdev": 0.18870486752980242,
        "confidence": 95
    },
    "QUEUE2 AVG DELAY": {
        "mean": 1.164044618893765,
        "half_confidence_interval": 0.033218426620507,
        "stdev": 0.12292861282418692,
        "confidence": 95
    },
    "QUEUE2 AVG NUMBER": {
        "mean": 0.11628325878355762,
        "half_confidence_interval": 0.0035904201933887876,
        "stdev": 0.013286763363944545,
        "confidence": 95
    },
    "QUEUE3 AVG WAIT": {
        "mean": 0.0,
        "half_confidence_interval": 0.0,
        "stdev": 0.0,
        "confidence": 95
    },
    "QUEUE3 AVG DELAY": {
        "mean": 0.0,
        "half_confidence_interval": 0.0,
        "stdev": 0.0,
        "confidence": 95
    },
    "QUEUE3 AVG NUMBER": {
        "mean": 0.0,
        "half_confidence_interval": 0.0,
        "stdev": 0.0,
        "confidence": 95
    },
    "QUEUE4 AVG WAIT": {
        "mean": 0.0,
        "half_confidence_interval": 0.0,
        "stdev": 0.0,
        "confidence": 95
    },
    "QUEUE4 AVG DELAY": {
        "mean": 0.0,
        "half_confidence_interval": 0.0,
        "stdev": 0.0,
        "confidence": 95
    },
    "QUEUE4 AVG NUMBER": {
        "mean": 0.0,
        "half_confidence_interval": 0.0,
        "stdev": 0.0,
        "confidence": 95
    },
    "QUEUE5 AVG WAIT": {
        "mean": 0.0,
        "half_confidence_interval": 0.0,
        "stdev": 0.0,
        "confidence": 95
    },
    "QUEUE5 AVG DELAY": {
        "mean": 0.0,
        "half_confidence_interval": 0.0,
        "stdev": 0.0,
        "confidence": 95
    },
    "QUEUE5 AVG NUMBER": {
        "mean": 0.0,
        "half_confidence_interval": 0.0,
        "stdev": 0.0,
        "confidence": 95
    },
    "QUEUE6 AVG WAIT": {
        "mean": 0.0,
        "half_confidence_interval": 0.0,
        "stdev": 0.0,
        "confidence": 95
    },
    "QUEUE6 AVG DELAY": {
        "mean": 0.0,
        "half_confidence_interval": 0.0,
        "stdev": 0.0,
        "confidence": 95
    },
    "QUEUE6 AVG NUMBER": {
        "mean": 0.0,
        "half_confidence_interval": 0.0,
        "stdev": 0.0,
        "confidence": 95
    },
    "UTILIZATION1": {
        "mean": 0.44532767877155555,
        "half_confidence_interval": 0.0032989906528396546,
        "stdev": 0.012208294790915295,
        "confidence": 95
    },
    "UTILIZATION2": {
        "mean": 0.443724772447897,
        "half_confidence_interval": 0.0037424622788113436,
        "stdev": 0.013849412608757154,
        "confidence": 95
    },
    "UTILIZATION3": {
        "mean": 0.0,
        "half_confidence_interval": 0.0,
        "stdev": 0.0,
        "confidence": 95
    },
    "UTILIZATION4": {
        "mean": 0.0,
        "half_confidence_interval": 0.0,
        "stdev": 0.0,
        "confidence": 95
    },
    "UTILIZATION5": {
        "mean": 0.0,
        "half_confidence_interval": 0.0,
        "stdev": 0.0,
        "confidence": 95
    },
    "UTILIZATION6": {
        "mean": 0.0,
        "half_confidence_interval": 0.0,
        "stdev": 0.0,
        "confidence": 95
    }
}