{
    "seed": 971946931,
    "arrival_stream": 0,
    "service_stream": 1,
    "observation_period": 40000.0,
    "interarrivals": 5.0,
    "batch_size": 0,
    "k": 0,
    "servers": 2,
    "acquisition_time": [
        69.56230262575407,
        80.34807608960863,
        88.43109547268868,
        104.77938981296472,
        111.86911855558489,
        149.3420990818495,
        184.73132596336092,
        204.86000441753208,
        251.4919093015892,
        325.36114762343374,
        361.6283964407946,
        406.7680832458531,
        473.89279163616544,
        562.2817143573792,
        640.6527950508859,
        761.5312310590248,
        911.4632149674841,
        1026.8179226307302,
        1268.4086239848928,
        1541.4485040484792,
        1872.2226058157744,
        2254.738241164055,
        2642.2567856908004,
        3152.6986285994076,
        3704.715719654076,
        4397.839936509259,
        5323.514095439124,
        6349.642758344823,
        7774.2866592356995,
        9349.695157437372,
        11132.891182363075,
        13310.978969426964,
        15939.588735229969,
        19095.74293845806,
        23209.786379639783,
        27798.976709478815,
        33631.03564131699
    ],
    "avg_utilization1": [
        0.34960936882580046,
        0.32776112792907086,
        0.35701337630180113,
        0.36557210704754095,
        0.4053247091917399,
        0.3269156977011093,
        0.3658726764808754,
        0.3825100258193156,
        0.35431131911060404,
        0.3336791449105105,
        0.3307986184752854,
        0.33174236704005716,
        0.39564391340545396,
        0.4338642033605775,
        0.4308989009313807,
        0.42723620627517417,
        0.4334526258557471,
        0.4547788310115625,
        0.42500749059864185,
        0.45551810087929934,
        0.45051220443952433,
        0.45108118141241876,
        0.45406323855552255,
        0.44548419159930114,
        0.4543244104030463,
        0.443980181233828,
        0.4486185584645289,
        0.45293547206832696,
        0.4432322536112802,
        0.4455645607356518,
        0.4518671229425276,
        0.4518732006937778,
        0.4582586395199365,
        0.4625279576129462,
        0.45420340544884047,
        0.4484606707765994,
        0.4440911955481023
    ],
    "avg_utilization2": [
        0.3263571497565348,
        0.3843720512583807,
        0.34923863213665024,
        0.3400526837108888,
        0.33464166572910514,
        0.30034018711644617,
        0.31099742834897515,
        0.3339247853465398,
        0.3130842267650236,
        0.3044612301462762,
        0.32625535495146074,
        0.3729672985673371,
        0.40369211298221236,
        0.4165248933358795,
        0.42005767141897654,
        0.4334161543102685,
        0.438829710730999,
        0.45587226103238787,
        0.42869774178288217,
        0.43747889181632144,
        0.41968659821504234,
        0.43186792036657384,
        0.44272090435899314,
        0.44561713842166045,
        0.4479273679532182,
        0.450227829508879,
        0.45804052126053935,
        0.4586548204013233,
        0.4546439289280957,
        0.45323566022588885,
        0.4562624278129099,
        0.46344027020288725,
        0.45900265053828726,
        0.46248318543936734,
        0.4544032957849196,
        0.45385330542140556,
        0.45111039545382725
    ],
    "avg_utilization3": [],
    "avg_utilization4": [],
    "avg_utilization5": [],
    "avg_utilization6": [],
    "global": {
        "avg_wait": [
            4.702178753050182,
            4.426077918494457,
            4.4610456275713455,
            4.261167126582812,
            4.141175012150591,
            3.904992692497583,
            4.155642613231314,
            4.788687853731187,
            4.625339211025658,
            4.604039306475454,
            4.369618651650904,
            4.420085791099577,
            5.0078063194953595,
            5.42441109551269,
            5.2635660445706876,
            5.378010631885436,
            5.425609766858194,
            5.786754109518756,
            5.4515006744354055,
            5.741388726407465,
            5.548431381787328,
            5.7084899514109155,
            5.753261517350605,
            5.636664830876911,
            5.778415400083859,
            5.6685395060141985,
            5.827802190951092,
            5.745261026372,
            5.741975514970241,
            5.735810161880217,
            5.74565091990638,
            5.820660830118404,
            5.789136751956351,
            5.900547944016527,
            5.813290685765548,
            5.741820864239472,
            5.690562800013118
        ],
        "avg_delay": [
            0.0,
            0.0,
            0.0,
            0.002594948226201034,
            0.002205705992270879,
            0.0018380883268923989,
            0.30661348250852627,
            0.6180445376671228,
            0.5380132679275429,
            0.45151761100896326,
            0.38264204322793494,
            0.3827139611848472,
            0.6677378172314281,
            0.7820980939466041,
            0.8313082677968832,
            0.9495400124902467,
            0.9401923125979859,
            1.4023096325335223,
            1.221629271725433,
            1.2721080176085136,
            1.1354328025361276,
            1.2420975879022262,
            1.2824426741132697,
            1.222067898913308,
            1.3975682882066636,
            1.3770904703987963,
            1.4379673569167621,
            1.3583361300617978,
            1.3324070831563755,
            1.3133764877800571,
            1.3115345494593087,
            1.365919198842831,
            1.3344070088544955,
            1.4150794313359172,
            1.3517287670789486,
            1.3182136660797557,
            1.2662665024949278
        ],
        "avg_number": [
            0.6759665185823354,
            0.6610355543883714,
            0.7062520084384515,
            0.6913558218006015,
            0.7403607118067973,
            0.6275512745309494,
            0.6523724937026135,
            0.7947641487648358,
            0.7540556997586627,
            0.7075275182831716,
            0.7129072356728251,
            0.7715110995529891,
            0.9087948816221959,
            0.993655544136538,
            1.0105608349539337,
            1.0451909797739503,
            1.0536167702260586,
            1.2003867464346565,
            1.1002638631319221,
            1.1434740339218343,
            1.0905875947417392,
            1.1190445580153,
            1.1540243252317433,
            1.1370953125419168,
            1.1900861723003306,
            1.1806664777414357,
            1.2031065369663378,
            1.1934528574580854,
            1.1691808700415862,
            1.1649902284510385,
            1.1761848950083087,
            1.1959681858816105,
            1.191634112942171,
            1.2168344472599695,
            1.1834576174444098,
            1.1711267159390408,
            1.1512755570251312
        ]
    },