{
    "seed": 1033149619,
    "arrival_stream": 0,
    "service_stream": 1,
    "observation_period": 40000.0,
    "interarrivals": 5.0,
    "batch_size": 0,
    "k": 0,
    "servers": 2,
    "acquisition_time": [
        58.43418078194684,
        64.96151626327813,
        68.95678379429434,
        79.70482775334216,
        87.64807895212682,
        104.26291254859694,
        116.4206232412637,
        144.37547400966127,
        170.96907702680693,
        211.97787765086912,
        260.8633153729445,
        296.8407929795624,
        386.31936241723656,
        450.286947032636,
        532.4954869151746,
        659.6566064065444,
        836.0337444996967,
        1094.3069032835915,
        1258.553262660266,
        1496.5673219710843,
        1803.4354230907145,
        2174.4504358797903,
        2577.2636428286246,
        3091.0589622785765,
        3724.4723933647815,
        4504.549601677453,
        5436.003192317562,
        6466.81516688182,
        7648.403530392897,
        9054.16567741335,
        10986.774569813177,
        13130.938536084754,
        15731.882647596783,
        18931.785890370855,
        22952.066564811947,
        27852.701683330604,
        33605.78793082229
    ],
    "avg_utilization1": [
        0.4466815424032973,
        0.6209822986536512,
        0.5850033814444638,
        0.6240944902192916,
        0.5874120975498941,
        0.6536014188275352,
        0.6405572867651793,
        0.5701477268084926,
        0.5374531087343901,
        0.5850064217894907,
        0.586349448484217,
        0.5682839691253428,
        0.600361558100179,
        0.5831100997751237,
        0.5910854098718152,
        0.5800489556805047,
        0.5125755085666088,
        0.4674993113932084,
        0.4910275579923305,
        0.5055879439225007,
        0.4934174339603664,
        0.4839800067863985,
        0.4835671292753488,
        0.47998330841347797,
        0.4752605558160495,
        0.4626358687730236,
        0.4666118546033423,
        0.4715983204878064,
        0.48177276515677214,
        0.4847391448530058,
        0.47320612031165477,
        0.4746887397382613,
        0.4685114390423795,
        0.4695528658709574,
        0.46522949286054355,
        0.45987685688607555,
        0.45307946666991605
    ],
    "avg_utilization2": [
        0.45358982117643537,
        0.40801309969511546,
        0.4637405642380635,
        0.56899189041466,
        0.5897469188096267,
        0.6200911866153688,
        0.635371070163261,
        0.5494941028086929,
        0.5684535329359172,
        0.6093732379179114,
        0.551032688137283,
        0.5335795362856357,
        0.5346121987196553,
        0.5385161067101131,
        0.5475879147813297,
        0.5461753867280215,
        0.5167460604743873,
        0.4499837620965622,
        0.4804751054174036,
        0.4661314680163786,
        0.4554194124449636,
        0.4560667509314996,
        0.46632340837780545,
        0.4712157984208852,
        0.4581270532145333,
        0.45298096427891155,
        0.44852391349768744,
        0.4505333710279883,
        0.4559978175497652,
        0.4683437334276229,
        0.4577789642603204,
        0.46013544071330814,
        0.46145141496727,
        0.4606098908045401,
        0.4549636648414304,
        0.4541444255971876,
        0.44961837540221716
    ],
    "avg_utilization3": [],
    "avg_utilization4": [],
    "avg_utilization5": [],
    "avg_utilization6": [],
    "global": {
        "avg_wait": [
            6.162230018006349,
            8.595638582154658,
            8.877002383964044,
            10.204585096765834,
            10.453894779098544,
            10.176171283610831,
            9.332201061967941,
            8.224565867536334,
            7.742615368087869,
            8.014929956903405,
            8.146033366885323,
            7.197080709051006,
            7.941893793009692,
            7.6541049310049125,
            7.322956405498016,
            7.234056680657634,
            6.851154367119649,
            6.383768757090868,
            6.521597356938474,
            6.303075672543398,
            6.110401940212598,
            6.154035380415932,
            6.2261294907555005,
            6.2185308530460475,
            5.974557744091402,
            5.85860028625834,
            5.766627163933797,
            5.863372953268298,
            5.846045107461061,
            6.030073031446851,
            5.916661301539131,
            5.8801454235011885,
            5.796651598569247,
            5.828472432913117,
            5.78786949080469,
            5.790896528968338,
            5.739941459410849
        ],
        "avg_delay": [
            2.0929361751380364,
            4.11667113287585,
            4.467134923008464,
            5.308453780796793,
            5.497858040646394,
            4.841738781373873,
            4.209981250767577,
            3.5908663609488154,
            3.131009567985722,
            3.072139974073774,
            3.1171981973082445,
            2.590347797763189,
            2.951171141529864,
            2.7506715307133174,
            2.4088374864071134,
            2.2439851809468547,
            2.001702749630426,
            1.6701158887072918,
            1.7478025598620741,
            1.5661261024043622,
            1.4831870656152009,
            1.536144940267391,
            1.61540134833897,
            1.5987712727477472,
            1.4357721897973348,
            1.3559349580779219,
            1.2421848176195613,
            1.345230516920616,
            1.3165643529003033,
            1.4932704983933405,
            1.4291309726374224,
            1.3919849644315834,
            1.3376249341669413,
            1.3585207040091662,
            1.318612126176874,
            1.3010465566475427,
            1.2814064437896056
        ],
        "avg_number": [
            1.0545591528015674,
            1.5878272078474234,
            1.8022597130723443,
            2.1765048810075993,
            2.385424735848104,
            2.3424255551351996,
            2.3246210444709923,
            1.936861100643194,
            1.8567523180921708,
            1.8905109452280013,
            1.8424053530068767,
            1.7214370208807637,
            1.76797471896107,
            1.7508231430842833,
            1.6915141254891788,
            1.6230268572153093,
            1.4504849008288059,
            1.2425606940615044,
            1.326546100915335,
            1.292988429629904,
            1.2468580162102805,
            1.2509292432058985,
            1.2803690609156042,
            1.2794921322438526,
            1.2239552552095567,
            1.1913461581628966,
            1.1658424450743066,
            1.1959192780037313,
            1.2099635392322807,
            1.264733725304328,
            1.2273002436270946,
            1.2247561504519062,
            1.208934386362908,
            1.2123803096931303,
            1.1915128978398475,
            1.178858111954767,
            1.1621379558255103
        ]
    },