{
    "seed": 795428225,
    "arrival_stream": 0,
    "service_stream": 1,
    "observation_period": 20000.0,
    "interarrivals": 2,
    "batch_size": 512,
    "k": 16,
    "servers": 3,
    "acquisition_time": [],
    "avg_utilization1": [
        0.7453260262164372,
        0.7226099385079493,
        0.7623595185058343,
        0.7059833955898509,
        0.7964925935382128,
        0.7394054240584562,
        0.7460918369634566,
        0.7340377497957397,
        0.7127965917813204,
        0.8006473824646104,
        0.804720295499806,
        0.7495193620601374,
        0.6899510618872912,
        0.7709295228961227,
        0.8451190945130616,
        0.798365109509269
    ],
    "avg_utilization2": [
        0.7902700184076235,
        0.6966631612132026,
        0.7903754265078753,
        0.7147301190029053,
        0.8033203536412798,
        0.7424972971570957,
        0.7478139325030382,
        0.7364925202560844,
        0.6903306695846717,
        0.7750064074684745,
        0.8107660964379055,
        0.7426408612026939,
        0.7271611506197447,
        0.7748129436218223,
        0.8240584054677463,
        0.8114855519779742
    ],
    "avg_utilization3": [
        0.7821090914923644,
        0.7115078970235984,
        0.7619314756355642,
        0.7366042177772306,
        0.7888889629936149,
        0.7401280205378705,
        0.7506611815138068,
        0.7248436938791858,
        0.6697686650911452,
        0.7917277835288979,
        0.8152445561869918,
        0.7549580533101203,
        0.7247767738665167,
        0.7405602981231482,
        0.8325540549775268,
        0.8081677531546226
    ],
    "avg_utilization4": [],
    "avg_utilization5": [],
    "avg_utilization6": [],
    "avg_utilization7": [],
    "avg_utilization8": [],
    "avg_utilization9": [],
    "global": {
        "avg_wait": [
            6.611020690819041,
            5.709093445453352,
            6.884950573623602,
            5.940119031935617,
            7.507986194280408,
            6.29378117130447,
            5.895914715583267,
            6.26369696131227,
            5.5533786403265495,
            6.858220804920034,
            8.298760842521226,
            6.455185758524358,
            5.6916496939901045,
            6.401743338572846,
            9.99369480261252,
            6.514548510605849
        ],
        "avg_delay": [
            2.195189455697519,
            1.3844688466911708,
            2.268418146584376,
            1.3044343461648333,
            3.0546019060095837,
            1.8993237643507452,
            1.558096647380049,
            1.8532628046651904,
            1.2541409716197087,
            2.383036275251179,
            3.6503099696573926,
            1.6419695063752329,
            1.414639802112525,
            1.8211204646318357,
            5.301420456346374,
            1.8334459192450403
        ],
        "avg_number": [
            3.4420809070645912,
            1.4483601750741077,
            1.1604269668313105,
            0.7345573277294274,
            0.7551481788178709,
            0.5277736576910701,
            0.42557658999408277,
            0.39476076900398077,
            0.3094919312693454,
            0.345856951596619,
            0.38167928829055836,
            0.27026891954873034,
            0.21990119204057157,
            0.22956636178940187,
            0.33583931930904576,
            0.20548946843167096
        ]
    },
    "q1": {
        "avg_wait": [
            1.794173985235609,
            1.706309294433522,
            2.1830272564359383,
            1.635807760867575,
            2.214088788218311,
            1.9634094116978054,
            2.1023422918823607,
            2.052781854207299,
            1.8558259812709608,
            2.1461075574276522,
            2.2294098744184265,
            2.0442130339457174,
            2.0797118835752886,
            1.9466091619052612,
            2.394174376582849,
            2.1582918694394846
        ],
        "avg_delay": [
            0.5668587413238927,
            0.4957481933699702,
            0.938766675309399,
            0.3924132512937735,
            1.0141757054680416,
            0.7275037113416107,
            0.850745642587735,
            0.8264243247503189,
            0.63135064751112,
            0.9274000669716118,
            0.9915501789288274,
            0.8132879387323941,
            0.8336744174491917,
            0.6765870610066816,
            1.1846545165244606,
            0.9594536442683402
        ],
        "avg_number": [
            0.05245644288666501,
            0.022844599622900252,
            0.03337555104386731,
            0.009003841817958484,
            0.02012210123503219,
            0.013702479582009187,
            0.011753910667469359,
            0.010681338482336225,
            0.007353201928808997,
            0.009682512650370997,
            0.009352320467734064,
            0.006584107702399883,
            0.006542583500485857,
            0.004691361667914193,
            0.007542215661406668,
            0.006029196714867915
        ]
    },
    "q2": {
        "avg_wait": [
            3.9979457450535394,
            3.434614729613564,
            4.126447408667876,
            3.457150199466394,
            4.077733734396802,
            4.11238590431854,
            3.9003950552536386,
            3.909639974247676,
            3.506574996756383,
            4.118904746785737,
            4.130111021906954,
            4.227399266678114,
            3.8363699437112966,
            3.6978321595585593,
            4.259939646850696,
            3.9374928615139275
        ],
        "avg_delay": [
            1.197236309786615,
            0.7150742321395598,
            1.5288687065373323,
            0.796150032734304,
            1.4473411937494771,
            1.476000600831318,
            1.2160266193222373,
            1.1828250254582895,
            0.8846134447736166,
            1.4709374828475668,
            1.4851511574203653,
            1.5543487764838617,
            1.2097277891869518,
            1.0963799226371893,
            1.6482249727254452,
            1.3043643021977607
        ],
        "avg_number": [
            0.30315296742517484,
            0.0843271742592291,
            0.1056906359385292,
            0.0453803150936975,
            0.06397233372230036,
            0.05487550140954059,
            0.039601500204236875,
            0.03305062287818592,
            0.022146416141901985,
            0.03274294502685951,
            0.027615721048418487,
            0.02605671944428312,
            0.020813348885802174,
            0.017200818947586564,
            0.022826243346922938,
            0.017116453843212674
        ]
    },
    "q3": {
        "avg_wait": [
            13.048504239786766,
            10.705417876920254,
            12.469495165308732,
            11.465601984922724,
            14.475468204603686,
            12.169915425590176,
            10.422561722023765,
            11.714758383332494,
            10.519035418639827,
            13.043949115654968,
            15.804364672649182,
            10.748064658446982,
            10.13839415716517,
            11.939875875791966,
            19.509540483125658,
            11.614850526881426
        ],
        "avg_delay": [
            4.501401248370862,
            2.7213027639406464,
            3.809179699716214,
            2.4458547991060247,
            6.106842263607539,
            3.257286495026983,
            2.3686899531232255,
            3.2977484506153463,
            2.1205975193581095,
            4.385434970589237,
            7.2870982304552125,
            2.1227470295693296,
            2.0098639074015106,
            3.2795897152439575,
            11.037452530889226,
            2.858022551116583
        ],