{
    "interarrival": 5.0,
    "servers": 1,
    "seed": 240444876,
    "GLOBAL AVG WAIT": {
        "mean": 21.516190048500345,
        "half_confidence_interval": 1.4426462607763055,
        "stdev": 5.3386786092918435,
        "confidence": 95
    },
    "GLOBAL AVG DELAY": {
        "mean": 17.075520270658934,
        "half_confidence_interval": 1.4322594055039914,
        "stdev": 5.300240855306141,
        "confidence": 95
    },
    "GLOBAL AVG NUMBER": {
        "mean": 4.315328668980914,
        "half_confidence_interval": 0.30562983704190694,
        "stdev": 1.1310184053705339,
        "confidence": 95
    },
    "QUEUE1 AVG WAIT": {
        "mean": 4.6215508794683435,
        "half_confidence_interval": 0.046004642223430016,
        "stdev": 0.1702454760006016,
        "confidence": 95
    },
    "QUEUE1 AVG DELAY": {
        "mean": 3.3929033143363947,
        "half_confidence_interval": 0.04550712942428578,
        "stdev": 0.16840437259857222,
        "confidence": 95
    },
    "QUEUE1 AVG NUMBER": {
        "mean": 0.13435088651442617,
        "half_confidence_interval": 0.002654090132808927,
        "stdev": 0.009821766155990919,
        "confidence": 95
    },
    "QUEUE2 AVG WAIT": {
        "mean": 7.4100471212716,
        "half_confidence_interval": 0.06776259840030752,
        "stdev": 0.25076329827042043,
        "confidence": 95
    },
    "QUEUE2 AVG DELAY": {
        "mean": 4.755156701504714,
        "half_confidence_interval": 0.06860001257532192,
        "stdev": 0.25386224585363565,
        "confidence": 95
    },
    "QUEUE2 AVG NUMBER": {
        "mean": 0.42379837926373287,
        "half_confidence_interval": 0.007858389458535635,
        "stdev": 0.029080875087974137,
        "confidence": 95
    },
    "QUEUE3 AVG WAIT": {
        "mean": 48.36564504766199,
        "half_confidence_interval": 3.7867437460517253,
        "stdev": 14.013281277308701,
        "confidence": 95
    },
    "QUEUE3 AVG DELAY": {
        "mean": 39.90627211940974,
        "half_confidence_interval": 3.780229463895142,
        "stdev": 13.989174426066093,
        "confidence": 95
    },
    "QUEUE3 AVG NUMBER": {
        "mean": 2.869389333924036,
        "half_confidence_interval": 0.29473727315382986,
        "stdev": 1.0907092184196527,
        "confidence": 95
    },
    "QUEUE4 AVG WAIT": {
        "mean": 0.0,
        "half_confidence_interval": 0.0,
        "stdev": 0.0,
        "confidence": 95
    },
    "QUEUE4 AVG DELAY": {
        "mean": 0.0,
        "half_confidence_interval": 0.0,
        "stdev": 0.0,
        "confidence": 95
    },
    "QUEUE4 AVG NUMBER": {
        "mean": 0.0,
        "half_confidence_interval": 0.0,
        "stdev": 0.0,
        "confidence": 95
    },
    "QUEUE5 AVG WAIT": {
        "mean": 0.0,
        "half_confidence_interval": 0.0,
        "stdev": 0.0,
        "confidence": 95
    },
    "QUEUE5 AVG DELAY": {
        "mean": 0.0,
        "half_confidence_interval": 0.0,
        "stdev": 0.0,
        "confidence": 95
    },
    "QUEUE5 AVG NUMBER": {
        "mean": 0.0,
        "half_confidence_interval": 0.0,
        "stdev": 0.0,
        "confidence": 95
    },
    "QUEUE6 AVG WAIT": {
        "mean": 0.0,
        "half_confidence_interval": 0.0,
        "stdev": 0.0,
        "confidence": 95
    },
    "QUEUE6 AVG DELAY": {
        "mean": 0.0,
        "half_confidence_interval": 0.0,
        "stdev": 0.0,
        "confidence": 95
    },
    "QUEUE6 AVG NUMBER": {
        "mean": 0.0,
        "half_confidence_interval": 0.0,
        "stdev": 0.0,
        "confidence": 95
    },
    "UTILIZATION1": {
        "mean": 0.8877894033818536,
        "half_confidence_interval": 0.006653514287796273,
        "stdev": 0.024622095776799326,
        "confidence": 95
    },
    "UTILIZATION2": {
        "mean": 0.0,
        "half_confidence_interval": 0.0,
        "stdev": 0.0,
        "confidence": 95
    },
    "UTILIZATION3": {
        "mean": 0.0,
        "half_confidence_interval": 0.0,
        "stdev": 0.0,
        "confidence": 95
    },
    "UTILIZATION4": {
        "mean": 0.0,
        "half_confidence_interval": 0.0,
        "stdev": 0.0,
        "confidence": 95
    },
    "UTILIZATION5": {
        "mean": 0.0,
        "half_confidence_interval": 0.0,
        "stdev": 0.0,
        "confidence": 95
    },
    "UTILIZATION6": {
        "mean": 0.0,
        "half_confidence_interval": 0.0,
        "stdev": 0.0,
        "confidence": 95
    }
}