{
    "interarrival": 2,
    "servers": 3,
    "seed": 795428225,
    "GLOBAL AVG WAIT": {
        "mean": 6.69629828392576,
        "half_confidence_interval": 0.7009180017369633,
        "stdev": 1.1697983988062521,
        "confidence": 95
    },
    "GLOBAL AVG DELAY": {
        "mean": 2.199231707702871,
        "half_confidence_interval": 0.6514044395095737,
        "stdev": 1.0871626473071343,
        "confidence": 95
    },
    "GLOBAL AVG NUMBER": {
        "mean": 0.5385148306418658,
        "half_confidence_interval": 0.2123043705023126,
        "stdev": 0.35432577285463307,
        "confidence": 95
    },
    "QUEUE1 AVG WAIT": {
        "mean": 2.039558466204926,
        "half_confidence_interval": 0.11899916348341788,
        "stdev": 0.19860387457194426,
        "confidence": 95
    },
    "QUEUE1 AVG DELAY": {
        "mean": 0.8074487379460812,
        "half_confidence_interval": 0.12168751281902153,
        "stdev": 0.20309060018097086,
        "confidence": 95
    },
    "QUEUE1 AVG NUMBER": {
        "mean": 0.012373723287906691,
        "half_confidence_interval": 0.004581671393089432,
        "stdev": 0.007646588967911488,
        "confidence": 95
    },
    "QUEUE2 AVG WAIT": {
        "mean": 3.9139641991580163,
        "half_confidence_interval": 0.1660614849465641,
        "stdev": 0.27714862325191,
        "confidence": 95
    },
    "QUEUE2 AVG DELAY": {
        "mean": 1.2651192826319655,
        "half_confidence_interval": 0.17369004141701577,
        "stdev": 0.2898803167199375,
        "confidence": 95
    },
    "QUEUE2 AVG NUMBER": {
        "mean": 0.042592878310535306,
        "half_confidence_interval": 0.015159382847176576,
        "stdev": 0.025300280114895702,
        "confidence": 95
    },
    "QUEUE3 AVG WAIT": {
        "mean": 12.5090316531554,
        "half_confidence_interval": 1.4890765365020429,
        "stdev": 2.4851970469917357,
        "confidence": 95
    },
    "QUEUE3 AVG DELAY": {
        "mean": 4.017834880617326,
        "half_confidence_interval": 1.4697968208129395,
        "stdev": 2.4530201297394143,
        "confidence": 95
    },
    "QUEUE3 AVG NUMBER": {
        "mean": 0.11042287673395723,
        "half_confidence_interval": 0.04447921588950208,
        "stdev": 0.07423366984262922,
        "confidence": 95
    },
    "UTILIZATION1": {
        "mean": 0.7557616977187035,
        "half_confidence_interval": 0.02529706362372617,
        "stdev": 0.04221958124659503,
        "confidence": 95
    },
    "UTILIZATION2": {
        "mean": 0.7554763817631814,
        "half_confidence_interval": 0.02425432677974903,
        "stdev": 0.04047930365715098,
        "confidence": 95
    },
    "UTILIZATION3": {
        "mean": 0.7531539738889441,
        "half_confidence_interval": 0.024760474736538092,
        "stdev": 0.041324040228252916,
        "confidence": 95
    },
    "UTILIZATION4": {
        "mean": 0.0,
        "half_confidence_interval": 0.0,
        "stdev": 0.0,
        "confidence": 95
    },
    "UTILIZATION5": {
        "mean": 0.0,
        "half_confidence_interval": 0.0,
        "stdev": 0.0,
        "confidence": 95
    },
    "UTILIZATION6": {
        "mean": 0.0,
        "half_confidence_interval": 0.0,
        "stdev": 0.0,
        "confidence": 95
    }
}