{
    "seed": 389530602,
    "arrival_stream": 0,
    "service_stream": 1,
    "observation_period": 40000.0,
    "interarrivals": 5.0,
    "batch_size": 0,
    "k": 0,
    "servers": 2,
    "acquisition_time": [
        69.46547842838426,
        74.65157280503281,
        76.35748128740227,
        88.03261186066126,
        93.12993048447481,
        112.5847791232413,
        129.4188263399393,
        160.33306407383986,
        179.54575024518084,
        222.35340613061987,
        259.6741404749347,
        300.34571006462045,
        389.37384896844196,
        472.35729293599985,
        556.9692219460086,
        725.8596877210878,
        898.7544425873051,
        1076.9118882786045,
        1215.539569292464,
        1487.872276758472,
        1843.483798899137,
        2237.9048598669374,
        2733.610002010868,
        3211.861747784943,
        3860.0812550078235,
        4594.131055483055,
        5514.0855726923855,
        6626.407555836624,
        7885.11053785242,
        9440.49467239599,
        11262.09091379928,
        13604.303621814262,
        16317.911301031918,
        19609.27684190915,
        23557.07100916939,
        28105.526987357498,
        33876.451499258124
    ],
    "avg_utilization1": [
        0.5289182030020646,
        0.5312925650043472,
        0.5194229161110138,
        0.5580896236100181,
        0.5429079626153095,
        0.53515943634113,
        0.5510309702624694,
        0.5587512854528855,
        0.5614982533005112,
        0.5892708253469741,
        0.621781388160633,
        0.5911826579813252,
        0.511326538873766,
        0.5070298437392248,
        0.5029231630674988,
        0.47747524736882624,
        0.44064739377603535,
        0.44055764639528633,
        0.4602585556571735,
        0.45064315243345715,
        0.42509804544484814,
        0.4192266994770927,
        0.43328332928544677,
        0.43380256792261135,
        0.44050138254063353,
        0.43169171011633223,
        0.4302506336964905,
        0.4346386279740654,
        0.44804786837554417,
        0.44588632889222496,
        0.449370897418066,
        0.4496173169395243,
        0.44979457402810874,
        0.4538545984908686,
        0.45867672274940363,
        0.45871031261894013,
        0.4509632914783566
    ],
    "avg_utilization2": [
        0.5211633536897545,
        0.4849577891406373,
        0.5906205532547836,
        0.615603368168104,
        0.5819092969160189,
        0.48135434285247136,
        0.549135811311222,
        0.5530457288077225,
        0.6269335251646321,
        0.6162313000380246,
        0.6563258933348532,
        0.6022168433954024,
        0.5123270586900951,
        0.5161624017568526,
        0.5084175569666131,
        0.45474518973210226,
        0.45291085270346576,
        0.4700290457398973,
        0.5026999131758941,
        0.4782104860308329,
        0.4552385932986361,
        0.43950671109152484,
        0.43362977879767906,
        0.4443258948032081,
        0.44594409314689576,
        0.4422992384345531,
        0.43342161965976245,
        0.43324425011605294,
        0.4431104692987203,
        0.4426509327457605,
        0.45083342841328533,
        0.44279148903963883,
        0.44035446409436413,
        0.4447672387725588,
        0.44389942427894014,
        0.4481207736351914,
        0.4453822403449198
    ],
    "avg_utilization3": [],
    "avg_utilization4": [],
    "avg_utilization5": [],
    "avg_utilization6": [],
    "global": {
        "avg_wait": [
            8.693419202212894,
            9.30419190096385,
            8.253583342077764,
            8.21940299166245,
            7.448673500594275,
            6.610970672093263,
            6.555052238734806,
            6.717292598790382,
            6.85702042728733,
            6.89796917275861,
            8.348358064189064,
            7.615881910109517,
            6.65452030665345,
            6.62406267926756,
            6.260911280319051,
            6.076033513540826,
            5.789675330470317,
            5.710492879057511,
            5.802949986437825,
            5.591605941835068,
            5.397803972993566,
            5.259629453461488,
            5.456030681087545,
            5.461623656161022,
            5.480239389170865,
            5.323982913420466,
            5.223032659172645,
            5.359977200995226,
            5.594806979266474,
            5.553433507567327,
            5.601442727135427,
            5.518546268121391,
            5.504968544103353,
            5.583401099171306,
            5.642741025550879,
            5.63325197814921,
            5.589804806790722
        ],
        "avg_delay": [
            2.3635648969984393,
            3.1649642505103794,
            2.747687001350581,
            2.565216877007691,
            2.210965841199771,
            1.8424715343331424,
            1.747529457343345,
            1.7003261098516922,
            1.875981839399948,
            1.8419945830882005,
            2.816962959150587,
            2.5692604496704057,
            2.1211336270534744,
            1.974364172371486,
            1.7315414521542056,
            1.5039981394780173,
            1.2760775708312502,
            1.1260127314842028,
            1.2311511153183454,
            1.0899265351990648,
            0.9880836716413173,
            0.9119223808665533,
            0.9926839404222662,
            1.0275518403218311,
            0.9959410702470508,
            0.9444358751194528,
            0.8896725938710639,
            1.0021720390734945,
            1.155841723871424,
            1.1375046155351556,
            1.1529945440353704,
            1.0808721359249343,
            1.0778508821767172,
            1.1089813131527664,
            1.1428361817986863,
            1.138196322471947,
            1.1274334556135919
        ],
        "avg_number": [
            1.2514733071586648,
            1.4956188947708149,
            1.5132789196407475,
            1.5872509960221017,
            1.5996304221092494,
            1.4092783888358211,
            1.468847464463867,
            1.4244594505702897,
            1.5658284149575772,
            1.5511273905798522,
            1.8968123852698338,
            1.8003507208457756,
            1.469766775268412,
            1.4444118174269436,
            1.3826474733892824,
            1.2388798761195028,
            1.1402141507564227,
            1.129465647541051,
            1.2221364355853825,
            1.1537435376397078,
            1.0775206504379562,
            1.0388092273807406,
            1.0578305825809977,
            1.0814888429472311,
            1.0832473146809174,
            1.0615213823455836,
            1.0409908980843017,
            1.0669144432393876,
            1.1232029539297996,
            1.1170993254947514,
            1.1335095829762856,
            1.1094448097372867,
            1.1068697126733924,
            1.1212771233636127,
            1.131802478132785,
            1.1364504472900863,
            1.1226982231665255
        ]
    },