{
    "interarrival": 1.5,
    "servers": 3,
    "seed": 721410750,
    "GLOBAL AVG WAIT": {
        "mean": 44.82594884854081,
        "half_confidence_interval": 8.336992876774874,
        "stdev": 32.56312658169529,
        "confidence": 95
    },
    "GLOBAL AVG DELAY": {
        "mean": 40.38600171436651,
        "half_confidence_interval": 8.335672623633927,
        "stdev": 32.55796985782807,
        "confidence": 95
    },
    "GLOBAL AVG NUMBER": {
        "mean": 30.080351990620812,
        "half_confidence_interval": 5.687164421376473,
        "stdev": 22.213267743109377,
        "confidence": 95
    },
    "QUEUE1 AVG WAIT": {
        "mean": 2.7829800568393255,
        "half_confidence_interval": 0.034255531644005036,
        "stdev": 0.1337973091178312,
        "confidence": 95
    },
    "QUEUE1 AVG DELAY": {
        "mean": 1.553792905737487,
        "half_confidence_interval": 0.03408965153349579,
        "stdev": 0.13314940463767436,
        "confidence": 95
    },
    "QUEUE1 AVG NUMBER": {
        "mean": 0.205720110894647,
        "half_confidence_interval": 0.005248901322066999,
        "stdev": 0.020501473455908154,
        "confidence": 95
    },
    "QUEUE2 AVG WAIT": {
        "mean": 5.344174932860875,
        "half_confidence_interval": 0.04692157758117772,
        "stdev": 0.1832691106700084,
        "confidence": 95
    },
    "QUEUE2 AVG DELAY": {
        "mean": 2.691777992948395,
        "half_confidence_interval": 0.04646704287957858,
        "stdev": 0.18149376178309995,
        "confidence": 95
    },
    "QUEUE2 AVG NUMBER": {
        "mean": 0.7991527596961591,
        "half_confidence_interval": 0.016790732146421614,
        "stdev": 0.06558224822362789,
        "confidence": 95
    },
    "QUEUE3 AVG WAIT": {
        "mean": 117.0569783222528,
        "half_confidence_interval": 23.363577635423944,
        "stdev": 91.25486217734223,
        "confidence": 95
    },
    "QUEUE3 AVG DELAY": {
        "mean": 108.61402004211149,
        "half_confidence_interval": 23.363171352015428,
        "stdev": 91.25327529124851,
        "confidence": 95
    },
    "QUEUE3 AVG NUMBER": {
        "mean": 26.111593125161463,
        "half_confidence_interval": 5.672034808098356,
        "stdev": 22.154173592545824,
        "confidence": 95
    },
    "QUEUE4 AVG WAIT": {
        "mean": 0.0,
        "half_confidence_interval": 0.0,
        "stdev": 0.0,
        "confidence": 95
    },
    "QUEUE4 AVG DELAY": {
        "mean": 0.0,
        "half_confidence_interval": 0.0,
        "stdev": 0.0,
        "confidence": 95
    },
    "QUEUE4 AVG NUMBER": {
        "mean": 0.0,
        "half_confidence_interval": 0.0,
        "stdev": 0.0,
        "confidence": 95
    },
    "QUEUE5 AVG WAIT": {
        "mean": 0.0,
        "half_confidence_interval": 0.0,
        "stdev": 0.0,
        "confidence": 95
    },
    "QUEUE5 AVG DELAY": {
        "mean": 0.0,
        "half_confidence_interval": 0.0,
        "stdev": 0.0,
        "confidence": 95
    },
    "QUEUE5 AVG NUMBER": {
        "mean": 0.0,
        "half_confidence_interval": 0.0,
        "stdev": 0.0,
        "confidence": 95
    },
    "QUEUE6 AVG WAIT": {
        "mean": 0.0,
        "half_confidence_interval": 0.0,
        "stdev": 0.0,
        "confidence": 95
    },
    "QUEUE6 AVG DELAY": {
        "mean": 0.0,
        "half_confidence_interval": 0.0,
        "stdev": 0.0,
        "confidence": 95
    },
    "QUEUE6 AVG NUMBER": {
        "mean": 0.0,
        "half_confidence_interval": 0.0,
        "stdev": 0.0,
        "confidence": 95
    },
    "UTILIZATION1": {
        "mean": 0.9880352869450391,
        "half_confidence_interval": 0.003833792041955634,
        "stdev": 0.014974254793701016,
        "confidence": 95
    },
    "UTILIZATION2": {
        "mean": 0.987851246820146,
        "half_confidence_interval": 0.003978345651170399,
        "stdev": 0.015538860946575915,
        "confidence": 95
    },
    "UTILIZATION3": {
        "mean": 0.9879977370298321,
        "half_confidence_interval": 0.0039798747509971755,
        "stdev": 0.015544833396349033,
        "confidence": 95
    },
    "UTILIZATION4": {
        "mean": 0.0,
        "half_confidence_interval": 0.0,
        "stdev": 0.0,
        "confidence": 95
    },
    "UTILIZATION5": {
        "mean": 0.0,
        "half_confidence_interval": 0.0,
        "stdev": 0.0,
        "confidence": 95
    },
    "UTILIZATION6": {
        "mean": 0.0,
        "half_confidence_interval": 0.0,
        "stdev": 0.0,
        "confidence": 95
    }
}