{
    "interarrival": 2,
    "servers": 3,
    "seed": 301167789,
    "GLOBAL AVG WAIT": {
        "mean": 14.727374665509922,
        "half_confidence_interval": 0.5501118419085735,
        "stdev": 2.1486598113885074,
        "confidence": 95
    },
    "GLOBAL AVG DELAY": {
        "mean": 10.284858847343116,
        "half_confidence_interval": 0.5298638018801172,
        "stdev": 2.0695738027732618,
        "confidence": 95
    },
    "GLOBAL AVG NUMBER": {
        "mean": 0.4402779307697287,
        "half_confidence_interval": 0.1522190738129577,
        "stdev": 0.5945463840479193,
        "confidence": 95
    },
    "QUEUE1 AVG WAIT": {
        "mean": 0.0,
        "half_confidence_interval": 0.0,
        "stdev": 0.0,
        "confidence": 95
    },
    "QUEUE1 AVG DELAY": {
        "mean": 0.0,
        "half_confidence_interval": 0.0,
        "stdev": 0.0,
        "confidence": 95
    },
    "QUEUE1 AVG NUMBER": {
        "mean": 0.0,
        "half_confidence_interval": 0.0,
        "stdev": 0.0,
        "confidence": 95
    },
    "QUEUE2 AVG WAIT": {
        "mean": 0.0,
        "half_confidence_interval": 0.0,
        "stdev": 0.0,
        "confidence": 95
    },
    "QUEUE2 AVG DELAY": {
        "mean": 0.0,
        "half_confidence_interval": 0.0,
        "stdev": 0.0,
        "confidence": 95
    },
    "QUEUE2 AVG NUMBER": {
        "mean": 0.0,
        "half_confidence_interval": 0.0,
        "stdev": 0.0,
        "confidence": 95
    },
    "QUEUE3 AVG WAIT": {
        "mean": 0.0,
        "half_confidence_interval": 0.0,
        "stdev": 0.0,
        "confidence": 95
    },
    "QUEUE3 AVG DELAY": {
        "mean": 0.0,
        "half_confidence_interval": 0.0,
        "stdev": 0.0,
        "confidence": 95
    },
    "QUEUE3 AVG NUMBER": {
        "mean": 0.0,
        "half_confidence_interval": 0.0,
        "stdev": 0.0,
        "confidence": 95
    },
    "UTILIZATION1": {
        "mean": 0.7255175534308794,
        "half_confidence_interval": 0.010936848879351415,
        "stdev": 0.042717800018195855,
        "confidence": 95
    },
    "UTILIZATION2": {
        "mean": 0.7326747460613046,
        "half_confidence_interval": 0.012709622148198641,
        "stdev": 0.04964200412960076,
        "confidence": 95
    },
    "UTILIZATION3": {
        "mean": 0.756970938755126,
        "half_confidence_interval": 0.013462195931141396,
        "stdev": 0.05258145192789494,
        "confidence": 95
    },
    "UTILIZATION4": {
        "mean": 0.0,
        "half_confidence_interval": 0.0,
        "stdev": 0.0,
        "confidence": 95
    },
    "UTILIZATION5": {
        "mean": 0.0,
        "half_confidence_interval": 0.0,
        "stdev": 0.0,
        "confidence": 95
    },
    "UTILIZATION6": {
        "mean": 0.0,
        "half_confidence_interval": 0.0,
        "stdev": 0.0,
        "confidence": 95
    }
}