{
    "seed": 870405149,
    "arrival_stream": 0,
    "service_stream": 1,
    "observation_period": 84000.0,
    "interarrivals": 1,
    "batch_size": 1000,
    "k": 25,
    "servers": 6,
    "acquisition_time": [],
    "avg_utilization1": [
        0.7584163577217982,
        0.7475942728074391,
        0.7717814575830587,
        0.7389423738818728,
        0.7113199009389268,
        0.7414777091605612,
        0.798355146328158,
        0.7677965276351658,
        0.7572373669620909,
        0.7221496754472423,
        0.7422162005619818,
        0.750129589312005,
        0.761814026990066,
        0.6953834383163012,
        0.710531915903299,
        0.7049185266496663,
        0.6851198603776594,
        0.7811369154283583,
        0.7164349198911008,
        0.7526313651662703,
        0.8156383389011854,
        0.7323276622428614,
        0.7749373094687285,
        0.7809999982757267,
        0.8108888983364898
    ],
    "avg_utilization2": [
        0.7507256002910068,
        0.7725032856406474,
        0.7687129221563732,
        0.7406092155240913,
        0.7091019790991756,
        0.7454107336508693,
        0.7704890285518035,
        0.7086889190602755,
        0.7903836384967479,
        0.7274719344830749,
        0.7322920563194725,
        0.7790514855077934,
        0.7544823170782362,
        0.7182263097660719,
        0.6806928915809322,
        0.7434823375534013,
        0.7285872073909331,
        0.7461230299048731,
        0.720257759611075,
        0.742964663995694,
        0.8046051818332525,
        0.7634074087426169,
        0.7496986117636869,
        0.7442062487534519,
        0.8297508968710752
    ],
    "avg_utilization3": [
        0.7389658036734903,
        0.778170819330403,
        0.7332430955317355,
        0.741690193061545,
        0.7019124613919444,
        0.7789636212386383,
        0.8073628343985241,
        0.7399765613586435,
        0.7627558914406296,
        0.699899276524104,
        0.748823600262531,
        0.7523396673438676,
        0.7695344218354225,
        0.6949709414536824,
        0.7013364004826276,
        0.7475882775014521,
        0.7201981354355674,
        0.7681807427587957,
        0.7114206482908388,
        0.7518984128437944,
        0.7840775334421618,
        0.7357400226293678,
        0.7528493780719299,
        0.762998552901093,
        0.789871328021672
    ],
    "avg_utilization4": [
        0.7351163541211712,
        0.7791393463807994,
        0.7666925787715483,
        0.7444284857260629,
        0.720288115153789,
        0.755499683524705,
        0.7680626837965602,
        0.7263923430678598,
        0.7638477654048315,
        0.7155805435340962,
        0.7433291842188017,
        0.7409564280153521,
        0.7724577121502225,
        0.7107209476598129,
        0.6778518146979865,
        0.7048938853680524,
        0.7080150753454049,
        0.7617608168132408,
        0.7142909257671873,
        0.7506073991507567,
        0.8083834813933666,
        0.743528678686757,
        0.7847448782151726,
        0.7554194606759047,
        0.8302885355811681
    ],
    "avg_utilization5": [
        0.7468625234879847,
        0.7726005874121695,
        0.7745024320739772,
        0.7783198283408171,
        0.7103234776957421,
        0.7479094063832239,
        0.7991267963056876,
        0.7400215252320884,
        0.7736396580167122,
        0.7209821518416445,
        0.7336520675829185,
        0.7546018766567395,
        0.7462476492199167,
        0.684263741035326,
        0.6910154066182341,
        0.7057279610979986,
        0.7278235852574866,
        0.7516591781784449,
        0.7093286257180248,
        0.7321458624004938,
        0.7932270495647937,
        0.7441785964620279,
        0.7602624675567237,
        0.7524156439123273,
        0.8076719490631651
    ],
    "avg_utilization6": [
        0.7075695627721748,
        0.7472168311110309,
        0.7364099504689374,
        0.7667139475013476,
        0.7214131923119007,
        0.7514528874440604,
        0.7935283822766495,
        0.75619076441957,
        0.7545933916542603,
        0.7111345198920893,
        0.7459651162266397,
        0.7381603854880505,
        0.7664196228739193,
        0.709267409569658,
        0.685593285379888,
        0.7106271764614553,
        0.705361463351527,
        0.755939071136777,
        0.726863948071397,
        0.7502762771169809,
        0.7678481907848638,
        0.7487789217889911,
        0.8050814637565494,
        0.7555706730955516,
        0.8185237508717772
    ],
    "global": {
        "avg_wait": [
            5.514526792001907,
            5.285700045126513,
            5.3144692825195765,
            4.933951610058053,
            5.012067855346356,
            5.174166780796811,
            5.695613805999276,
            5.014466523658538,
            5.381776403732046,
            4.880626401638328,
            5.2377113416883825,
            5.240619775947873,
            5.864285723178573,
            4.874342032048386,
            4.760536249938876,
            4.963873936117246,
            4.85920116461756,
            5.378107388721656,
            4.926066744020991,
            4.994655096674414,
            5.418152829261253,
            5.7791995907573,
            5.607314790823384,
            5.228260242205626,
            5.423696623205236
        ],
        "avg_delay": [
            0.9224024924540873,
            0.8107817192819421,
            0.7730674118191305,
            0.5722623151528337,
            0.787352525770405,
            0.8006239371937518,
            0.978727988843586,
            0.6581775330662059,
            0.7051190855678506,
            0.5263048768592216,
            0.8931175288732939,
            0.7351103307142912,
            1.2690065693307298,
            0.6100660860505177,
            0.44008149464070445,
            0.6214704114294655,
            0.5434669401753944,
            0.8968270042257755,
            0.46494927686029763,
            0.559556664055759,
            0.8291916344194724,
            1.3395250472320477,
            1.082134610422807,
            0.6512157448757024,
            0.8762146247150704
        ],
        "avg_number": [
            5.318920859508758,
            5.404884871466232,
            5.346749536271264,
            5.11569745037687,
            5.064614202080318,
            5.3430788999235395,
            5.691820308986435,
            5.119787601639533,
            5.310456674385453,
            4.804661152381452,
            5.36404280105504,
            5.257028204104007,
            5.84661869726748,
            4.802516751401789,
            4.587104448038994,
            4.914639501552488,
            4.814965778223548,
            5.49014340860506,
            4.748239926457364,
            5.006954543540393,
            5.662078381889925,
            5.837466019517455,
            5.7178306157653545,
            5.201168977974522,
            5.829625652058944
        ]
    },
    "q1": {
        "avg_wait": [
            1.5104230163314554,
            1.5562930194636533,
            1.519726001270119,
            1.5474164180543872,
            1.5253847353153982,
            1.5800669207407143,
            1.5913638239755625,
            1.6162877414641965,
            1.5899667705156142,
            1.4626133584638306,
            1.5157911142490383,
            1.5841794498122161,
            1.5340230931954946,
            1.4922268983356852,
            1.443238207676984,
            1.4831577319345477,
            1.4328028450859176,
            1.546138152035119,
            1.533188535767984,
            1.5081904455516972,
            1.591330745694597,
            1.543657332146514,
            1.5969517769000376,
            1.4843564629737611,
            1.6087591121710738
        ],