{
    "interarrival": 1,
    "servers": 6,
    "seed": 870405149,
    "GLOBAL AVG WAIT": {
        "mean": 5.209789809342477,
        "half_confidence_interval": 0.13531725679419174,
        "stdev": 0.30604293178162023,
        "confidence": 95
    },
    "GLOBAL AVG DELAY": {
        "mean": 0.7629624668200516,
        "half_confidence_interval": 0.10210579253030697,
        "stdev": 0.2309295712769896,
        "confidence": 95
    },
    "GLOBAL AVG NUMBER": {
        "mean": 5.237067337082806,
        "half_confidence_interval": 0.15753716505601031,
        "stdev": 0.3562970237538534,
        "confidence": 95
    },
    "QUEUE1 AVG WAIT": {
        "mean": 1.533841373070568,
        "half_confidence_interval": 0.022135685702554014,
        "stdev": 0.050063608366740904,
        "confidence": 95
    },
    "QUEUE1 AVG DELAY": {
        "mean": 0.3050787952945699,
        "half_confidence_interval": 0.021967848053196994,
        "stdev": 0.04968401505034164,
        "confidence": 95
    },
    "QUEUE1 AVG NUMBER": {
        "mean": 0.060879243866719744,
        "half_confidence_interval": 0.004806876874263078,
        "stdev": 0.010871567501181326,
        "confidence": 95
    },
    "QUEUE2 AVG WAIT": {
        "mean": 3.1581768811383384,
        "half_confidence_interval": 0.06281347797283872,
        "stdev": 0.1420633362635011,
        "confidence": 95
    },
    "QUEUE2 AVG DELAY": {
        "mean": 0.4940500562953715,
        "half_confidence_interval": 0.05657418605081442,
        "stdev": 0.1279521191335093,
        "confidence": 95
    },
    "QUEUE2 AVG NUMBER": {
        "mean": 0.2197754049095378,
        "half_confidence_interval": 0.025448360424782636,
        "stdev": 0.0575557842210864,
        "confidence": 95
    },
    "QUEUE3 AVG WAIT": {
        "mean": 9.773446369964152,
        "half_confidence_interval": 0.22532429137604354,
        "stdev": 0.5096091094960798,
        "confidence": 95
    },
    "QUEUE3 AVG DELAY": {
        "mean": 1.3435195514895928,
        "half_confidence_interval": 0.2087072806165893,
        "stdev": 0.4720269207143133,
        "confidence": 95
    },
    "QUEUE3 AVG NUMBER": {
        "mean": 0.48796157221399694,
        "half_confidence_interval": 0.08071978019680802,
        "stdev": 0.1825614764107416,
        "confidence": 95
    },
    "UTILIZATION1": {
        "mean": 0.7461249781839011,
        "half_confidence_interval": 0.014459655276215278,
        "stdev": 0.03270296337750209,
        "confidence": 95
    },
    "UTILIZATION2": {
        "mean": 0.745280398541937,
        "half_confidence_interval": 0.012378469918053348,
        "stdev": 0.02799600963278061,
        "confidence": 95
    },
    "UTILIZATION3": {
        "mean": 0.7454752821534479,
        "half_confidence_interval": 0.013015687729072198,
        "stdev": 0.02943718581154605,
        "confidence": 95
    },
    "UTILIZATION4": {
        "mean": 0.7442127058051421,
        "half_confidence_interval": 0.013308863762978159,
        "stdev": 0.03010025314730466,
        "confidence": 95
    },
    "UTILIZATION5": {
        "mean": 0.7436511119375444,
        "half_confidence_interval": 0.013367502646404041,
        "stdev": 0.030232874929812064,
        "confidence": 95
    },
    "UTILIZATION6": {
        "mean": 0.7439307335731343,
        "half_confidence_interval": 0.012245091285067821,
        "stdev": 0.027694351227615044,
        "confidence": 95
    }
}