{
    "interarrival": 2.5,
    "servers": 3,
    "seed": 1986787328,
    "GLOBAL AVG WAIT": {
        "mean": 5.902091379164044,
        "half_confidence_interval": 0.06468423039288591,
        "stdev": 0.25264754489485736,
        "confidence": 95
    },
    "GLOBAL AVG DELAY": {
        "mean": 1.4584661945347268,
        "half_confidence_interval": 0.053557177331243794,
        "stdev": 0.20918683397870996,
        "confidence": 95
    },
    "GLOBAL AVG NUMBER": {
        "mean": 2.355130309178008,
        "half_confidence_interval": 0.03435314306007333,
        "stdev": 0.13417856563852526,
        "confidence": 95
    },
    "QUEUE1 AVG WAIT": {
        "mean": 5.88028465782454,
        "half_confidence_interval": 0.07823490755351704,
        "stdev": 0.3055745921133522,
        "confidence": 95
    },
    "QUEUE1 AVG DELAY": {
        "mean": 1.417282184749882,
        "half_confidence_interval": 0.056631279383561654,
        "stdev": 0.2211938460673901,
        "confidence": 95
    },
    "QUEUE1 AVG NUMBER": {
        "mean": 0.18318155241252493,
        "half_confidence_interval": 0.007793100621875625,
        "stdev": 0.03043875960611269,
        "confidence": 95
    },
    "QUEUE2 AVG WAIT": {
        "mean": 6.008470123198418,
        "half_confidence_interval": 0.07620717098634561,
        "stdev": 0.29765453706627637,
        "confidence": 95
    },
    "QUEUE2 AVG DELAY": {
        "mean": 1.56531621735226,
        "half_confidence_interval": 0.058440292998860006,
        "stdev": 0.22825959989657632,
        "confidence": 95
    },
    "QUEUE2 AVG NUMBER": {
        "mean": 0.21851941622828566,
        "half_confidence_interval": 0.008636163007566268,
        "stdev": 0.033731643213820696,
        "confidence": 95
    },
    "QUEUE3 AVG WAIT": {
        "mean": 5.815991092834583,
        "half_confidence_interval": 0.07726403500478513,
        "stdev": 0.301782499908605,
        "confidence": 95
    },
    "QUEUE3 AVG DELAY": {
        "mean": 1.3867785590240742,
        "half_confidence_interval": 0.05622346137377578,
        "stdev": 0.2196009660360364,
        "confidence": 95
    },
    "QUEUE3 AVG NUMBER": {
        "mean": 0.18092919017239875,
        "half_confidence_interval": 0.008016025692308094,
        "stdev": 0.031309473710588925,
        "confidence": 95
    },
    "QUEUE4 AVG WAIT": {
        "mean": 0.0,
        "half_confidence_interval": 0.0,
        "stdev": 0.0,
        "confidence": 95
    },
    "QUEUE4 AVG DELAY": {
        "mean": 0.0,
        "half_confidence_interval": 0.0,
        "stdev": 0.0,
        "confidence": 95
    },
    "QUEUE4 AVG NUMBER": {
        "mean": 0.0,
        "half_confidence_interval": 0.0,
        "stdev": 0.0,
        "confidence": 95
    },
    "QUEUE5 AVG WAIT": {
        "mean": 0.0,
        "half_confidence_interval": 0.0,
        "stdev": 0.0,
        "confidence": 95
    },
    "QUEUE5 AVG DELAY": {
        "mean": 0.0,
        "half_confidence_interval": 0.0,
        "stdev": 0.0,
        "confidence": 95
    },
    "QUEUE5 AVG NUMBER": {
        "mean": 0.0,
        "half_confidence_interval": 0.0,
        "stdev": 0.0,
        "confidence": 95
    },
    "QUEUE6 AVG WAIT": {
        "mean": 0.0,
        "half_confidence_interval": 0.0,
        "stdev": 0.0,
        "confidence": 95
    },
    "QUEUE6 AVG DELAY": {
        "mean": 0.0,
        "half_confidence_interval": 0.0,
        "stdev": 0.0,
        "confidence": 95
    },
    "QUEUE6 AVG NUMBER": {
        "mean": 0.0,
        "half_confidence_interval": 0.0,
        "stdev": 0.0,
        "confidence": 95
    },
    "UTILIZATION1": {
        "mean": 0.5760629662152544,
        "half_confidence_interval": 0.0054393916646118656,
        "stdev": 0.021245502055735697,
        "confidence": 95
    },
    "UTILIZATION2": {
        "mean": 0.6195706002106298,
        "half_confidence_interval": 0.004722977519961996,
        "stdev": 0.018447288740459932,
        "confidence": 95
    },
    "UTILIZATION3": {
        "mean": 0.5768556026012458,
        "half_confidence_interval": 0.005454039018063839,
        "stdev": 0.021302712566958773,
        "confidence": 95
    },
    "UTILIZATION4": {
        "mean": 0.0,
        "half_confidence_interval": 0.0,
        "stdev": 0.0,
        "confidence": 95
    },
    "UTILIZATION5": {
        "mean": 0.0,
        "half_confidence_interval": 0.0,
        "stdev": 0.0,
        "confidence": 95
    },
    "UTILIZATION6": {
        "mean": 0.0,
        "half_confidence_interval": 0.0,
        "stdev": 0.0,
        "confidence": 95
    }
}