{
    "GLOBAL AVG WAIT": {
        "mean": 6.22329160757058,
        "half_confidence_interval": 0.2576563430282034,
        "stdev": 0.48616576056309935,
        "confidence": 95
    },
    "GLOBAL AVG DELAY": {
        "mean": 1.7662051491441135,
        "half_confidence_interval": 0.21687050565603694,
        "stdev": 0.4092079127057628,
        "confidence": 95
    },
    "GLOBAL AVG NUMBER": {
        "mean": 0.45368941379525973,
        "half_confidence_interval": 0.17806031873501788,
        "stdev": 0.335977873730988,
        "confidence": 95
    },
    "QUEUE1 AVG WAIT": {
        "mean": 2.047001000353262,
        "half_confidence_interval": 0.11612370296592746,
        "stdev": 0.21911111408444495,
        "confidence": 95
    },
    "QUEUE1 AVG DELAY": {
        "mean": 0.814910496013657,
        "half_confidence_interval": 0.11435945586887544,
        "stdev": 0.21578219727347536,
        "confidence": 95
    },
    "QUEUE1 AVG NUMBER": {
        "mean": 0.012645875140008606,
        "half_confidence_interval": 0.006010604265879123,
        "stdev": 0.011341269382392308,
        "confidence": 95
    },
    "QUEUE2 AVG WAIT": {
        "mean": 3.8668748567390376,
        "half_confidence_interval": 0.1364550653385282,
        "stdev": 0.2574738888370054,
        "confidence": 95
    },
    "QUEUE2 AVG DELAY": {
        "mean": 1.1922995486044616,
        "half_confidence_interval": 0.12323069194353345,
        "stdev": 0.23252112627744254,
        "confidence": 95
    },
    "QUEUE2 AVG NUMBER": {
        "mean": 0.03851744940459891,
        "half_confidence_interval": 0.015390342177497037,
        "stdev": 0.029039678674746137,
        "confidence": 95
    },
    "QUEUE3 AVG WAIT": {
        "mean": 11.446143990183995,
        "half_confidence_interval": 0.4865299934882001,
        "stdev": 0.9180221280058268,
        "confidence": 95
    },
    "QUEUE3 AVG DELAY": {
        "mean": 2.9917968347372743,
        "half_confidence_interval": 0.44445006785754565,
        "stdev": 0.8386224951140938,
        "confidence": 95
    },
    "QUEUE3 AVG NUMBER": {
        "mean": 0.07649530393470286,
        "half_confidence_interval": 0.032145379205059464,
        "stdev": 0.060654368319224,
        "confidence": 95
    },
    "UTILIZATION1": {
        "mean": 0.750461890220815,
        "half_confidence_interval": 0.016866908635658436,
        "stdev": 0.031825777579656156,
        "confidence": 95
    },
    "UTILIZATION2": {
        "mean": 0.7540736659472409,
        "half_confidence_interval": 0.01871910509292459,
        "stdev": 0.03532064399270818,
        "confidence": 95
    },
    "UTILIZATION3": {
        "mean": 0.7516643529052685,
        "half_confidence_interval": 0.015851921885311555,
        "stdev": 0.02991062268905893,
        "confidence": 95
    },
    "UTILIZATION4": {
        "mean": 0.0,
        "half_confidence_interval": 0.0,
        "stdev": 0.0,
        "confidence": 95
    },
    "UTILIZATION5": {
        "mean": 0.0,
        "half_confidence_interval": 0.0,
        "stdev": 0.0,
        "confidence": 95
    },
    "UTILIZATION6": {
        "mean": 0.0,
        "half_confidence_interval": 0.0,
        "stdev": 0.0,
        "confidence": 95
    }
}