{
    "seed": 2128701907,
    "arrival_stream": 0,
    "service_stream": 1,
    "observation_period": 40000.0,
    "interarrivals": 5.0,
    "batch_size": 0,
    "k": 0,
    "servers": 2,
    "acquisition_time": [
        40.202304245478615,
        45.49098183773904,
        55.00628091662156,
        71.00266331896678,
        88.26860500387981,
        102.44422020715712,
        124.7484241806801,
        156.98910967734892,
        192.25337540113935,
        254.120481813918,
        288.0484537066688,
        348.96625718664126,
        429.9668425847044,
        534.8494690660285,
        617.1756462501344,
        732.4073599224498,
        905.2657691359041,
        1077.0599065421504,
        1288.4665362786964,
        1489.7391755485985,
        1811.9835530213516,
        2161.046098986169,
        2582.0890571269547,
        3155.6411189897094,
        3745.965699741169,
        4573.134034706322,
        5506.857932540546,
        6625.29212587489,
        7960.837839280967,
        9621.100315373184,
        11703.813290632988,
        14062.163622438444,
        16754.958123221637,
        20074.508539275383,
        24159.348487076637,
        28839.462457115835,
        34634.18872035061
    ],
    "avg_utilization1": [
        0.9113456702379582,
        0.805394705227294,
        0.7855700230074272,
        0.6640976324836242,
        0.5767838143140357,
        0.6488153965532892,
        0.687010646922499,
        0.679492254197032,
        0.6221109907756136,
        0.6335230380480737,
        0.6136816220775535,
        0.5578463002352725,
        0.5255201289610901,
        0.5026900667941151,
        0.4986957652437541,
        0.49815485419278344,
        0.48129017853722794,
        0.47150049446558623,
        0.48036042520585626,
        0.4811378864885371,
        0.4702663906750074,
        0.4780525387018119,
        0.49079193791334913,
        0.4768650059037739,
        0.4809333046904591,
        0.4682317316348824,
        0.45900913251707925,
        0.4440599963018008,
        0.4439214758448549,
        0.43765444255641006,
        0.43586986623501484,
        0.43719224987951166,
        0.4381436301568905,
        0.44115609514713783,
        0.4450566383748756,
        0.44530526836256873,
        0.4439517285039935
    ],
    "avg_utilization2": [
        0.580152169306745,
        0.5411572891871695,
        0.4475448258552367,
        0.47861175531532274,
        0.4778620535288182,
        0.6321999102527016,
        0.5562748043190789,
        0.507083014633681,
        0.4886031531658913,
        0.44537836365976124,
        0.44816999575826943,
        0.49007906646358707,
        0.47616238990970483,
        0.4689172274389485,
        0.4635850918708487,
        0.4621632945407306,
        0.4605261412248641,
        0.4380810088609453,
        0.4249695985791961,
        0.44796137343563375,
        0.4377708515810232,
        0.44306169335174184,
        0.45440167611145754,
        0.45441176435879027,
        0.4542958343860184,
        0.4428957700690619,
        0.42583919630077827,
        0.4203068194592171,
        0.4215419967071888,
        0.4280072280586539,
        0.42561047755161546,
        0.42944541890908033,
        0.43884566819138193,
        0.4405911180890325,
        0.4427199571227804,
        0.4422620648869776,
        0.441214619350361
    ],
    "avg_utilization3": [],
    "avg_utilization4": [],
    "avg_utilization5": [],
    "avg_utilization6": [],
    "global": {
        "avg_wait": [
            6.352899257529004,
            5.8426660468483265,
            5.477505858549807,
            5.2936135396477395,
            5.168265056504973,
            5.61360546765007,
            6.589188230629616,
            6.634039011015126,
            6.415380743224986,
            6.2919158383294675,
            6.193427234945371,
            5.870073569522098,
            5.764580662491546,
            5.83330738093936,
            5.550494261129295,
            5.47345129371939,
            5.51571400911984,
            5.417131112902658,
            5.481958201312781,
            5.40223364251671,
            5.359246111760777,
            5.358565463770919,
            5.590485540824142,
            5.613819420286551,
            5.727875958288887,
            5.660651234530448,
            5.462533615124657,
            5.333868635716071,
            5.300822873497008,
            5.335801924753689,
            5.401492196732808,
            5.441211907673876,
            5.542045022301896,
            5.555565199448102,
            5.618278749448313,
            5.581886399653641,
            5.576124345409142
        ],
        "avg_delay": [
            0.8856020240700272,
            0.7380016867250228,
            0.6325728743357337,
            0.520942367100016,
            0.5242200184393773,
            0.802606715728921,
            1.3535054172749357,
            1.1920509980547422,
            1.2071235900898323,
            1.0686932675801042,
            1.0092794962414138,
            0.893233693093316,
            0.8239921164231565,
            0.8230465071767132,
            0.7902903213404933,
            0.7747959569314464,
            0.6987983306216614,
            0.8214744345493474,
            0.9253666390649811,
            0.9250374174601821,
            0.8881902734488412,
            0.8550127083411119,
            0.9856287716925722,
            1.0183192367076592,
            1.136347417818445,
            1.1128026354400529,
            1.0297580008607874,
            0.9921835270511516,
            0.9567291827137618,
            0.9500105755377404,
            0.9773565682865362,
            0.9853432788351906,
            1.0665061551494248,
            1.060827542327794,
            1.0789974480095084,
            1.0674305292104864,
            1.0703897274650966
        ],
        "avg_number": [
            1.5802326201845727,
            1.5412283870297878,
            1.3941150127189372,
            1.2674373885066978,
            1.1710313211085197,
            1.315120862369444,
            1.531774528963169,
            1.4367705303768512,
            1.368145604327661,
            1.23797888966242,
            1.2685789566289103,
            1.1943138193248315,
            1.153005041026177,
            1.123364039766075,
            1.1061855701321828,
            1.1060385733374434,
            1.078447250409229,
            1.0712950320030417,
            1.0891872315048774,
            1.1132725482914756,
            1.0884218931454763,
            1.0959904724373513,
            1.1475039284406503,
            1.131430671826624,
            1.1666869657873258,
            1.1338299930592064,
            1.0901542252520777,
            1.0618962299085724,
            1.0540602356376685,
            1.0531734960622565,
            1.0517940102655463,
            1.0582805723965465,
            1.085257843346744,
            1.0898307030841183,
            1.098803103293266,
            1.0974301595634288,
            1.095447921488941
        ]
    },