{
    "seed": 1830455606,
    "arrival_stream": 0,
    "service_stream": 1,
    "observation_period": 20000.0,
    "interarrivals": 2,
    "batch_size": 512,
    "k": 38,
    "servers": 3,
    "acquisition_time": [],
    "avg_utilization1": [
        0.679845046620313,
        0.7300072622995314,
        0.755515783065683,
        0.7860519576809267,
        0.7644596403528876,
        0.7341225850448243,
        0.7116049978559792,
        0.7261465846900307,
        0.7305485818812739,
        0.6331143152112897,
        0.6530471791679493,
        0.7628218015572303,
        0.7112859302005743,
        0.6955249285523621,
        0.6953674765711177,
        0.7265189028737438,
        0.7294479552924157,
        0.7688303290209157,
        0.6760330252436126
    ],
    "avg_utilization2": [
        0.6939389774742385,
        0.757525849945185,
        0.7784116278967838,
        0.7672726489356675,
        0.7584457430822911,
        0.7319603007849769,
        0.6946539503435805,
        0.7176604993370639,
        0.7365225115927685,
        0.6610288276496067,
        0.699489031764707,
        0.7609414626072745,
        0.745044293338104,
        0.7218531403762428,
        0.7083324773100577,
        0.7265702793541247,
        0.7586919160620439,
        0.788426948283804,
        0.6834156377429527
    ],
    "avg_utilization3": [
        0.7313456105391932,
        0.7009879167855386,
        0.7439842857013006,
        0.8038907229509373,
        0.7618519101929898,
        0.744015518135718,
        0.7173932780044633,
        0.74289275639963,
        0.6997326684990662,
        0.6385064370021388,
        0.6853460508714339,
        0.753741799511148,
        0.7029726849594897,
        0.7137663084864967,
        0.6825922596290607,
        0.7140485653653994,
        0.7502747983174192,
        0.7579729077561642,
        0.6955959711748855
    ],
    "avg_utilization4": [],
    "avg_utilization5": [],
    "avg_utilization6": [],
    "avg_utilization7": [],
    "avg_utilization8": [],
    "avg_utilization9": [],
    "global": {
        "avg_wait": [
            5.552344002663259,
            5.330568318306346,
            5.87802778480251,
            6.554722507784016,
            6.242487689221193,
            5.7619212491045655,
            6.079636694853686,
            5.405408837193333,
            5.685342413979516,
            5.071896314504915,
            6.377440782186579,
            6.955646696073874,
            5.963014707033732,
            6.359278440373377,
            5.384719422470688,
            6.422078764115337,
            6.647649714079165,
            6.676432175137755,
            5.819250816871893
        ],
        "avg_delay": [
            1.4420395302173563,
            1.0344062306959627,
            1.5623610416300555,
            1.7236537271607455,
            1.7317707001645566,
            1.3823354543723507,
            1.617329018182149,
            1.2829538067611406,
            1.3389652897599618,
            0.8012155959923284,
            1.7911930379902685,
            2.588688409693546,
            1.6424342210478322,
            2.053787252107675,
            1.2513494535444565,
            2.039014302978405,
            2.1769255373452765,
            2.240525938138404,
            1.401309274145838
        ],
        "avg_number": [
            2.8279241539811952,
            1.3612359958824283,
            1.0102887219355077,
            0.8326496560270463,
            0.6346299562214256,
            0.48760371654413354,
            0.43675289508349774,
            0.3420475778745544,
            0.319251677805526,
            0.25328536297169674,
            0.28635356733686,
            0.287455141629433,
            0.22762025815720102,
            0.2253397774222469,
            0.17832516966785958,
            0.1992912933808387,
            0.19432859230043542,
            0.18477097575420787,
            0.15202769804079252
        ]
    },
    "q1": {
        "avg_wait": [
            1.810455073891693,
            1.6994634649022378,
            1.9356435155451397,
            2.1811794603334698,
            2.157926501004386,
            1.8534018085274107,
            1.9808460968305026,
            1.9449474762464836,
            1.9896703389884243,
            1.7907302611727172,
            2.056541772416451,
            2.307524017675074,
            2.062058827927426,
            1.8780777785181315,
            1.8922980203397874,
            1.856430055087263,
            2.2428873262973705,
            2.045671691904268,
            1.8274633049447049
        ],
        "avg_delay": [
            0.6078315529903473,
            0.500049870150352,
            0.7170475828856758,
            0.9664027631782101,
            0.9021502251917164,
            0.6381079967827065,
            0.7218600597359048,
            0.7133787611708875,
            0.7634033235833005,
            0.5518805724727827,
            0.8413951442900559,
            1.0954593134198756,
            0.8308397317686859,
            0.645944252826501,
            0.6470211636899796,
            0.6591430860452534,
            1.0182757415274795,
            0.8046647769785704,
            0.5878063019293526
        ],
        "avg_number": [
            0.06227903811715578,
            0.023194564224880736,
            0.027200089244174143,
            0.023737304064051428,
            0.015405302326055892,
            0.009914065155363121,
            0.011343817727688731,
            0.009786584836887997,
            0.008456331921860129,
            0.005813512722384294,
            0.008116688680884726,
            0.008753748246895171,
            0.006689845414745062,
            0.004917538658899917,
            0.0043105761064294425,
            0.004114903574222354,
            0.006046406669941905,
            0.004349449983199696,
            0.0028793280845458677
        ]
    },
    "q2": {
        "avg_wait": [
            3.6982650659959466,
            3.370544583925615,
            4.021804604115315,
            3.869331007027492,
            3.661304656765764,
            3.640738314336838,
            3.7640335779163214,
            3.8061716275838786,
            3.4812220121515027,
            3.2495510236371894,
            3.9024323742487637,
            4.54983901654746,
            3.8166225380397565,
            3.708688572477009,
            3.522734563498217,
            3.6930625013465184,
            3.8365553521774425,
            4.0783166463710945,
            3.7627270511698683
        ],
        "avg_delay": [
            0.9462226523557314,
            0.7716851973141492,
            1.304585099483586,
            1.1867318832310916,
            1.062575383390738,
            0.9297074915332455,
            1.103250645460048,
            1.0733198860338566,
            0.8945315215961563,
            0.6250396090027172,
            1.2284439642014562,
            1.8511325608587716,
            1.1487877959739368,
            1.0246879987932545,
            0.9537403990480209,
            1.0065331641904163,
            1.2585600460502737,
            1.4313754184228,
            1.0842622457763809
        ],
        "avg_number": [
            0.23908288520338217,
            0.09468152117082727,
            0.09634717916696212,
            0.05712054936818636,
            0.051480468353916294,
            0.03657236247417384,
            0.03250735909940186,
            0.03130611598846234,
            0.023055264672411452,
            0.014021844329161804,
            0.0228390173245871,
            0.03586008936160915,
            0.019613286200892262,
            0.01624004361198173,
            0.014496983597702275,
            0.014092330045777233,
            0.01552123621701403,
            0.017872482660422923,
            0.01327795706268189
        ]
    },