{
    "GLOBAL AVG WAIT": {
        "mean": 6.046839559483565,
        "half_confidence_interval": 0.2812926315205889,
        "stdev": 0.5307645235383683,
        "confidence": 95
    },
    "GLOBAL AVG DELAY": {
        "mean": 1.6622887657391243,
        "half_confidence_interval": 0.23776398047511263,
        "stdev": 0.4486313243588189,
        "confidence": 95
    },
    "GLOBAL AVG NUMBER": {
        "mean": 0.4388959021173469,
        "half_confidence_interval": 0.1732751663000536,
        "stdev": 0.3269488809042904,
        "confidence": 95
    },
    "QUEUE1 AVG WAIT": {
        "mean": 1.9926646125715615,
        "half_confidence_interval": 0.08427650295716635,
        "stdev": 0.15901937315505632,
        "confidence": 95
    },
    "QUEUE1 AVG DELAY": {
        "mean": 0.7657073156292906,
        "half_confidence_interval": 0.08353079332440684,
        "stdev": 0.1576123109942382,
        "confidence": 95
    },
    "QUEUE1 AVG NUMBER": {
        "mean": 0.010714748797562632,
        "half_confidence_interval": 0.003763789248288429,
        "stdev": 0.0071018063867073706,
        "confidence": 95
    },
    "QUEUE2 AVG WAIT": {
        "mean": 3.7631148807156576,
        "half_confidence_interval": 0.1528645669086265,
        "stdev": 0.28843659566396274,
        "confidence": 95
    },
    "QUEUE2 AVG DELAY": {
        "mean": 1.1090992979167362,
        "half_confidence_interval": 0.14130526509614716,
        "stdev": 0.2666256179438168,
        "confidence": 95
    },
    "QUEUE2 AVG NUMBER": {
        "mean": 0.03491930197902882,
        "half_confidence_interval": 0.013455959639581388,
        "stdev": 0.025389737257768098,
        "confidence": 95
    },
    "QUEUE3 AVG WAIT": {
        "mean": 11.236312860577952,
        "half_confidence_interval": 0.559471651705401,
        "stdev": 1.0556540462699833,
        "confidence": 95
    },
    "QUEUE3 AVG DELAY": {
        "mean": 2.8705503250036952,
        "half_confidence_interval": 0.5054672038962199,
        "stdev": 0.9537543098444498,
        "confidence": 95
    },
    "QUEUE3 AVG NUMBER": {
        "mean": 0.06674742505964074,
        "half_confidence_interval": 0.02151365707187515,
        "stdev": 0.04059361912039947,
        "confidence": 95
    },
    "UTILIZATION1": {
        "mean": 0.7243774241952197,
        "half_confidence_interval": 0.02050884622146922,
        "stdev": 0.03869766489870899,
        "confidence": 95
    },
    "UTILIZATION2": {
        "mean": 0.7360489122743695,
        "half_confidence_interval": 0.017140424370076256,
        "stdev": 0.032341868056942245,
        "confidence": 95
    },
    "UTILIZATION3": {
        "mean": 0.7243512275628466,
        "half_confidence_interval": 0.01992346060789683,
        "stdev": 0.03759311440055197,
        "confidence": 95
    },
    "UTILIZATION4": {
        "mean": 0.0,
        "half_confidence_interval": 0.0,
        "stdev": 0.0,
        "confidence": 95
    },
    "UTILIZATION5": {
        "mean": 0.0,
        "half_confidence_interval": 0.0,
        "stdev": 0.0,
        "confidence": 95
    },
    "UTILIZATION6": {
        "mean": 0.0,
        "half_confidence_interval": 0.0,
        "stdev": 0.0,
        "confidence": 95
    }
}