{
    "interarrival": 5,
    "servers": 2,
    "seed": 1035076358,
    "GLOBAL AVG WAIT": {
        "mean": 5.599121638257193,
        "half_confidence_interval": 0.05221685566897656,
        "stdev": 0.1932344871946888,
        "confidence": 95
    },
    "GLOBAL AVG DELAY": {
        "mean": 1.1703295918313799,
        "half_confidence_interval": 0.03710326442694078,
        "stdev": 0.13730490246750937,
        "confidence": 95
    },
    "GLOBAL AVG NUMBER": {
        "mean": 1.1197541693989876,
        "half_confidence_interval": 0.013886731874568035,
        "stdev": 0.05138945036452226,
        "confidence": 95
    },
    "QUEUE1 AVG WAIT": {
        "mean": 5.586379657631425,
        "half_confidence_interval": 0.058456484578705045,
        "stdev": 0.21632495247088285,
        "confidence": 95
    },
    "QUEUE1 AVG DELAY": {
        "mean": 1.1625074676622826,
        "half_confidence_interval": 0.039884270922177806,
        "stdev": 0.14759633723713494,
        "confidence": 95
    },
    "QUEUE1 AVG NUMBER": {
        "mean": 0.11630565021995579,
        "half_confidence_interval": 0.0043781208652964665,
        "stdev": 0.016201740404383706,
        "confidence": 95
    },
    "QUEUE2 AVG WAIT": {
        "mean": 5.613363034754284,
        "half_confidence_interval": 0.060202030528414975,
        "stdev": 0.22278454625809288,
        "confidence": 95
    },
    "QUEUE2 AVG DELAY": {
        "mean": 1.178615686492992,
        "half_confidence_interval": 0.03901251106886154,
        "stdev": 0.14437028951644523,
        "confidence": 95
    },
    "QUEUE2 AVG NUMBER": {
        "mean": 0.11795189010708768,
        "half_confidence_interval": 0.004138799217235738,
        "stdev": 0.015316103087752284,
        "confidence": 95
    },
    "QUEUE3 AVG WAIT": {
        "mean": 0.0,
        "half_confidence_interval": 0.0,
        "stdev": 0.0,
        "confidence": 95
    },
    "QUEUE3 AVG DELAY": {
        "mean": 0.0,
        "half_confidence_interval": 0.0,
        "stdev": 0.0,
        "confidence": 95
    },
    "QUEUE3 AVG NUMBER": {
        "mean": 0.0,
        "half_confidence_interval": 0.0,
        "stdev": 0.0,
        "confidence": 95
    },
    "QUEUE4 AVG WAIT": {
        "mean": 0.0,
        "half_confidence_interval": 0.0,
        "stdev": 0.0,
        "confidence": 95
    },
    "QUEUE4 AVG DELAY": {
        "mean": 0.0,
        "half_confidence_interval": 0.0,
        "stdev": 0.0,
        "confidence": 95
    },
    "QUEUE4 AVG NUMBER": {
        "mean": 0.0,
        "half_confidence_interval": 0.0,
        "stdev": 0.0,
        "confidence": 95
    },
    "QUEUE5 AVG WAIT": {
        "mean": 0.0,
        "half_confidence_interval": 0.0,
        "stdev": 0.0,
        "confidence": 95
    },
    "QUEUE5 AVG DELAY": {
        "mean": 0.0,
        "half_confidence_interval": 0.0,
        "stdev": 0.0,
        "confidence": 95
    },
    "QUEUE5 AVG NUMBER": {
        "mean": 0.0,
        "half_confidence_interval": 0.0,
        "stdev": 0.0,
        "confidence": 95
    },
    "QUEUE6 AVG WAIT": {
        "mean": 0.0,
        "half_confidence_interval": 0.0,
        "stdev": 0.0,
        "confidence": 95
    },
    "QUEUE6 AVG DELAY": {
        "mean": 0.0,
        "half_confidence_interval": 0.0,
        "stdev": 0.0,
        "confidence": 95
    },
    "QUEUE6 AVG NUMBER": {
        "mean": 0.0,
        "half_confidence_interval": 0.0,
        "stdev": 0.0,
        "confidence": 95
    },
    "UTILIZATION1": {
        "mean": 0.4420697494322944,
        "half_confidence_interval": 0.004027757220141025,
        "stdev": 0.014905179390973291,
        "confidence": 95
    },
    "UTILIZATION2": {
        "mean": 0.44345208684370646,
        "half_confidence_interval": 0.0035100294730575922,
        "stdev": 0.012989268246335624,
        "confidence": 95
    },
    "UTILIZATION3": {
        "mean": 0.0,
        "half_confidence_interval": 0.0,
        "stdev": 0.0,
        "confidence": 95
    },
    "UTILIZATION4": {
        "mean": 0.0,
        "half_confidence_interval": 0.0,
        "stdev": 0.0,
        "confidence": 95
    },
    "UTILIZATION5": {
        "mean": 0.0,
        "half_confidence_interval": 0.0,
        "stdev": 0.0,
        "confidence": 95
    },
    "UTILIZATION6": {
        "mean": 0.0,
        "half_confidence_interval": 0.0,
        "stdev": 0.0,
        "confidence": 95
    }
}