{
    "interarrival": 2.0,
    "servers": 3,
    "seed": 1159258546,
    "GLOBAL AVG WAIT": {
        "mean": 6.2779579821060025,
        "half_confidence_interval": 0.09076104927420951,
        "stdev": 0.3544999473895286,
        "confidence": 95
    },
    "GLOBAL AVG DELAY": {
        "mean": 1.8519291632976997,
        "half_confidence_interval": 0.08382164202226036,
        "stdev": 0.3273955945266809,
        "confidence": 95
    },
    "GLOBAL AVG NUMBER": {
        "mean": 3.1395686038990496,
        "half_confidence_interval": 0.05593640727865932,
        "stdev": 0.21847977294240772,
        "confidence": 95
    },
    "QUEUE1 AVG WAIT": {
        "mean": 2.0202495471546897,
        "half_confidence_interval": 0.021725077040883105,
        "stdev": 0.08485510832690397,
        "confidence": 95
    },
    "QUEUE1 AVG DELAY": {
        "mean": 0.7906836921245811,
        "half_confidence_interval": 0.021211855604027652,
        "stdev": 0.08285053727115556,
        "confidence": 95
    },
    "QUEUE1 AVG NUMBER": {
        "mean": 0.08023467511163171,
        "half_confidence_interval": 0.002553345231388857,
        "stdev": 0.009973008878070148,
        "confidence": 95
    },
    "QUEUE2 AVG WAIT": {
        "mean": 3.823957905542343,
        "half_confidence_interval": 0.03594458615125118,
        "stdev": 0.14039451947122614,
        "confidence": 95
    },
    "QUEUE2 AVG DELAY": {
        "mean": 1.173285498892793,
        "half_confidence_interval": 0.03341313634055036,
        "stdev": 0.13050703103991207,
        "confidence": 95
    },
    "QUEUE2 AVG NUMBER": {
        "mean": 0.259006757442,
        "half_confidence_interval": 0.008223260385234467,
        "stdev": 0.032118903397962105,
        "confidence": 95
    },
    "QUEUE3 AVG WAIT": {
        "mean": 11.743983825210844,
        "half_confidence_interval": 0.20556889083236668,
        "stdev": 0.8029232976893925,
        "confidence": 95
    },
    "QUEUE3 AVG DELAY": {
        "mean": 3.295731678979008,
        "half_confidence_interval": 0.20449447771875673,
        "stdev": 0.7987267905390771,
        "confidence": 95
    },
    "QUEUE3 AVG NUMBER": {
        "mean": 0.5882943495582927,
        "half_confidence_interval": 0.038811287623160794,
        "stdev": 0.15159145393926138,
        "confidence": 95
    },
    "QUEUE4 AVG WAIT": {
        "mean": 0.0,
        "half_confidence_interval": 0.0,
        "stdev": 0.0,
        "confidence": 95
    },
    "QUEUE4 AVG DELAY": {
        "mean": 0.0,
        "half_confidence_interval": 0.0,
        "stdev": 0.0,
        "confidence": 95
    },
    "QUEUE4 AVG NUMBER": {
        "mean": 0.0,
        "half_confidence_interval": 0.0,
        "stdev": 0.0,
        "confidence": 95
    },
    "QUEUE5 AVG WAIT": {
        "mean": 0.0,
        "half_confidence_interval": 0.0,
        "stdev": 0.0,
        "confidence": 95
    },
    "QUEUE5 AVG DELAY": {
        "mean": 0.0,
        "half_confidence_interval": 0.0,
        "stdev": 0.0,
        "confidence": 95
    },
    "QUEUE5 AVG NUMBER": {
        "mean": 0.0,
        "half_confidence_interval": 0.0,
        "stdev": 0.0,
        "confidence": 95
    },
    "QUEUE6 AVG WAIT": {
        "mean": 0.0,
        "half_confidence_interval": 0.0,
        "stdev": 0.0,
        "confidence": 95
    },
    "QUEUE6 AVG DELAY": {
        "mean": 0.0,
        "half_confidence_interval": 0.0,
        "stdev": 0.0,
        "confidence": 95
    },
    "QUEUE6 AVG NUMBER": {
        "mean": 0.0,
        "half_confidence_interval": 0.0,
        "stdev": 0.0,
        "confidence": 95
    },
    "UTILIZATION1": {
        "mean": 0.7383280161145324,
        "half_confidence_interval": 0.005350915240599167,
        "stdev": 0.020899925534656097,
        "confidence": 95
    },
    "UTILIZATION2": {
        "mean": 0.7355039653101291,
        "half_confidence_interval": 0.005413924764721385,
        "stdev": 0.021146031911400166,
        "confidence": 95
    },
    "UTILIZATION3": {
        "mean": 0.7382683722115021,
        "half_confidence_interval": 0.004900521866069521,
        "stdev": 0.019140752091288675,
        "confidence": 95
    },
    "UTILIZATION4": {
        "mean": 0.0,
        "half_confidence_interval": 0.0,
        "stdev": 0.0,
        "confidence": 95
    },
    "UTILIZATION5": {
        "mean": 0.0,
        "half_confidence_interval": 0.0,
        "stdev": 0.0,
        "confidence": 95
    },
    "UTILIZATION6": {
        "mean": 0.0,
        "half_confidence_interval": 0.0,
        "stdev": 0.0,
        "confidence": 95
    }
}