{
    "seed": 65623187,
    "arrival_stream": 0,
    "service_stream": 1,
    "observation_period": 40000.0,
    "interarrivals": 5.0,
    "batch_size": 0,
    "k": 0,
    "servers": 2,
    "acquisition_time": [
        63.593127256253375,
        65.6112759977617,
        85.4353173697628,
        103.98973186353686,
        114.26545753137427,
        143.77679957511234,
        161.3832615816809,
        172.24027018523267,
        184.44788284089685,
        236.97198611203873,
        318.8147610466922,
        373.0906854064024,
        469.039397651219,
        576.2666684175243,
        670.4097868328308,
        782.29499024514,
        958.9404265475216,
        1151.265091100933,
        1308.7190537945537,
        1543.3957985525965,
        1825.398735379653,
        2142.492039298097,
        2550.234573789002,
        3035.709747595697,
        3650.7576102148405,
        4378.431613043875,
        5237.641939314807,
        6297.229234891259,
        7594.835459682227,
        9096.532242657187,
        11097.20203679696,
        13459.760991446545,
        16139.332506402588,
        19403.122962592213,
        23026.480452807282,
        27634.04632608749,
        33508.062519713116
    ],
    "avg_utilization1": [
        0.23902746473117797,
        0.2511447121280278,
        0.23961594639515607,
        0.19686236381483013,
        0.2592918225008205,
        0.32202531460341816,
        0.3768737150856085,
        0.4099717918321688,
        0.4223119918905975,
        0.4035742856967822,
        0.37639740226381624,
        0.35394645290252297,
        0.36562474641228326,
        0.3360116800323289,
        0.34695767624713475,
        0.36410460894249186,
        0.3555273012866069,
        0.3626588736663864,
        0.3906145045350515,
        0.4139805107537207,
        0.4024214383670622,
        0.4219651855964055,
        0.41923964677603,
        0.42445936724803823,
        0.4372790204223086,
        0.4426783453891765,
        0.4441580457230277,
        0.45233203330076543,
        0.4512091837808645,
        0.45494207485358623,
        0.4517139223812823,
        0.45008327454637953,
        0.4491341602431019,
        0.4454529445393389,
        0.4500046018583045,
        0.4521397009038029,
        0.44660229697114673
    ],
    "avg_utilization2": [
        0.1622083241088488,
        0.15721892982891414,
        0.1337821468993929,
        0.2448217591548494,
        0.27303004503905853,
        0.37602350706262244,
        0.39433665765647724,
        0.4125328631089271,
        0.4431677492610919,
        0.41489494917620207,
        0.4009615044236808,
        0.41006343235100196,
        0.41614939316821276,
        0.3881092413613464,
        0.3913923405337316,
        0.41296384173723294,
        0.4217706188508206,
        0.4122409324673389,
        0.4357766074959565,
        0.44522602526810867,
        0.4465663440824625,
        0.46605535280449023,
        0.4720482349904437,
        0.48218247074610476,
        0.4766744898340438,
        0.4751275846611123,
        0.4679473541072808,
        0.4667610067333396,
        0.45459622726230964,
        0.4527236902864756,
        0.4398283636322818,
        0.43668526759066784,
        0.4398719948618243,
        0.4464151474359607,
        0.4507470821251976,
        0.45372559130271883,
        0.45337799938480067
    ],
    "avg_utilization3": [],
    "avg_utilization4": [],
    "avg_utilization5": [],
    "avg_utilization6": [],
    "global": {
        "avg_wait": [
            2.719548423766061,
            2.4087104589355883,
            2.429475035230222,
            2.8259929060786724,
            3.1468633817869445,
            4.069430302173915,
            6.71236460470729,
            7.373236033505498,
            6.790609787990762,
            6.560124974246105,
            6.604038387112196,
            6.114294715852987,
            6.032761995620676,
            5.5008226474262605,
            5.380939141084702,
            5.64610370522304,
            5.47377685054248,
            5.3078711806593315,
            5.425310801676664,
            5.633682122202949,
            5.466169025662259,
            5.524202322141505,
            5.586690278652689,
            5.540219444657247,
            5.540715856679819,
            5.5072738542554305,
            5.471896282870623,
            5.45435622936306,
            5.423698082302685,
            5.446185001327669,
            5.455989688417308,
            5.462299254060235,
            5.463741783321556,
            5.50719367742322,
            5.623542200378519,
            5.7430846864411915,
            5.711061889691311
        ],
        "avg_delay": [
            0.21112658873389908,
            0.17593882394491592,
            0.15080470623849937,
            0.12419211101994065,
            0.10556329436694954,
            0.5742327820141937,
            2.6055485875703774,
            3.2317159833856746,
            2.932945637779558,
            2.6810393710570697,
            2.526609374221314,
            2.0995768039303875,
            1.7816377691668073,
            1.4940681435388012,
            1.3565726584987021,
            1.5386931914101905,
            1.3275599938109752,
            1.145810821378185,
            1.2203199650915098,
            1.3384125968329577,
            1.254915698390139,
            1.2448135848357853,
            1.2980239177469781,
            1.2156993393891384,
            1.179435418824612,
            1.1202099909679673,
            1.1254860268490783,
            1.0663808227763756,
            1.078243507042187,
            1.0983119638591736,
            1.1147764930507735,
            1.0992109481743548,
            1.093793475793356,
            1.1146724229946015,
            1.2338827201500946,
            1.328163517014295,
            1.279032488667871
        ],
        "avg_number": [
            0.42764816594212024,
            0.44054204201444164,
            0.3981099566355779,
            0.46198676102349795,
            0.5507987190132064,
            0.6792912871951278,
            1.2061881240266599,
            1.4554669756938194,
            1.5094507837088031,
            1.3841562207155833,
            1.2221462505701073,
            1.1635640926084414,
            1.1061278310978357,
            0.9831988621531644,
            0.9872402332910073,
            1.068169116244959,
            1.010342744683531,
            0.9820297429493747,
            1.0612511227694374,
            1.1206071787536782,
            1.1019785225310468,
            1.1396529749470954,
            1.161048429865301,
            1.160710298338867,
            1.1579969557052892,
            1.152162074535849,
            1.1481529445026402,
            1.1424541807479727,
            1.130467422219096,
            1.136950328062615,
            1.1204806814071477,
            1.1099296985547127,
            1.1107359479685075,
            1.1177236130237491,
            1.1539426075663708,
            1.1783757538750557,
            1.1596631430002586
        ]
    },