{
    "seed": 66104127,
    "arrival_stream": 0,
    "service_stream": 1,
    "observation_period": 40000.0,
    "interarrivals": 5.0,
    "batch_size": 0,
    "k": 0,
    "servers": 2,
    "acquisition_time": [
        53.503395891614936,
        62.05221565751714,
        74.91955764597591,
        86.5542424718846,
        89.3799996707758,
        117.81644412813745,
        128.3429539770298,
        142.72365359454378,
        179.78180539527452,
        205.32154102765182,
        245.94836138609273,
        314.9460534107086,
        373.6221859164427,
        460.4974523926389,
        554.2455076871595,
        671.3264320180019,
        789.0410925759152,
        971.4877515703355,
        1185.5695867487284,
        1453.316893310329,
        1698.9074240341022,
        2087.8597755490564,
        2566.649657565933,
        3097.285836703593,
        3656.767113982343,
        4444.4862234422935,
        5385.685444772923,
        6479.566643684548,
        7736.957941721394,
        9381.562495187538,
        11015.870838973346,
        13342.84909272524,
        16109.086950649622,
        19379.664711858575,
        23357.912613462362,
        27953.224691963456,
        33433.68097926152
    ],
    "avg_utilization1": [
        0.4652604442957151,
        0.4177257044745426,
        0.43234065913727393,
        0.4878174496990562,
        0.49280063870316615,
        0.5707436288776353,
        0.6400961550355612,
        0.6398766692713289,
        0.5495902131113152,
        0.5351619524990945,
        0.5336763220232781,
        0.5101320989270763,
        0.48781213475750795,
        0.460349630393632,
        0.48428716148574175,
        0.4764121314198366,
        0.46231509240333496,
        0.4601346772965854,
        0.45740355101865854,
        0.44146350751735747,
        0.4580569230207416,
        0.46061292053889885,
        0.46138029562392807,
        0.45778795250360016,
        0.4678434602415907,
        0.4516328389275215,
        0.45378154943596294,
        0.4589293257806811,
        0.4625089153327461,
        0.46384474702379946,
        0.4728862408352549,
        0.46401340871446595,
        0.45748085754871554,
        0.4547338791013148,
        0.44945544883394783,
        0.4526583620185324,
        0.4564764883867399
    ],
    "avg_utilization2": [
        0.7435098509879258,
        0.6710819160858648,
        0.6546096965696953,
        0.7092429881764561,
        0.6868202035827567,
        0.6865338358012278,
        0.7163852141252596,
        0.7314869190273953,
        0.6161620104607474,
        0.642497326419044,
        0.6805343239641538,
        0.563551121580735,
        0.5887905574731855,
        0.5725709466797037,
        0.5832766794801036,
        0.5649494551156269,
        0.546334220468527,
        0.519518693173303,
        0.5020298108401654,
        0.49996247477147926,
        0.503119957766932,
        0.49836916064897346,
        0.4898614935201558,
        0.4870159500728691,
        0.4886346490173284,
        0.48041194694703937,
        0.47490190763378054,
        0.4629752756750615,
        0.4619627062846973,
        0.4575822609109474,
        0.466049996609285,
        0.4555006237556181,
        0.4500228307255783,
        0.4521236555478222,
        0.4499016946885695,
        0.4527072208716484,
        0.45542458281007775
    ],
    "avg_utilization3": [],
    "avg_utilization4": [],
    "avg_utilization5": [],
    "avg_utilization6": [],
    "global": {
        "avg_wait": [
            7.422321020471126,
            6.426068319557402,
            6.550220872135076,
            7.212541586498693,
            6.372251496243593,
            7.342549919947575,
            7.338429248899752,
            7.399671631583108,
            6.573679631096498,
            6.297524528013729,
            6.406604529874226,
            6.0950115346995455,
            5.863113422553201,
            5.597775638453496,
            5.704040298373714,
            5.664922799065019,
            5.386879425433658,
            5.337638404708542,
            5.38797218342463,
            5.334729486433037,
            5.304514474511569,
            5.4375629471380815,
            5.599865720991137,
            5.556320757637956,
            5.629285024376503,
            5.526499876374326,
            5.4987121381281705,
            5.4672324304208955,
            5.574566727522517,
            5.631926625585346,
            5.748674275256784,
            5.653501922012524,
            5.616176993101219,
            5.644170509276137,
            5.586229514889169,
            5.640284132916123,
            5.677472774648677
        ],
        "avg_delay": [
            0.9549894554126339,
            0.7958245461771949,
            0.7986255365304272,
            1.2358007842707783,
            1.1005259714857907,
            1.545419244683329,
            1.814837665998836,
            1.8440703852830407,
            1.5292290999908142,
            1.4615481689540224,
            1.4734149251577968,
            1.355788206051138,
            1.1858732919164712,
            1.0705424902020704,
            1.0073388716820393,
            0.9924250834347856,
            0.9513198890924468,
            0.9055191232724231,
            0.9591718764026598,
            0.8798158924456809,
            0.877337066694038,
            0.9076531897071386,
            1.0018014344063015,
            0.9551765030587471,
            1.0510987044204048,
            1.01326165099854,
            0.9511950529259323,
            0.938390653126035,
            1.0561851389128276,
            1.0830062706636463,
            1.2114779387829469,
            1.1710711901214226,
            1.1609946026385773,
            1.1822823478852476,
            1.1406249171620024,
            1.177943420357502,
            1.1969473400758186
        ],
        "avg_number": [
            1.3872616675597509,
            1.2427085643532088,
            1.2240207375919634,
            1.4166053964403442,
            1.4258786126013157,
            1.4957266736643586,
            1.658170095229235,
            1.7627690234763143,
            1.4991554027526786,
            1.5335761889605157,
            1.536865971101985,
            1.3740315659689857,
            1.3495658805773953,
            1.252060978328936,
            1.2658595278971192,
            1.2488836045697966,
            1.208400509521019,
            1.1702844203286973,
            1.1634246478431642,
            1.1269131734954851,
            1.149009827730951,
            1.151132298625273,
            1.1563435716193229,
            1.140940871514379,
            1.1745742454245915,
            1.1390009175994493,
            1.1220641646771212,
            1.1129262144025933,
            1.1405696135534085,
            1.1400050543257378,
            1.189304855223885,
            1.1588475331804953,
            1.1438684744092227,
            1.1469106300858085,
            1.130021115099068,
            1.1440687572202994,
            1.1554074701697068
        ]
    },