{
    "interarrival": 3,
    "servers": 2,
    "seed": 1909179651,
    "GLOBAL AVG WAIT": {
        "mean": 9.421965427792426,
        "half_confidence_interval": 0.24626260223547045,
        "stdev": 0.9618672352798561,
        "confidence": 95
    },
    "GLOBAL AVG DELAY": {
        "mean": 4.993029683033585,
        "half_confidence_interval": 0.23413801017679947,
        "stdev": 0.9145102767465471,
        "confidence": 95
    },
    "GLOBAL AVG NUMBER": {
        "mean": 3.1535636321747402,
        "half_confidence_interval": 0.09426707705838289,
        "stdev": 0.36819400089568244,
        "confidence": 95
    },
    "QUEUE1 AVG WAIT": {
        "mean": 9.373915471782214,
        "half_confidence_interval": 0.24951620937616745,
        "stdev": 0.974575369104076,
        "confidence": 95
    },
    "QUEUE1 AVG DELAY": {
        "mean": 4.96423599922927,
        "half_confidence_interval": 0.23504198895497636,
        "stdev": 0.9180410912519719,
        "confidence": 95
    },
    "QUEUE1 AVG NUMBER": {
        "mean": 0.833930807225604,
        "half_confidence_interval": 0.0424242818542782,
        "stdev": 0.1657033034065388,
        "confidence": 95
    },
    "QUEUE2 AVG WAIT": {
        "mean": 9.477268480009824,
        "half_confidence_interval": 0.2573213252715621,
        "stdev": 1.0050610586858162,
        "confidence": 95
    },
    "QUEUE2 AVG DELAY": {
        "mean": 5.026309951741251,
        "half_confidence_interval": 0.24000469041081285,
        "stdev": 0.9374247081126452,
        "confidence": 95
    },
    "QUEUE2 AVG NUMBER": {
        "mean": 0.839199115017734,
        "half_confidence_interval": 0.04252023436738701,
        "stdev": 0.1660780804846023,
        "confidence": 95
    },
    "QUEUE3 AVG WAIT": {
        "mean": 0.0,
        "half_confidence_interval": 0.0,
        "stdev": 0.0,
        "confidence": 95
    },
    "QUEUE3 AVG DELAY": {
        "mean": 0.0,
        "half_confidence_interval": 0.0,
        "stdev": 0.0,
        "confidence": 95
    },
    "QUEUE3 AVG NUMBER": {
        "mean": 0.0,
        "half_confidence_interval": 0.0,
        "stdev": 0.0,
        "confidence": 95
    },
    "QUEUE4 AVG WAIT": {
        "mean": 0.0,
        "half_confidence_interval": 0.0,
        "stdev": 0.0,
        "confidence": 95
    },
    "QUEUE4 AVG DELAY": {
        "mean": 0.0,
        "half_confidence_interval": 0.0,
        "stdev": 0.0,
        "confidence": 95
    },
    "QUEUE4 AVG NUMBER": {
        "mean": 0.0,
        "half_confidence_interval": 0.0,
        "stdev": 0.0,
        "confidence": 95
    },
    "QUEUE5 AVG WAIT": {
        "mean": 0.0,
        "half_confidence_interval": 0.0,
        "stdev": 0.0,
        "confidence": 95
    },
    "QUEUE5 AVG DELAY": {
        "mean": 0.0,
        "half_confidence_interval": 0.0,
        "stdev": 0.0,
        "confidence": 95
    },
    "QUEUE5 AVG NUMBER": {
        "mean": 0.0,
        "half_confidence_interval": 0.0,
        "stdev": 0.0,
        "confidence": 95
    },
    "QUEUE6 AVG WAIT": {
        "mean": 0.0,
        "half_confidence_interval": 0.0,
        "stdev": 0.0,
        "confidence": 95
    },
    "QUEUE6 AVG DELAY": {
        "mean": 0.0,
        "half_confidence_interval": 0.0,
        "stdev": 0.0,
        "confidence": 95
    },
    "QUEUE6 AVG NUMBER": {
        "mean": 0.0,
        "half_confidence_interval": 0.0,
        "stdev": 0.0,
        "confidence": 95
    },
    "UTILIZATION1": {
        "mean": 0.7389341295075214,
        "half_confidence_interval": 0.006004950640748073,
        "stdev": 0.023454496210047793,
        "confidence": 95
    },
    "UTILIZATION2": {
        "mean": 0.7415055346047962,
        "half_confidence_interval": 0.006465370558010234,
        "stdev": 0.025252831925112157,
        "confidence": 95
    },
    "UTILIZATION3": {
        "mean": 0.0,
        "half_confidence_interval": 0.0,
        "stdev": 0.0,
        "confidence": 95
    },
    "UTILIZATION4": {
        "mean": 0.0,
        "half_confidence_interval": 0.0,
        "stdev": 0.0,
        "confidence": 95
    },
    "UTILIZATION5": {
        "mean": 0.0,
        "half_confidence_interval": 0.0,
        "stdev": 0.0,
        "confidence": 95
    },
    "UTILIZATION6": {
        "mean": 0.0,
        "half_confidence_interval": 0.0,
        "stdev": 0.0,
        "confidence": 95
    }
}