{
    "seed": 307752022,
    "arrival_stream": 0,
    "service_stream": 1,
    "observation_period": 40000.0,
    "interarrivals": 5.0,
    "batch_size": 0,
    "k": 0,
    "servers": 2,
    "acquisition_time": [
        52.59356042580183,
        63.72236005589015,
        82.22917807455572,
        94.05427224335067,
        123.35619551594803,
        144.35361195551096,
        162.16424099210985,
        188.33988676767405,
        211.5793094469172,
        246.41652754275154,
        286.1993980316654,
        318.2560437964207,
        381.23837517709916,
        462.609604541211,
        565.7236444672924,
        740.5728555095847,
        891.8547341816404,
        1103.1705352986612,
        1260.4299504959995,
        1472.3596931959066,
        1776.9942031992978,
        2187.2974992922727,
        2703.158822529361,
        3284.0567105837963,
        3857.420743668538,
        4657.221448972393,
        5609.809336884716,
        6601.712830131323,
        7987.196886278353,
        9666.027738298159,
        11601.532489101686,
        13842.45714486572,
        16579.79892294191,
        19811.040453934653,
        23686.10784901307,
        28410.69649868766,
        33960.800462129104
    ],
    "avg_utilization1": [
        0.3581095622181298,
        0.36958905362306793,
        0.3190446091985757,
        0.3108668330861331,
        0.27414385049461915,
        0.34191379621557433,
        0.37498549598831893,
        0.393412263194217,
        0.45761945270485915,
        0.5192582967207164,
        0.5593612319294305,
        0.5892870463827231,
        0.5308974584171026,
        0.5181182603954111,
        0.4966004976270558,
        0.46678321599672823,
        0.46079981578109813,
        0.46062328032148203,
        0.4860924798989323,
        0.49948587983632053,
        0.4957920207813754,
        0.47737148276915586,
        0.44848241667370653,
        0.44502250431009494,
        0.46194058752555217,
        0.4545355677999754,
        0.44610044148998124,
        0.4509815091905505,
        0.4482301087715133,
        0.4443675149653736,
        0.448502172910553,
        0.45018116816671344,
        0.4562832107506388,
        0.45616507309013604,
        0.4533324390339304,
        0.4499459865849114,
        0.4528009530559329
    ],
    "avg_utilization2": [
        0.3396885818293637,
        0.28036362649983465,
        0.29767931844379825,
        0.3729777710820858,
        0.3410724067788758,
        0.46081813984647674,
        0.4895987368144279,
        0.44143562199421144,
        0.47301486930249004,
        0.5251059444865193,
        0.5830825625449914,
        0.6095269360191611,
        0.6015305997170933,
        0.5641752530725002,
        0.5572559077107455,
        0.5095075574980634,
        0.47225254797227334,
        0.4677405367353897,
        0.4817963260913899,
        0.4880690450521564,
        0.4892292097286789,
        0.4708385892841425,
        0.45962128460687063,
        0.4621864914368867,
        0.4700032052470915,
        0.4618111717952393,
        0.45952280750722363,
        0.4719969604763381,
        0.4595441765720785,
        0.44900232144167906,
        0.4511133392588121,
        0.45141668964928683,
        0.44899889996779563,
        0.4434106273267921,
        0.44086221405361214,
        0.44147578948214417,
        0.44137835288073957
    ],
    "avg_utilization3": [],
    "avg_utilization4": [],
    "avg_utilization5": [],
    "avg_utilization6": [],
    "global": {
        "avg_wait": [
            3.7295114876586886,
            3.638539869821049,
            3.820166033580834,
            3.971518145168684,
            3.9544019406051314,
            4.703593615904668,
            5.002314633376888,
            5.003956170953961,
            4.897638926741052,
            5.416526415455216,
            7.206704762236307,
            8.380058608180665,
            7.5586499389730415,
            7.219633001704827,
            6.847361905064966,
            6.553906520429023,
            6.229667521537968,
            6.118585797275288,
            6.130154364425881,
            6.166429135930297,
            6.114931234644693,
            5.996155530824795,
            5.78866666843901,
            5.751962775609866,
            5.8220967153716545,
            5.655379306853092,
            5.533506665556845,
            5.651521325542838,
            5.664200915831479,
            5.599391601528543,
            5.6818668347825465,
            5.70968830051007,
            5.728668346031333,
            5.6785289005185975,
            5.626316262109477,
            5.582900035705509,
            5.608278620832671
        ],
        "avg_delay": [
            0.22459597357701996,
            0.1871633113141833,
            0.2131044534453973,
            0.18807658207550682,
            0.1598650947641808,
            0.315101125290445,
            0.4586585316934711,
            0.39120874762090174,
            0.39572355350320476,
            0.6001271956194338,
            1.8606557666336567,
            3.0345630832501413,
            2.538591417019104,
            2.358668203035812,
            2.0002766500007287,
            1.6686737776270018,
            1.52827109299099,
            1.3470692869515783,
            1.3647010838789486,
            1.430155304585329,
            1.3709222388058633,
            1.3038082018521138,
            1.1604481566174756,
            1.0800628021504564,
            1.1105641882755444,
            0.9963949287540059,
            0.9108455808929714,
            1.034401496107828,
            1.091431132436541,
            1.0520837451465215,
            1.1061783731959867,
            1.1527281704546462,
            1.1584652604871413,
            1.1530005632061588,
            1.1437784862274862,
            1.1170400837270396,
            1.1462571207306245
        ],
        "avg_number": [
            0.7091194164198533,
            0.685198702614855,
            0.6504056798626908,
            0.7178388270676431,
            0.6411355220652681,
            0.7820119306505681,
            0.8945691323834336,
            0.9033376452132174,
            0.9490682076678312,
            1.099059074784561,
            1.4856620380623515,
            1.8695140996644246,
            1.7050851568909149,
            1.607450843812631,
            1.4887578459197397,
            1.3097673750897312,
            1.2363573450378165,
            1.1813756197420604,
            1.2450668255506567,
            1.2857549371114938,
            1.266348922409437,
            1.2116782218614965,
            1.1349659918990394,
            1.1139418858079218,
            1.1516140159509365,
            1.1123214779104957,
            1.084051785051237,
            1.1291549360293394,
            1.1226003537192324,
            1.1000635358382325,
            1.1161434516201636,
            1.1281232326362767,
            1.1336543302295787,
            1.128766904607523,
            1.1223601829363015,
            1.1141945500671706,
            1.1236109637255942
        ]
    },