{
    "seed": 1504172573,
    "arrival_stream": 0,
    "service_stream": 1,
    "observation_period": 84000.0,
    "interarrivals": 1,
    "batch_size": 1000,
    "k": 25,
    "servers": 6,
    "acquisition_time": [],
    "avg_utilization1": [
        0.7478871191805723,
        0.7295633665424103,
        0.7353502241706847,
        0.7538381074559394,
        0.7069362717119491,
        0.7856265456374667,
        0.7056138470192995,
        0.7029971939938846,
        0.6911939673629334,
        0.6932072968903785,
        0.7450558847886397,
        0.7714771233319538,
        0.7410340973746694,
        0.7159323185202261,
        0.7077370345406983,
        0.7244316452940395,
        0.7863500602831924,
        0.7656944139981907,
        0.785583439016537,
        0.7765715386119919,
        0.7301393104538684,
        0.7647465363648932,
        0.6821841711096205,
        0.7609515072832436,
        0.7760830170237345
    ],
    "avg_utilization2": [
        0.7196316401437014,
        0.7268030369250762,
        0.6971126236669613,
        0.7493897385295306,
        0.6990101384858242,
        0.7373299674739189,
        0.7628531562714329,
        0.7155394596722363,
        0.6661139175978872,
        0.7155286871666418,
        0.7354452461319982,
        0.7409721786224805,
        0.7637306860182822,
        0.712470146913794,
        0.7033131829887606,
        0.6954478507392847,
        0.7558323260346049,
        0.7650675451760968,
        0.8010273217972173,
        0.802975085275555,
        0.7170771823100592,
        0.7500626615786005,
        0.7077477983210442,
        0.7858022098516539,
        0.7866730705432445
    ],
    "avg_utilization3": [
        0.7347157605737608,
        0.7125878809891895,
        0.7258551897230144,
        0.7173860671180883,
        0.7265895167799381,
        0.7187860093493708,
        0.7297384676227341,
        0.705702661122053,
        0.713721158199976,
        0.7016550144723824,
        0.7215114497450109,
        0.7401996447840595,
        0.7316752086220233,
        0.7132243677321224,
        0.6891131962137521,
        0.7411138740160033,
        0.7798488104533988,
        0.758499595441563,
        0.7813621762196727,
        0.7663386574882913,
        0.7346782180827918,
        0.759619947446631,
        0.728964444974274,
        0.7617830395145572,
        0.7668916953806392
    ],
    "avg_utilization4": [
        0.7378912468997303,
        0.7382991913039825,
        0.7105562464534227,
        0.7405685259558686,
        0.7006341358024675,
        0.7442929309310905,
        0.7463320204572762,
        0.6955851553908691,
        0.6773659800973699,
        0.7029152005697885,
        0.7585563572860086,
        0.7414776155559094,
        0.7548198378039287,
        0.706470960234013,
        0.6564534432478242,
        0.6912679800107826,
        0.75162574165802,
        0.7544257074582913,
        0.7972809521310283,
        0.7810419718305702,
        0.762181146729839,
        0.7551665620331943,
        0.6986236950858505,
        0.7610078543687638,
        0.7788473897776774
    ],
    "avg_utilization5": [
        0.7131267784138704,
        0.7561727351444156,
        0.7274580342517628,
        0.7255263017035951,
        0.7360842082148037,
        0.7662420190676552,
        0.7234337834738324,
        0.6752750289169183,
        0.6992579516207137,
        0.6943149206161884,
        0.7632011865884899,
        0.7191672187021464,
        0.750841047180126,
        0.7013605659978517,
        0.710188895182737,
        0.7273510739256742,
        0.7583265426638496,
        0.7678755222502607,
        0.7715849510526537,
        0.7785080430342216,
        0.7359351243025393,
        0.7376601081239277,
        0.7301584114865959,
        0.7795874408804,
        0.7853897308324367
    ],
    "avg_utilization6": [
        0.7250238048942175,
        0.7368695328387836,
        0.7167109462067118,
        0.6981492916710412,
        0.7392427992791969,
        0.7451930647959899,
        0.7250830755340189,
        0.6779273954168284,
        0.7033229052510278,
        0.6884739202219593,
        0.7218471515150723,
        0.7388837748996404,
        0.7673223723612768,
        0.7036697051354539,
        0.7169053874601586,
        0.7058278199531154,
        0.7611940045496627,
        0.7581854407079778,
        0.786852140520414,
        0.7786168974983284,
        0.7462091297094686,
        0.7616044558177774,
        0.728381741945821,
        0.7416770487766663,
        0.7862100295133109
    ],
    "global": {
        "avg_wait": [
            5.23852725392196,
            5.131421182818832,
            5.089357245278857,
            5.306113324493592,
            5.004054501691289,
            5.34546493169309,
            5.648179120682201,
            4.901841505940907,
            4.932242918917611,
            4.857019950831203,
            5.48482768315421,
            4.91509318991263,
            4.961589829847884,
            4.911123053925635,
            4.746586027064048,
            4.863555688379934,
            5.403749935039914,
            5.444923286940647,
            5.428783418259394,
            5.385768349196849,
            5.007810725711617,
            5.27301926215467,
            5.216540163146801,
            5.151198559009423,
            5.48540069981604
        ],
        "avg_delay": [
            0.9776373455045317,
            0.5644707918379179,
            0.68056439000759,
            0.7445539072670094,
            0.5954720214480239,
            0.9782303076537464,
            0.8730285445797427,
            0.559076972804859,
            0.5079888093617191,
            0.45364898708547297,
            1.046476592778463,
            0.5593768271093322,
            0.6360253614814574,
            0.46668423504039674,
            0.40102443633831714,
            0.5324847943239456,
            0.8909629433770969,
            0.9473843014733574,
            0.7014726056122818,
            0.8649229408065584,
            0.5876417563879259,
            0.6827829203286528,
            0.6059971037837276,
            0.7145990356013607,
            0.8785620880034112
        ],
        "avg_number": [
            5.364934568000302,
            4.941351216315152,
            4.968801657199665,
            5.11635803452901,
            4.885813140205841,
            5.494227815067252,
            5.2173583587252494,
            4.715631177030941,
            4.611931935240158,
            4.603696211703631,
            5.5067845891298495,
            5.048873558730293,
            5.180470207875691,
            4.673741239615691,
            4.580544654082127,
            4.815062624829337,
            5.505265381194242,
            5.519905712617571,
            5.434512319412568,
            5.563349916095429,
            5.026740265877396,
            5.187392710910944,
            4.856180692834431,
            5.318732591427701,
            5.564208380554135
        ]
    },
    "q1": {
        "avg_wait": [
            1.4558624803693283,
            1.6001769316949894,
            1.5224936218604863,
            1.5121134297560763,
            1.4897678854724832,
            1.5677538459199605,
            1.5119623281173296,
            1.5082218824209115,
            1.4573573676082143,
            1.3984542489232916,
            1.6309278049610385,
            1.5095146650883862,
            1.5057692068267634,
            1.4892623147942396,
            1.4162513528260257,
            1.4288826576332576,
            1.571516160432987,
            1.592336633436499,
            1.6047055272348976,
            1.5645753997117846,
            1.5250703093573392,
            1.569882406156289,
            1.5048921889360103,
            1.5148174359736561,
            1.6178262634545866
        ],