{
    "interarrival": 1,
    "servers": 6,
    "seed": 1504172573,
    "GLOBAL AVG WAIT": {
        "mean": 5.148272341482227,
        "half_confidence_interval": 0.10751496672799629,
        "stdev": 0.24316333635025109,
        "confidence": 95
    },
    "GLOBAL AVG DELAY": {
        "mean": 0.6780378515864763,
        "half_confidence_interval": 0.0775734749453011,
        "stdev": 0.1754455733377463,
        "confidence": 95
    },
    "GLOBAL AVG NUMBER": {
        "mean": 5.077075043941313,
        "half_confidence_interval": 0.14201084904535127,
        "stdev": 0.32118162617454066,
        "confidence": 95
    },
    "QUEUE1 AVG WAIT": {
        "mean": 1.521595895875779,
        "half_confidence_interval": 0.026235783314764408,
        "stdev": 0.05933667466707364,
        "confidence": 95
    },
    "QUEUE1 AVG DELAY": {
        "mean": 0.2939457411107218,
        "half_confidence_interval": 0.024731993625538164,
        "stdev": 0.055935599178425936,
        "confidence": 95
    },
    "QUEUE1 AVG NUMBER": {
        "mean": 0.05837262097117977,
        "half_confidence_interval": 0.005233597359537672,
        "stdev": 0.011836668268508722,
        "confidence": 95
    },
    "QUEUE2 AVG WAIT": {
        "mean": 3.1178177766272475,
        "half_confidence_interval": 0.039405801181602584,
        "stdev": 0.08912290426610939,
        "confidence": 95
    },
    "QUEUE2 AVG DELAY": {
        "mean": 0.45373484615573556,
        "half_confidence_interval": 0.034107358533166605,
        "stdev": 0.07713957737624799,
        "confidence": 95
    },
    "QUEUE2 AVG NUMBER": {
        "mean": 0.19776718984148567,
        "half_confidence_interval": 0.016103395513969145,
        "stdev": 0.03642056077318919,
        "confidence": 95
    },
    "QUEUE3 AVG WAIT": {
        "mean": 9.702337249685508,
        "half_confidence_interval": 0.22289769312157978,
        "stdev": 0.5041209458897059,
        "confidence": 95
    },
    "QUEUE3 AVG DELAY": {
        "mean": 1.1733420998712893,
        "half_confidence_interval": 0.17678902811674946,
        "stdev": 0.39983837799759225,
        "confidence": 95
    },
    "QUEUE3 AVG NUMBER": {
        "mean": 0.4150350499189097,
        "half_confidence_interval": 0.06502469800097908,
        "stdev": 0.14706438547376974,
        "confidence": 95
    },
    "UTILIZATION1": {
        "mean": 0.7374876479024658,
        "half_confidence_interval": 0.014303628680480752,
        "stdev": 0.032350082762525344,
        "confidence": 95
    },
    "UTILIZATION2": {
        "mean": 0.7350718325021279,
        "half_confidence_interval": 0.015265561530876683,
        "stdev": 0.0345256570882743,
        "confidence": 95
    },
    "UTILIZATION3": {
        "mean": 0.7330415041787346,
        "half_confidence_interval": 0.010706002587427625,
        "stdev": 0.024213441043231382,
        "confidence": 95
    },
    "UTILIZATION4": {
        "mean": 0.7316064874954853,
        "half_confidence_interval": 0.015249355186775521,
        "stdev": 0.03448900369180673,
        "confidence": 95
    },
    "UTILIZATION5": {
        "mean": 0.736326570190494,
        "half_confidence_interval": 0.012418519659748205,
        "stdev": 0.028086588917757047,
        "confidence": 95
    },
    "UTILIZATION6": {
        "mean": 0.7325282609594083,
        "half_confidence_interval": 0.012482288701025659,
        "stdev": 0.028230813422537967,
        "confidence": 95
    }
}