{
    "interarrival": 1.0,
    "servers": 5,
    "seed": 407734438,
    "GLOBAL AVG WAIT": {
        "mean": 9.789652877092792,
        "half_confidence_interval": 0.4406572946640225,
        "stdev": 1.7211456789492756,
        "confidence": 95
    },
    "GLOBAL AVG DELAY": {
        "mean": 5.367081567594938,
        "half_confidence_interval": 0.4338620938686951,
        "stdev": 1.6946045763098934,
        "confidence": 95
    },
    "GLOBAL AVG NUMBER": {
        "mean": 9.822534486611145,
        "half_confidence_interval": 0.47129810823534013,
        "stdev": 1.840824405516081,
        "confidence": 95
    },
    "QUEUE1 AVG WAIT": {
        "mean": 9.522531699655211,
        "half_confidence_interval": 0.44828750806408857,
        "stdev": 1.7509482238793388,
        "confidence": 95
    },
    "QUEUE1 AVG DELAY": {
        "mean": 5.122294609873855,
        "half_confidence_interval": 0.43282503414795775,
        "stdev": 1.6905539662807993,
        "confidence": 95
    },
    "QUEUE1 AVG NUMBER": {
        "mean": 1.0206878643412964,
        "half_confidence_interval": 0.08878529987044016,
        "stdev": 0.34678294692190453,
        "confidence": 95
    },
    "QUEUE2 AVG WAIT": {
        "mean": 9.928194433159419,
        "half_confidence_interval": 0.4562048487757477,
        "stdev": 1.7818722478763342,
        "confidence": 95
    },
    "QUEUE2 AVG DELAY": {
        "mean": 5.506527631703374,
        "half_confidence_interval": 0.4448930854109496,
        "stdev": 1.7376900843847183,
        "confidence": 95
    },
    "QUEUE2 AVG NUMBER": {
        "mean": 1.1141429938543814,
        "half_confidence_interval": 0.09093880172938254,
        "stdev": 0.3551942235852216,
        "confidence": 95
    },
    "QUEUE3 AVG WAIT": {
        "mean": 9.971395950685993,
        "half_confidence_interval": 0.442505408964497,
        "stdev": 1.728364154578713,
        "confidence": 95
    },
    "QUEUE3 AVG DELAY": {
        "mean": 5.538349701323405,
        "half_confidence_interval": 0.4300261589497019,
        "stdev": 1.679621951738593,
        "confidence": 95
    },
    "QUEUE3 AVG NUMBER": {
        "mean": 1.122079414765867,
        "half_confidence_interval": 0.09076120026397635,
        "stdev": 0.3545005371344118,
        "confidence": 95
    },
    "QUEUE4 AVG WAIT": {
        "mean": 9.912490738557612,
        "half_confidence_interval": 0.4813881293546219,
        "stdev": 1.8802346149015847,
        "confidence": 95
    },
    "QUEUE4 AVG DELAY": {
        "mean": 5.495389525380332,
        "half_confidence_interval": 0.4587787323401227,
        "stdev": 1.7919254766066568,
        "confidence": 95
    },
    "QUEUE4 AVG NUMBER": {
        "mean": 1.1124481095888656,
        "half_confidence_interval": 0.09151698989124606,
        "stdev": 0.3574525455702684,
        "confidence": 95
    },
    "QUEUE5 AVG WAIT": {
        "mean": 9.676263640723846,
        "half_confidence_interval": 0.44654246838896106,
        "stdev": 1.7441323433009162,
        "confidence": 95
    },
    "QUEUE5 AVG DELAY": {
        "mean": 5.205761216424516,
        "half_confidence_interval": 0.43368589885416325,
        "stdev": 1.6939163832592254,
        "confidence": 95
    },
    "QUEUE5 AVG NUMBER": {
        "mean": 1.0246681308549428,
        "half_confidence_interval": 0.08915216561309418,
        "stdev": 0.34821587313320196,
        "confidence": 95
    },
    "QUEUE6 AVG WAIT": {
        "mean": 0.0,
        "half_confidence_interval": 0.0,
        "stdev": 0.0,
        "confidence": 95
    },
    "QUEUE6 AVG DELAY": {
        "mean": 0.0,
        "half_confidence_interval": 0.0,
        "stdev": 0.0,
        "confidence": 95
    },
    "QUEUE6 AVG NUMBER": {
        "mean": 0.0,
        "half_confidence_interval": 0.0,
        "stdev": 0.0,
        "confidence": 95
    },
    "UTILIZATION1": {
        "mean": 0.8732936575625859,
        "half_confidence_interval": 0.00728172203542892,
        "stdev": 0.028441386465969835,
        "confidence": 95
    },
    "UTILIZATION2": {
        "mean": 0.8916377892847352,
        "half_confidence_interval": 0.005368565862236651,
        "stdev": 0.020968866390804378,
        "confidence": 95
    },
    "UTILIZATION3": {
        "mean": 0.8941485206353907,
        "half_confidence_interval": 0.0061799484163358245,
        "stdev": 0.02413801301307324,
        "confidence": 95
    },
    "UTILIZATION4": {
        "mean": 0.893758878716882,
        "half_confidence_interval": 0.005900892424852821,
        "stdev": 0.02304805939210328,
        "confidence": 95
    },
    "UTILIZATION5": {
        "mean": 0.875623267522266,
        "half_confidence_interval": 0.00714601699461766,
        "stdev": 0.027911341582037934,
        "confidence": 95
    },
    "UTILIZATION6": {
        "mean": 0.0,
        "half_confidence_interval": 0.0,
        "stdev": 0.0,
        "confidence": 95
    }
}