{
    "seed": 1902812670,
    "arrival_stream": 0,
    "service_stream": 1,
    "observation_period": 40000.0,
    "interarrivals": 5.0,
    "batch_size": 0,
    "k": 0,
    "servers": 2,
    "acquisition_time": [
        69.39204574487597,
        88.54065064613556,
        98.58995582351899,
        105.69334150997297,
        115.24789982216055,
        145.54264613575901,
        177.24498166575037,
        214.67340901401366,
        241.52256265461878,
        307.72980094007664,
        341.7112830993919,
        409.3162449578794,
        473.15002342790825,
        584.8078416636706,
        684.8972428488855,
        796.4112033041768,
        917.2319922492607,
        1076.0231423632167,
        1287.2954521123565,
        1525.8270282132123,
        1764.9094086783537,
        2166.8617794668717,
        2771.529999275383,
        3271.3800890981074,
        3894.7196962301464,
        4641.035098728928,
        5510.464823171798,
        6620.059168366253,
        7995.770507227537,
        9432.294618344557,
        11139.914518856134,
        13274.026528470593,
        16008.881128783534,
        19307.742259912233,
        23376.278344403858,
        28375.669370719697,
        33907.41804373786
    ],
    "avg_utilization1": [
        0.34867079560377084,
        0.293855751146547,
        0.2775117335599975,
        0.28207234368233297,
        0.3240759185327774,
        0.29871970560188665,
        0.27764261868504037,
        0.2976127734391275,
        0.3307341057579135,
        0.33325891502664656,
        0.36885331427359563,
        0.3749795655972763,
        0.377903005762451,
        0.3411934050519007,
        0.35462395626332976,
        0.39222339311829363,
        0.427503875785848,
        0.43177392437570444,
        0.44603239873992273,
        0.44569945762746954,
        0.4712231616020414,
        0.4361322777200864,
        0.4017820329723317,
        0.40887030458803125,
        0.41673532894968907,
        0.41737778237211914,
        0.4343328880181275,
        0.44404803905514756,
        0.44148837164719024,
        0.4467302620886726,
        0.4488656653923371,
        0.45448060685170266,
        0.4514077742277238,
        0.4475480968083213,
        0.43913386719143377,
        0.434262279336862,
        0.43442155008039784
    ],
    "avg_utilization2": [
        0.4427988117057732,
        0.37099690670173646,
        0.4219884333498308,
        0.42598998737594834,
        0.47465365502214496,
        0.3953632881586089,
        0.43398148302106615,
        0.37340442613067737,
        0.4064088120334459,
        0.37918255498887166,
        0.40326756159015975,
        0.38389631404123103,
        0.41535091821177883,
        0.4042581285042088,
        0.3958025357164448,
        0.43348740100336386,
        0.4529703918899548,
        0.4242181119685323,
        0.41690912589726326,
        0.42063255764357865,
        0.4479175875368766,
        0.446210938665825,
        0.40611620751520816,
        0.41724329201471455,
        0.42251235385053204,
        0.42693147504404677,
        0.43031238113202464,
        0.4364551554211694,
        0.429593833540236,
        0.4402765829294623,
        0.4491866986322451,
        0.45760219819017495,
        0.44979371843682747,
        0.4493149877766472,
        0.4467399466895679,
        0.442994105559561,
        0.4455607389718563
    ],
    "avg_utilization3": [],
    "avg_utilization4": [],
    "avg_utilization5": [],
    "avg_utilization6": [],
    "global": {
        "avg_wait": [
            6.269151018512463,
            5.553025158226774,
            5.297598211374315,
            4.83054347059118,
            4.749574811466644,
            4.532853772448075,
            4.899236734797467,
            4.755275549938779,
            5.174825436519095,
            5.0674133619788355,
            5.0281534413447115,
            4.723670704610355,
            5.123145090596083,
            4.952963170012589,
            4.849993439052262,
            5.349972205220244,
            5.450529782702356,
            5.206751894209705,
            5.154114457367784,
            5.10436793246052,
            5.45693859584599,
            5.35803673509336,
            5.184017228766012,
            5.228941593126164,
            5.382776019148571,
            5.413663025599396,
            5.456991304692125,
            5.642949074299051,
            5.597652603013273,
            5.6140273661545,
            5.594787201331249,
            5.690694043080818,
            5.637766232164052,
            5.5746586209705145,
            5.533649076673222,
            5.562171648807678,
            5.583080016761229
        ],
        "avg_delay": [
            0.7769814989021726,
            0.6474845824184772,
            0.5549867849301232,
            0.4570479405306897,
            0.3884907494510863,
            0.3237422912092385,
            0.5498642913559166,
            0.518524087036226,
            0.832468203649043,
            0.6826239269922152,
            0.5784948533832333,
            0.4908526440299169,
            0.758864710216002,
            0.7309487742470139,
            0.6714159161440576,
            0.9336831868391431,
            0.946377803068059,
            0.8882676684960218,
            0.8148148475851568,
            0.8116410942290174,
            1.0487859978705907,
            1.0324353958207348,
            0.9592734365527773,
            0.9867165277781638,
            1.1067444977797236,
            1.1474235594086168,
            1.1237185697965557,
            1.2273926226308407,
            1.1977957453958652,
            1.2082822946961909,
            1.2050432045385677,
            1.2656928678038968,
            1.2415438941442456,
            1.1796913159345386,
            1.151595683283892,
            1.1719181865195436,
            1.1995737921083722
        ],
        "avg_number": [
            0.9034394290033433,
            0.7526068694146161,
            0.7522711044926521,
            0.7769575436528467,
            0.8242362453104534,
            0.7474681368461464,
            0.8015903410854126,
            0.753141106020095,
            0.8784597205549131,
            0.823354343079304,
            0.8681628840246683,
            0.8193679683098029,
            0.9311855774607056,
            0.8723467268496249,
            0.8710053942136393,
            0.9942048568472763,
            1.0517990864803426,
            1.0306824359101991,
            1.024980938852093,
            1.0270108775700677,
            1.137822368330578,
            1.0929410723622357,
            0.9913402099072816,
            1.0165761124214345,
            1.054519560569595,
            1.068493391228,
            1.0883353104148237,
            1.124317719782148,
            1.1082214106270685,
            1.1302698229541195,
            1.1445797012402175,
            1.1725189922171486,
            1.1554530800077107,
            1.1370053191025804,
            1.11850532843866,
            1.1114279926479014,
            1.120323475678474
        ]
    },