{
    "interarrival": 4.0,
    "servers": 2,
    "seed": 1679027618,
    "GLOBAL AVG WAIT": {
        "mean": 5.809958334089777,
        "half_confidence_interval": 0.06737438101121714,
        "stdev": 0.2631548964547441,
        "confidence": 95
    },
    "GLOBAL AVG DELAY": {
        "mean": 1.3540970362224254,
        "half_confidence_interval": 0.04952708721570064,
        "stdev": 0.19344586640110095,
        "confidence": 95
    },
    "GLOBAL AVG NUMBER": {
        "mean": 1.451933911101127,
        "half_confidence_interval": 0.021541748505963944,
        "stdev": 0.08413905274465203,
        "confidence": 95
    },
    "QUEUE1 AVG WAIT": {
        "mean": 2.021285084939994,
        "half_confidence_interval": 0.024253735622441652,
        "stdev": 0.09473169460809967,
        "confidence": 95
    },
    "QUEUE1 AVG DELAY": {
        "mean": 0.7921276312846198,
        "half_confidence_interval": 0.023902523100615056,
        "stdev": 0.09335990768512223,
        "confidence": 95
    },
    "QUEUE1 AVG NUMBER": {
        "mean": 0.03956804654062828,
        "half_confidence_interval": 0.0012668956435673356,
        "stdev": 0.004948316955170581,
        "confidence": 95
    },
    "QUEUE2 AVG WAIT": {
        "mean": 3.696132003114565,
        "half_confidence_interval": 0.030424582415452543,
        "stdev": 0.11883415795514712,
        "confidence": 95
    },
    "QUEUE2 AVG DELAY": {
        "mean": 1.038683876404761,
        "half_confidence_interval": 0.02837756798812441,
        "stdev": 0.1108388062861616,
        "confidence": 95
    },
    "QUEUE2 AVG NUMBER": {
        "mean": 0.11467710640051718,
        "half_confidence_interval": 0.003387335471508584,
        "stdev": 0.013230457955731205,
        "confidence": 95
    },
    "QUEUE3 AVG WAIT": {
        "mean": 10.525445212726128,
        "half_confidence_interval": 0.1067926814306439,
        "stdev": 0.41711725736414124,
        "confidence": 95
    },
    "QUEUE3 AVG DELAY": {
        "mean": 2.0505351943882975,
        "half_confidence_interval": 0.09785029914165701,
        "stdev": 0.3821895645230702,
        "confidence": 95
    },
    "QUEUE3 AVG NUMBER": {
        "mean": 0.18454697970714992,
        "half_confidence_interval": 0.01041406746591434,
        "stdev": 0.040675889032793344,
        "confidence": 95
    },
    "QUEUE4 AVG WAIT": {
        "mean": 0.0,
        "half_confidence_interval": 0.0,
        "stdev": 0.0,
        "confidence": 95
    },
    "QUEUE4 AVG DELAY": {
        "mean": 0.0,
        "half_confidence_interval": 0.0,
        "stdev": 0.0,
        "confidence": 95
    },
    "QUEUE4 AVG NUMBER": {
        "mean": 0.0,
        "half_confidence_interval": 0.0,
        "stdev": 0.0,
        "confidence": 95
    },
    "QUEUE5 AVG WAIT": {
        "mean": 0.0,
        "half_confidence_interval": 0.0,
        "stdev": 0.0,
        "confidence": 95
    },
    "QUEUE5 AVG DELAY": {
        "mean": 0.0,
        "half_confidence_interval": 0.0,
        "stdev": 0.0,
        "confidence": 95
    },
    "QUEUE5 AVG NUMBER": {
        "mean": 0.0,
        "half_confidence_interval": 0.0,
        "stdev": 0.0,
        "confidence": 95
    },
    "QUEUE6 AVG WAIT": {
        "mean": 0.0,
        "half_confidence_interval": 0.0,
        "stdev": 0.0,
        "confidence": 95
    },
    "QUEUE6 AVG DELAY": {
        "mean": 0.0,
        "half_confidence_interval": 0.0,
        "stdev": 0.0,
        "confidence": 95
    },
    "QUEUE6 AVG NUMBER": {
        "mean": 0.0,
        "half_confidence_interval": 0.0,
        "stdev": 0.0,
        "confidence": 95
    },
    "UTILIZATION1": {
        "mean": 0.5568249481781082,
        "half_confidence_interval": 0.004630486757384708,
        "stdev": 0.018086032775154748,
        "confidence": 95
    },
    "UTILIZATION2": {
        "mean": 0.5563117856506609,
        "half_confidence_interval": 0.004609384217374354,
        "stdev": 0.01800360920928284,
        "confidence": 95
    },
    "UTILIZATION3": {
        "mean": 0.0,
        "half_confidence_interval": 0.0,
        "stdev": 0.0,
        "confidence": 95
    },
    "UTILIZATION4": {
        "mean": 0.0,
        "half_confidence_interval": 0.0,
        "stdev": 0.0,
        "confidence": 95
    },
    "UTILIZATION5": {
        "mean": 0.0,
        "half_confidence_interval": 0.0,
        "stdev": 0.0,
        "confidence": 95
    },
    "UTILIZATION6": {
        "mean": 0.0,
        "half_confidence_interval": 0.0,
        "stdev": 0.0,
        "confidence": 95
    }
}