{
    "seed": 1260540303,
    "arrival_stream": 0,
    "service_stream": 1,
    "observation_period": 40000.0,
    "interarrivals": 5.0,
    "batch_size": 0,
    "k": 0,
    "servers": 2,
    "acquisition_time": [
        48.277889331800395,
        61.69694376629542,
        67.05321688678433,
        74.63222758505725,
        94.6105579139278,
        104.46160310546345,
        127.99690512513656,
        162.73162496590373,
        203.35767320840648,
        263.17334694332465,
        308.54618670204144,
        367.39230487419235,
        430.58560073804153,
        530.7215704110375,
        618.7615819545078,
        752.7690436413184,
        880.0842440185293,
        1030.5388678550562,
        1259.815314493001,
        1470.0325340004556,
        1705.900582028584,
        2119.925816345166,
        2596.840704544429,
        3131.193277594431,
        3758.6012362048705,
        4525.5606903857315,
        5399.782733346416,
        6475.508848032384,
        7698.140841729486,
        9400.716102738867,
        11356.12814597846,
        13488.087840306507,
        16313.173888059118,
        19753.105297467995,
        24027.01556719932,
        28687.638252058845,
        34442.60431189638
    ],
    "avg_utilization1": [
        0.40642283883743924,
        0.49325644625852527,
        0.47153545759328563,
        0.5093165131930012,
        0.5351615402920811,
        0.5997652919516618,
        0.5820013432131187,
        0.5535175877219042,
        0.46300038487695044,
        0.42970893193412557,
        0.44249516756521234,
        0.43178110680555865,
        0.4404909861139648,
        0.4128253675417207,
        0.43709477453998974,
        0.42310847806335017,
        0.4117238422267962,
        0.44019116609006514,
        0.40537278290678885,
        0.40298204256855863,
        0.45055064095562886,
        0.4381511585205192,
        0.4421846399744627,
        0.44954700919552065,
        0.4566657176109719,
        0.4561978251538641,
        0.455328836948437,
        0.45803728493195706,
        0.457143694814884,
        0.43797314230083,
        0.4348861227693837,
        0.44419224629184034,
        0.4449054339833856,
        0.44051167885146036,
        0.43304729134920084,
        0.4357780181540999,
        0.4299075742732841
    ],
    "avg_utilization2": [
        0.3028208128326705,
        0.27479499824049797,
        0.33604637751993877,
        0.30192038164989976,
        0.4319193273047146,
        0.4202055914963249,
        0.49003001790176043,
        0.42587264510574274,
        0.4140972187566491,
        0.42327757296600876,
        0.434483710470321,
        0.46790271384417903,
        0.45486440547985857,
        0.4114613510573137,
        0.40352607093160786,
        0.38114444335986164,
        0.39303173791429374,
        0.4072572617334086,
        0.41608808940552855,
        0.4453842492321763,
        0.48644508072171794,
        0.4577199004703387,
        0.4373836750040792,
        0.4334177336965059,
        0.4381917809565286,
        0.43475604893343883,
        0.43853421109685964,
        0.45161951220871366,
        0.4476641093519468,
        0.4378637025973614,
        0.4279257552674375,
        0.4354242883128368,
        0.43401031580013866,
        0.433764592185954,
        0.4345965530591023,
        0.43714669691409147,
        0.43461874809678197
    ],
    "avg_utilization3": [],
    "avg_utilization4": [],
    "avg_utilization5": [],
    "avg_utilization6": [],
    "global": {
        "avg_wait": [
            3.424078652461154,
            3.5025128050324414,
            4.3349423879219,
            4.146219647895274,
            5.870129787259184,
            5.969778165821656,
            5.808149223090647,
            5.824371502598286,
            5.494070783180084,
            5.287095194656029,
            5.313670862687176,
            5.746553969017154,
            5.469434707661765,
            5.10803888721613,
            5.026379455222573,
            4.805703203103027,
            4.689435240458372,
            4.862936790787348,
            4.86235668333525,
            4.8450683160778905,
            5.908960146221832,
            5.790479995390706,
            5.797485753586482,
            5.805953157059946,
            5.802611432126344,
            5.637228320671336,
            5.559037049472969,
            5.847464881162688,
            5.9230681833226875,
            5.6956255728222285,
            5.571585523443611,
            5.635965209912816,
            5.63349150866736,
            5.636465988529031,
            5.600416321906258,
            5.595463892916397,
            5.520444366901517
        ],
        "avg_delay": [
            0.0,
            0.0,
            0.625411669448029,
            0.5847833795828896,
            1.6735138028378684,
            1.7097506999812166,
            1.514341728236486,
            1.291644415260532,
            1.1437164453362314,
            0.9378474851757097,
            0.8054755023200912,
            1.093787982374695,
            1.030944925807221,
            0.8607889671788447,
            0.8289795399233425,
            0.7657553215110918,
            0.6987731104963233,
            0.8162537360805859,
            0.8198215771015098,
            0.7827684799332479,
            1.59210452724624,
            1.496602620921894,
            1.4878653710132106,
            1.4588882713737683,
            1.4020110157942642,
            1.2389992228816917,
            1.1673714889265003,
            1.3815887336591066,
            1.5229810631885896,
            1.360449257325757,
            1.2785701225665123,
            1.2983243502482127,
            1.264016725383824,
            1.2512125781635421,
            1.1893740598275178,
            1.179998233464302,
            1.1451704810465784
        ],
        "avg_number": [
            0.7092436516701097,
            0.6812355863135972,
            0.9050899606110915,
            0.9444409780464894,
            1.2409037461970258,
            1.3715534868354546,
            1.3159406261030802,
            1.2169031749657362,
            1.1076882350022466,
            1.0044891050070173,
            1.016076666671924,
            1.1105440325973428,
            1.0923992443144308,
            0.9913446799906429,
            0.9991646072134946,
            0.9448370387533414,
            0.9431256646195071,
            1.0051105967440228,
            0.9880522141729682,
            1.011838812157508,
            1.2746917122355483,
            1.2073026981553454,
            1.1832329353216458,
            1.1792904112029106,
            1.1779362173527144,
            1.1410080418775295,
            1.1314125065888747,
            1.191073374966843,
            1.2179845922503707,
            1.1505498990271825,
            1.1181313951995688,
            1.1428132016644155,
            1.1330404350968826,
            1.123691831160973,
            1.1013422389891754,
            1.1059216514820298,
            1.0905419094404665
        ]
    },