{
    "interarrival": 2.5,
    "servers": 2,
    "seed": 2098025063,
    "GLOBAL AVG WAIT": {
        "mean": 19.333769945368378,
        "half_confidence_interval": 3.3002581977080743,
        "stdev": 12.890346319429575,
        "confidence": 95
    },
    "GLOBAL AVG DELAY": {
        "mean": 14.900418797977888,
        "half_confidence_interval": 3.2900629809680035,
        "stdev": 12.850525230681907,
        "confidence": 95
    },
    "GLOBAL AVG NUMBER": {
        "mean": 7.765387460633629,
        "half_confidence_interval": 1.3922826741315166,
        "stdev": 5.438061136113651,
        "confidence": 95
    },
    "QUEUE1 AVG WAIT": {
        "mean": 19.34617698237671,
        "half_confidence_interval": 3.419367924472057,
        "stdev": 13.355572230864817,
        "confidence": 95
    },
    "QUEUE1 AVG DELAY": {
        "mean": 14.91421368130968,
        "half_confidence_interval": 3.40580742395251,
        "stdev": 13.302606814982157,
        "confidence": 95
    },
    "QUEUE1 AVG NUMBER": {
        "mean": 2.9965104235114794,
        "half_confidence_interval": 0.6930632037157834,
        "stdev": 2.70700781028408,
        "confidence": 95
    },
    "QUEUE2 AVG WAIT": {
        "mean": 19.33741324880088,
        "half_confidence_interval": 3.1938367223671085,
        "stdev": 12.474678941064342,
        "confidence": 95
    },
    "QUEUE2 AVG DELAY": {
        "mean": 14.899964473174517,
        "half_confidence_interval": 3.1855816242323396,
        "stdev": 12.442435683875573,
        "confidence": 95
    },
    "QUEUE2 AVG NUMBER": {
        "mean": 3.0005605063691445,
        "half_confidence_interval": 0.6901828975320752,
        "stdev": 2.6957577377170976,
        "confidence": 95
    },
    "QUEUE3 AVG WAIT": {
        "mean": 0.0,
        "half_confidence_interval": 0.0,
        "stdev": 0.0,
        "confidence": 95
    },
    "QUEUE3 AVG DELAY": {
        "mean": 0.0,
        "half_confidence_interval": 0.0,
        "stdev": 0.0,
        "confidence": 95
    },
    "QUEUE3 AVG NUMBER": {
        "mean": 0.0,
        "half_confidence_interval": 0.0,
        "stdev": 0.0,
        "confidence": 95
    },
    "QUEUE4 AVG WAIT": {
        "mean": 0.0,
        "half_confidence_interval": 0.0,
        "stdev": 0.0,
        "confidence": 95
    },
    "QUEUE4 AVG DELAY": {
        "mean": 0.0,
        "half_confidence_interval": 0.0,
        "stdev": 0.0,
        "confidence": 95
    },
    "QUEUE4 AVG NUMBER": {
        "mean": 0.0,
        "half_confidence_interval": 0.0,
        "stdev": 0.0,
        "confidence": 95
    },
    "QUEUE5 AVG WAIT": {
        "mean": 0.0,
        "half_confidence_interval": 0.0,
        "stdev": 0.0,
        "confidence": 95
    },
    "QUEUE5 AVG DELAY": {
        "mean": 0.0,
        "half_confidence_interval": 0.0,
        "stdev": 0.0,
        "confidence": 95
    },
    "QUEUE5 AVG NUMBER": {
        "mean": 0.0,
        "half_confidence_interval": 0.0,
        "stdev": 0.0,
        "confidence": 95
    },
    "QUEUE6 AVG WAIT": {
        "mean": 0.0,
        "half_confidence_interval": 0.0,
        "stdev": 0.0,
        "confidence": 95
    },
    "QUEUE6 AVG DELAY": {
        "mean": 0.0,
        "half_confidence_interval": 0.0,
        "stdev": 0.0,
        "confidence": 95
    },
    "QUEUE6 AVG NUMBER": {
        "mean": 0.0,
        "half_confidence_interval": 0.0,
        "stdev": 0.0,
        "confidence": 95
    },
    "UTILIZATION1": {
        "mean": 0.8849547251409815,
        "half_confidence_interval": 0.0072955441143117165,
        "stdev": 0.02849537357030532,
        "confidence": 95
    },
    "UTILIZATION2": {
        "mean": 0.8833566277731004,
        "half_confidence_interval": 0.007417096601842338,
        "stdev": 0.028970140563186662,
        "confidence": 95
    },
    "UTILIZATION3": {
        "mean": 0.0,
        "half_confidence_interval": 0.0,
        "stdev": 0.0,
        "confidence": 95
    },
    "UTILIZATION4": {
        "mean": 0.0,
        "half_confidence_interval": 0.0,
        "stdev": 0.0,
        "confidence": 95
    },
    "UTILIZATION5": {
        "mean": 0.0,
        "half_confidence_interval": 0.0,
        "stdev": 0.0,
        "confidence": 95
    },
    "UTILIZATION6": {
        "mean": 0.0,
        "half_confidence_interval": 0.0,
        "stdev": 0.0,
        "confidence": 95
    }
}