{
    "seed": 2028373644,
    "arrival_stream": 0,
    "service_stream": 1,
    "observation_period": 84000.0,
    "interarrivals": 1,
    "batch_size": 1000,
    "k": 25,
    "servers": 6,
    "acquisition_time": [],
    "avg_utilization1": [
        0.7449198637771693,
        0.8260876762377147,
        0.69070125337103,
        0.7450569560646129,
        0.6899885766258953,
        0.722423524722381,
        0.7177740139687295,
        0.7390129141913423,
        0.7831092046744287,
        0.7350439460208719,
        0.7493617931704206,
        0.706242770910252,
        0.7320239501121256,
        0.7694629944278398,
        0.7332068015391504,
        0.7382294074601339,
        0.7803729627035447,
        0.7730265541691819,
        0.6739026682424861,
        0.7277070307332087,
        0.6991256560741775,
        0.720147432691953,
        0.7255066366759179,
        0.7650304418134827,
        0.7296200737201171
    ],
    "avg_utilization2": [
        0.7284231268325837,
        0.8390964692861155,
        0.6896771633194044,
        0.7338295159058024,
        0.7168719513413567,
        0.7259366467606301,
        0.7176077400898266,
        0.7753983423430477,
        0.7363612119567379,
        0.7340647988874155,
        0.723187792658505,
        0.7741407043475678,
        0.742299746829337,
        0.8062659088969074,
        0.7653520911304317,
        0.7294516620573488,
        0.7646213786878949,
        0.7737398445088975,
        0.6694091205907503,
        0.7230745131053763,
        0.7021065318899304,
        0.726941936102239,
        0.7384750236817774,
        0.7571557648461716,
        0.7637129874403726
    ],
    "avg_utilization3": [
        0.7540182234015151,
        0.829875776450782,
        0.7084814971673995,
        0.7306595812676291,
        0.746300755100985,
        0.7335041971716323,
        0.722608811499612,
        0.7552684869154376,
        0.7540271676788705,
        0.7394749678034491,
        0.7566500859433731,
        0.7469456166048234,
        0.7201561197189292,
        0.7954337148937921,
        0.7705827080393195,
        0.7256026164891471,
        0.7808665944144592,
        0.778394288399533,
        0.6594270606317411,
        0.7050534760256643,
        0.7421013791429971,
        0.7208283651327665,
        0.7431418654193981,
        0.8038676104924664,
        0.7412212321902885
    ],
    "avg_utilization4": [
        0.7429538237013773,
        0.799028576982773,
        0.7272559492064407,
        0.7169947039661322,
        0.7280194488833375,
        0.7237988822969679,
        0.7334858139096554,
        0.7466793017861129,
        0.7599155254339093,
        0.7423213731246985,
        0.7341811972263673,
        0.7565888513996506,
        0.7607252953591968,
        0.7915703507450008,
        0.7409417007245378,
        0.7176517910376184,
        0.783375611417133,
        0.765968733324093,
        0.7115266985272425,
        0.736630522747791,
        0.7191342684523309,
        0.7298276113539712,
        0.764049835098585,
        0.7529215194291704,
        0.7241679567321241
    ],
    "avg_utilization5": [
        0.7175301180539974,
        0.8321316022014478,
        0.69805882838702,
        0.7484532308776165,
        0.7360415522549455,
        0.7218091580677227,
        0.6730572971468594,
        0.7421076304837745,
        0.7505456322662177,
        0.7399961746676702,
        0.7069447037961673,
        0.7621400228075125,
        0.7520661242877914,
        0.7790789086688304,
        0.7581440569871457,
        0.7166887309270003,
        0.7526658743749739,
        0.7779066571097443,
        0.6890355586319082,
        0.7282394420087147,
        0.7441964330640104,
        0.7376654428953711,
        0.7440056613911425,
        0.7658426909068035,
        0.7033051135869521
    ],
    "avg_utilization6": [
        0.7137821461661514,
        0.8027140313293285,
        0.7311122946764345,
        0.7273429739767939,
        0.7218379237250581,
        0.7481719865392282,
        0.7248634948441852,
        0.7567699767871529,
        0.782260613505849,
        0.7514736592486071,
        0.7386035232525744,
        0.7202699493083609,
        0.7481081020530745,
        0.7494559870733748,
        0.745930510582384,
        0.7039309717634747,
        0.7819095321314754,
        0.7721038973056119,
        0.657978335175617,
        0.7177850921043792,
        0.7066851317823628,
        0.7231069294912417,
        0.7535884466136893,
        0.7788849238792726,
        0.7238494859647869
    ],
    "global": {
        "avg_wait": [
            4.915284668253225,
            5.885129984642944,
            4.916977424400662,
            5.121903381063212,
            4.785513108125647,
            5.234616828684839,
            4.67909614627111,
            5.3818007827047305,
            5.058665357398172,
            5.093034176703574,
            5.297988419979331,
            5.32116689956839,
            5.277123856328791,
            5.645991322274141,
            5.068785303856336,
            5.014133570690045,
            5.630987043581729,
            5.282652399343627,
            4.673330206231239,
            4.788187133504605,
            4.792068339821184,
            4.9944111128865805,
            4.953915006728632,
            5.54702619998941,
            5.262247972750949
        ],
        "avg_delay": [
            0.505489659010802,
            1.3104114973760128,
            0.4713878623956177,
            0.6798639770755652,
            0.5812803621693061,
            0.7383705673208987,
            0.5172501752205754,
            0.9055450817819756,
            0.7879007867860937,
            0.5800986180893541,
            0.6922502053383814,
            0.7891565121078747,
            0.8470095701562459,
            1.083260527096587,
            0.6018788609345629,
            0.5123452695877622,
            1.247585389887563,
            0.7473901789095835,
            0.49004867658057627,
            0.4049683345454796,
            0.5064723533544456,
            0.5261265807810487,
            0.521441847005528,
            0.9137377899072017,
            0.7823182414794647
        ],
        "avg_number": [
            4.9017022834962445,
            6.309365774715946,
            4.713208721923399,
            5.050344208769315,
            4.948059701840331,
            5.105386150329135,
            4.820569284454112,
            5.431891716876956,
            5.402285090300103,
            5.031903504987179,
            5.052759926349876,
            5.2486852329781,
            5.310269441568384,
            5.770061659661282,
            5.159368166147007,
            4.8157707105237195,
            5.962370881676885,
            5.40897891034548,
            4.540117335770016,
            4.737280131885646,
            4.83635267545056,
            4.874888203602996,
            4.990880810307735,
            5.502630067218202,
            5.181511903379344
        ]
    },
    "q1": {
        "avg_wait": [
            1.492304146722681,
            1.6104594925492117,
            1.5504998917294817,
            1.489183264206803,
            1.4806781039201855,
            1.5600949907397366,
            1.481503273466848,
            1.5274569950680523,
            1.6191820496198757,
            1.5495943910533512,
            1.4607521704740731,
            1.5726855310739973,
            1.5035668414175554,
            1.5499018901230641,
            1.5610718971069764,
            1.4997834856309606,
            1.5765713913100898,
            1.5834606702953864,
            1.4308279193593905,
            1.440964717036632,
            1.463391602676312,
            1.4266300958200016,
            1.531510911972313,
            1.5335833196159265,
            1.5821277260932676
        ],