{
    "interarrival": 6,
    "servers": 1,
    "seed": 908069470,
    "GLOBAL AVG WAIT": {
        "mean": 11.29374924259483,
        "half_confidence_interval": 0.2903170119698902,
        "stdev": 0.9669343352105728,
        "confidence": 95
    },
    "GLOBAL AVG DELAY": {
        "mean": 6.864173310008135,
        "half_confidence_interval": 0.2817931613005977,
        "stdev": 0.9385446661917923,
        "confidence": 95
    },
    "GLOBAL AVG NUMBER": {
        "mean": 1.8839059905181865,
        "half_confidence_interval": 0.05636584284956459,
        "stdev": 0.1877329489392098,
        "confidence": 95
    },
    "QUEUE1 AVG WAIT": {
        "mean": 3.986373813975545,
        "half_confidence_interval": 0.05607982542338253,
        "stdev": 0.1867803348709971,
        "confidence": 95
    },
    "QUEUE1 AVG DELAY": {
        "mean": 2.7581543017849595,
        "half_confidence_interval": 0.05576424130788108,
        "stdev": 0.18572924552953937,
        "confidence": 95
    },
    "QUEUE1 AVG NUMBER": {
        "mean": 0.09271964091597197,
        "half_confidence_interval": 0.0024364166686564456,
        "stdev": 0.008114767081054184,
        "confidence": 95
    },
    "QUEUE2 AVG WAIT": {
        "mean": 6.342674705864269,
        "half_confidence_interval": 0.0638041130200295,
        "stdev": 0.21250696673993402,
        "confidence": 95
    },
    "QUEUE2 AVG DELAY": {
        "mean": 3.6819237725167366,
        "half_confidence_interval": 0.0612613294682012,
        "stdev": 0.20403793247084862,
        "confidence": 95
    },
    "QUEUE2 AVG NUMBER": {
        "mean": 0.27138801012196934,
        "half_confidence_interval": 0.005902193271366089,
        "stdev": 0.01965793629663212,
        "confidence": 95
    },
    "QUEUE3 AVG WAIT": {
        "mean": 21.564129443092874,
        "half_confidence_interval": 0.7232428979398242,
        "stdev": 2.4088439942601156,
        "confidence": 95
    },
    "QUEUE3 AVG DELAY": {
        "mean": 13.126730108053048,
        "half_confidence_interval": 0.7151277408076944,
        "stdev": 2.3818155262642438,
        "confidence": 95
    },
    "QUEUE3 AVG NUMBER": {
        "mean": 0.7817301925483895,
        "half_confidence_interval": 0.047459502739421004,
        "stdev": 0.15806935466642874,
        "confidence": 95
    },
    "QUEUE4 AVG WAIT": {
        "mean": 0.0,
        "half_confidence_interval": 0.0,
        "stdev": 0.0,
        "confidence": 95
    },
    "QUEUE4 AVG DELAY": {
        "mean": 0.0,
        "half_confidence_interval": 0.0,
        "stdev": 0.0,
        "confidence": 95
    },
    "QUEUE4 AVG NUMBER": {
        "mean": 0.0,
        "half_confidence_interval": 0.0,
        "stdev": 0.0,
        "confidence": 95
    },
    "QUEUE5 AVG WAIT": {
        "mean": 0.0,
        "half_confidence_interval": 0.0,
        "stdev": 0.0,
        "confidence": 95
    },
    "QUEUE5 AVG DELAY": {
        "mean": 0.0,
        "half_confidence_interval": 0.0,
        "stdev": 0.0,
        "confidence": 95
    },
    "QUEUE5 AVG NUMBER": {
        "mean": 0.0,
        "half_confidence_interval": 0.0,
        "stdev": 0.0,
        "confidence": 95
    },
    "QUEUE6 AVG WAIT": {
        "mean": 0.0,
        "half_confidence_interval": 0.0,
        "stdev": 0.0,
        "confidence": 95
    },
    "QUEUE6 AVG DELAY": {
        "mean": 0.0,
        "half_confidence_interval": 0.0,
        "stdev": 0.0,
        "confidence": 95
    },
    "QUEUE6 AVG NUMBER": {
        "mean": 0.0,
        "half_confidence_interval": 0.0,
        "stdev": 0.0,
        "confidence": 95
    },
    "UTILIZATION1": {
        "mean": 0.7380757648465411,
        "half_confidence_interval": 0.005599055144277278,
        "stdev": 0.01864829975688984,
        "confidence": 95
    },
    "UTILIZATION2": {
        "mean": 0.0,
        "half_confidence_interval": 0.0,
        "stdev": 0.0,
        "confidence": 95
    },
    "UTILIZATION3": {
        "mean": 0.0,
        "half_confidence_interval": 0.0,
        "stdev": 0.0,
        "confidence": 95
    },
    "UTILIZATION4": {
        "mean": 0.0,
        "half_confidence_interval": 0.0,
        "stdev": 0.0,
        "confidence": 95
    },
    "UTILIZATION5": {
        "mean": 0.0,
        "half_confidence_interval": 0.0,
        "stdev": 0.0,
        "confidence": 95
    },
    "UTILIZATION6": {
        "mean": 0.0,
        "half_confidence_interval": 0.0,
        "stdev": 0.0,
        "confidence": 95
    }
}