{
    "seed": 911700005,
    "arrival_stream": 0,
    "service_stream": 1,
    "observation_period": 840.0,
    "interarrivals": 5,
    "batch_size": 0,
    "k": 0,
    "servers": 3,
    "acquisition_time": [
        63.51655519551761,
        106.15196538199491,
        153.0524913474868,
        183.1073304560206,
        226.99675540537683,
        271.1108436780843,
        310.1394608946735,
        400.65107043469607,
        464.9410606172344,
        497.5103372108924,
        540.4563875108361,
        561.8229457693498,
        591.7362826084254,
        617.4261968710289,
        648.7161611316513,
        675.6936595420956,
        703.0386927503246,
        733.007082390678
    ],
    "avg_utilization1": [
        0.396818894665597,
        0.4756575405037691,
        0.47273756524585214,
        0.5498760718072994,
        0.5321804516706506,
        0.5325656036278591,
        0.5187256744362869,
        0.46879506288470135,
        0.47245951224495675,
        0.4703388270195287,
        0.504148308602645,
        0.5321839907293993,
        0.5384552011237077,
        0.536175134719418,
        0.5559969703425655,
        0.5745102769638661,
        0.5766623106166902,
        0.5933337542269624
    ],
    "avg_utilization2": [
        0.19749954877427983,
        0.4133755504807499,
        0.4036316938068673,
        0.5086212283805882,
        0.4727916263941136,
        0.4851243220324807,
        0.48018298782625,
        0.44464314025865137,
        0.4397013726691233,
        0.472699805866952,
        0.48254764126721855,
        0.5033263229274886,
        0.5202896859463632,
        0.5444304230280704,
        0.5695606597286225,
        0.5670334464724904,
        0.5875496093124749,
        0.5994373469759441
    ],
    "avg_utilization3": [
        0.23909265756841216,
        0.4022733251679383,
        0.4362394185250317,
        0.48662457621426514,
        0.49120497301398053,
        0.4877002620662065,
        0.4788038682762909,
        0.4533552928477837,
        0.4283488913628228,
        0.44974423200203706,
        0.47351466594060704,
        0.48797138425106423,
        0.5020077090511232,
        0.5083804523193014,
        0.5288878296641618,
        0.5385295284991086,
        0.554306306485015,
        0.5881918082709299
    ],
    "avg_utilization4": [],
    "avg_utilization5": [],
    "avg_utilization6": [],
    "avg_utilization7": [],
    "avg_utilization8": [],
    "avg_utilization9": [],
    "global": {
        "avg_wait": [
            3.7048213395015686,
            4.71853388941166,
            4.633112511546828,
            5.442798222435725,
            5.171921535728443,
            5.066590782559745,
            4.911030141850387,
            4.972308319978417,
            5.094185059767882,
            5.014764989318171,
            5.341265531465533,
            5.725634739279761,
            5.680765122923671,
            5.611108639882657,
            5.703008739363814,
            5.682534455336145,
            5.93701026155172,
            6.18604896704147
        ],
        "avg_delay": [
            0.12448794769007175,
            0.057797975713247594,
            0.03678052999933938,
            0.21153694273244067,
            0.4145422859451609,
            0.34001783004490727,
            0.3382174786724023,
            0.3282850036263967,
            0.38732143832226684,
            0.6569721585633437,
            0.9711947175950995,
            1.898530201471789,
            2.165628064597906,
            2.3367464812367054,
            2.275920818599153,
            2.2362461964278864,
            2.3193168586519723,
            2.2569014846222046,
            2.171294665148871,
            2.085647146880905,
            0.0,
            0.005171999252756768,
            0.0034088176893169605,
            0.006160960049889752,
            0.008593341646763475,
            0.007145025638881991,
            0.045651825183184946,
            0.07115538032757365,
            0.1143287800334733,
            0.21704804062580055,
            0.3503487803071384,
            0.32589063129618184,
            0.34262172971344523,
            0.4729147788546101,
            0.581761530853668,
            0.5450958881528065,
            0.5127779501200314,
            0.0,
            0.22625146199686957,
            0.29850944694314985,
            0.3234347830382844,
            0.3760586925366882,
            0.3598873856378093,
            0.30798055117081763,
            0.32567783654270005,
            0.44608541397112655,
            0.4290729968033117,
            0.4712174805424849,
            0.8519267744089152,
            0.9522014542644526,
            1.0068878178997867,
            1.0830329806874235,
            1.0501329931777514,
            0.9924065023271731,
            0.9405643716085894,
            0.0,
            0.281155442143735,
            0.17891709954601318,
            0.13573021344869965,
            0.2530484524088607,
            0.20755659579603186,
            0.1776205483254503,
            0.16756742965428148,
            0.14880988155865293,
            0.18970040737500704,
            0.4140935318148019,
            0.3956502587574177,
            0.43551939952204755,
            0.4733320788130097,
            0.9321586801389223,
            1.1441976535257647,
            1.0843550272191649,
            1.5489002498069562,
            0.7744501249034781,
            0.5042931045883112,
            0.8473515271301177,
            1.0834351922074783,
            0.8946149002373791,
            0.8247088936105023,
            0.7574579005737138,
            0.7329438430954381,
            0.741102909010472,
            0.8053148269730277,
            0.8645354944697409,
            0.8090530308567867,
            0.7471159567242097,
            0.8582077586211254,
            0.8177650823844582,
            0.8458482054031436,
            0.8016621051208899,
            0.0,
            0.3222592604590011,
            0.2098432393686519,
            0.6345538578194496,
            0.6285135485857715,
            0.5588094152343006,
            0.5206200717407274,
            0.4549956929498794,
            0.42337557562350786,
            0.4061320329999615,
            0.5020233020094946,
            0.9343527282773924,
            0.9317059596450967,
            0.9438302115958891,
            0.9806811817418439,
            0.9789334389217809,
            1.1798480780282343,
            1.3774294179034912
        ],
        "avg_number": [
            0.8165981072708155,
            1.2446208454839969,
            1.3016700103508962,
            1.6943040887887926,
            1.6860249520325934,
            1.6632554180800136,
            1.6468305364272724,
            1.476857878940514,
            1.4462745600413738,
            1.4817188675162902,
            1.6010265325619222,
            1.803837590621607,
            1.862431738998964,
            1.8811956705787944,
            1.9604428332101251,
            2.0099725898652268,
            2.128085696191353,
            2.2617259273403683
        ]
    },
    "q1": {
        "avg_wait": [
            1.5512005521762167,
            1.1634004141321626,
            1.415933807016841,
            1.6856924309769137,
            1.830129568251384,
            1.7786689014920884,
            1.733792865837971,
            1.6792906988808403,
            1.614104443827364,
            1.5722583135258466,
            1.7461005272640746,
            2.1254983625030364,
            2.066778666236069,
            2.0115708396130274,
            2.0106567410125544,
            1.9973213448063318,
            1.975351740536909,
            1.9444146679947365
        ],