{
    "interarrival": 4,
    "servers": 2,
    "seed": 583588353,
    "GLOBAL AVG WAIT": {
        "mean": 6.466587830997601,
        "half_confidence_interval": 0.08479219038889117,
        "stdev": 0.3311864205215428,
        "confidence": 95
    },
    "GLOBAL AVG DELAY": {
        "mean": 2.015331850493643,
        "half_confidence_interval": 0.07126971387288232,
        "stdev": 0.27836952107144525,
        "confidence": 95
    },
    "GLOBAL AVG NUMBER": {
        "mean": 1.61456247980664,
        "half_confidence_interval": 0.027344354861597565,
        "stdev": 0.10680322051533891,
        "confidence": 95
    },
    "QUEUE1 AVG WAIT": {
        "mean": 6.493264970348178,
        "half_confidence_interval": 0.09582512248313746,
        "stdev": 0.37427950812067373,
        "confidence": 95
    },
    "QUEUE1 AVG DELAY": {
        "mean": 2.02681282140536,
        "half_confidence_interval": 0.07662738125887844,
        "stdev": 0.2992958195403846,
        "confidence": 95
    },
    "QUEUE1 AVG NUMBER": {
        "mean": 0.25337138169481327,
        "half_confidence_interval": 0.010519295395892315,
        "stdev": 0.04108689459012665,
        "confidence": 95
    },
    "QUEUE2 AVG WAIT": {
        "mean": 6.44223604844515,
        "half_confidence_interval": 0.08747407356473505,
        "stdev": 0.3416614806089285,
        "confidence": 95
    },
    "QUEUE2 AVG DELAY": {
        "mean": 2.0048765721227975,
        "half_confidence_interval": 0.07039349710705045,
        "stdev": 0.2749471410981731,
        "confidence": 95
    },
    "QUEUE2 AVG NUMBER": {
        "mean": 0.2504074306966677,
        "half_confidence_interval": 0.009554957844700339,
        "stdev": 0.03732032717054477,
        "confidence": 95
    },
    "QUEUE3 AVG WAIT": {
        "mean": 0.0,
        "half_confidence_interval": 0.0,
        "stdev": 0.0,
        "confidence": 95
    },
    "QUEUE3 AVG DELAY": {
        "mean": 0.0,
        "half_confidence_interval": 0.0,
        "stdev": 0.0,
        "confidence": 95
    },
    "QUEUE3 AVG NUMBER": {
        "mean": 0.0,
        "half_confidence_interval": 0.0,
        "stdev": 0.0,
        "confidence": 95
    },
    "QUEUE4 AVG WAIT": {
        "mean": 0.0,
        "half_confidence_interval": 0.0,
        "stdev": 0.0,
        "confidence": 95
    },
    "QUEUE4 AVG DELAY": {
        "mean": 0.0,
        "half_confidence_interval": 0.0,
        "stdev": 0.0,
        "confidence": 95
    },
    "QUEUE4 AVG NUMBER": {
        "mean": 0.0,
        "half_confidence_interval": 0.0,
        "stdev": 0.0,
        "confidence": 95
    },
    "QUEUE5 AVG WAIT": {
        "mean": 0.0,
        "half_confidence_interval": 0.0,
        "stdev": 0.0,
        "confidence": 95
    },
    "QUEUE5 AVG DELAY": {
        "mean": 0.0,
        "half_confidence_interval": 0.0,
        "stdev": 0.0,
        "confidence": 95
    },
    "QUEUE5 AVG NUMBER": {
        "mean": 0.0,
        "half_confidence_interval": 0.0,
        "stdev": 0.0,
        "confidence": 95
    },
    "QUEUE6 AVG WAIT": {
        "mean": 0.0,
        "half_confidence_interval": 0.0,
        "stdev": 0.0,
        "confidence": 95
    },
    "QUEUE6 AVG DELAY": {
        "mean": 0.0,
        "half_confidence_interval": 0.0,
        "stdev": 0.0,
        "confidence": 95
    },
    "QUEUE6 AVG NUMBER": {
        "mean": 0.0,
        "half_confidence_interval": 0.0,
        "stdev": 0.0,
        "confidence": 95
    },
    "UTILIZATION1": {
        "mean": 0.55733425203774,
        "half_confidence_interval": 0.005280604930521459,
        "stdev": 0.0206253033104442,
        "confidence": 95
    },
    "UTILIZATION2": {
        "mean": 0.5534497736492783,
        "half_confidence_interval": 0.004617661040094407,
        "stdev": 0.018035937319659207,
        "confidence": 95
    },
    "UTILIZATION3": {
        "mean": 0.0,
        "half_confidence_interval": 0.0,
        "stdev": 0.0,
        "confidence": 95
    },
    "UTILIZATION4": {
        "mean": 0.0,
        "half_confidence_interval": 0.0,
        "stdev": 0.0,
        "confidence": 95
    },
    "UTILIZATION5": {
        "mean": 0.0,
        "half_confidence_interval": 0.0,
        "stdev": 0.0,
        "confidence": 95
    },
    "UTILIZATION6": {
        "mean": 0.0,
        "half_confidence_interval": 0.0,
        "stdev": 0.0,
        "confidence": 95
    }
}