{
    "interarrival": 2,
    "servers": 3,
    "seed": 351098448,
    "GLOBAL AVG WAIT": {
        "mean": 14.406589682938476,
        "half_confidence_interval": 0.6337663959883613,
        "stdev": 2.4754027838125388,
        "confidence": 95
    },
    "GLOBAL AVG DELAY": {
        "mean": 9.979375352542338,
        "half_confidence_interval": 0.6238808297507791,
        "stdev": 2.4367911465610685,
        "confidence": 95
    },
    "GLOBAL AVG NUMBER": {
        "mean": 0.436628886840509,
        "half_confidence_interval": 0.15493643608471255,
        "stdev": 0.6051600205150894,
        "confidence": 95
    },
    "QUEUE1 AVG WAIT": {
        "mean": 0.0,
        "half_confidence_interval": 0.0,
        "stdev": 0.0,
        "confidence": 95
    },
    "QUEUE1 AVG DELAY": {
        "mean": 0.0,
        "half_confidence_interval": 0.0,
        "stdev": 0.0,
        "confidence": 95
    },
    "QUEUE1 AVG NUMBER": {
        "mean": 0.0,
        "half_confidence_interval": 0.0,
        "stdev": 0.0,
        "confidence": 95
    },
    "QUEUE2 AVG WAIT": {
        "mean": 0.0,
        "half_confidence_interval": 0.0,
        "stdev": 0.0,
        "confidence": 95
    },
    "QUEUE2 AVG DELAY": {
        "mean": 0.0,
        "half_confidence_interval": 0.0,
        "stdev": 0.0,
        "confidence": 95
    },
    "QUEUE2 AVG NUMBER": {
        "mean": 0.0,
        "half_confidence_interval": 0.0,
        "stdev": 0.0,
        "confidence": 95
    },
    "QUEUE3 AVG WAIT": {
        "mean": 0.0,
        "half_confidence_interval": 0.0,
        "stdev": 0.0,
        "confidence": 95
    },
    "QUEUE3 AVG DELAY": {
        "mean": 0.0,
        "half_confidence_interval": 0.0,
        "stdev": 0.0,
        "confidence": 95
    },
    "QUEUE3 AVG NUMBER": {
        "mean": 0.0,
        "half_confidence_interval": 0.0,
        "stdev": 0.0,
        "confidence": 95
    },
    "UTILIZATION1": {
        "mean": 0.7291675076111902,
        "half_confidence_interval": 0.0142864999223078,
        "stdev": 0.05580106787370248,
        "confidence": 95
    },
    "UTILIZATION2": {
        "mean": 0.7297876986596159,
        "half_confidence_interval": 0.010701418420724822,
        "stdev": 0.04179824161881169,
        "confidence": 95
    },
    "UTILIZATION3": {
        "mean": 0.7444117297818285,
        "half_confidence_interval": 0.014405778902645595,
        "stdev": 0.05626695486589309,
        "confidence": 95
    },
    "UTILIZATION4": {
        "mean": 0.0,
        "half_confidence_interval": 0.0,
        "stdev": 0.0,
        "confidence": 95
    },
    "UTILIZATION5": {
        "mean": 0.0,
        "half_confidence_interval": 0.0,
        "stdev": 0.0,
        "confidence": 95
    },
    "UTILIZATION6": {
        "mean": 0.0,
        "half_confidence_interval": 0.0,
        "stdev": 0.0,
        "confidence": 95
    }
}