{
    "interarrival": 5.0,
    "servers": 2,
    "seed": 1552593793,
    "GLOBAL AVG WAIT": {
        "mean": 5.197725181216788,
        "half_confidence_interval": 0.03262385916733787,
        "stdev": 0.1207283474990565,
        "confidence": 95
    },
    "GLOBAL AVG DELAY": {
        "mean": 0.7697636913205004,
        "half_confidence_interval": 0.02068851558735081,
        "stdev": 0.07656023422176725,
        "confidence": 95
    },
    "GLOBAL AVG NUMBER": {
        "mean": 1.0372417683083268,
        "half_confidence_interval": 0.010441746878093672,
        "stdev": 0.038640886693680154,
        "confidence": 95
    },
    "QUEUE1 AVG WAIT": {
        "mean": 1.7794266388135884,
        "half_confidence_interval": 0.021632432358450856,
        "stdev": 0.08005330692561352,
        "confidence": 95
    },
    "QUEUE1 AVG DELAY": {
        "mean": 0.5502680361052825,
        "half_confidence_interval": 0.021820806192565483,
        "stdev": 0.08075040599007642,
        "confidence": 95
    },
    "QUEUE1 AVG NUMBER": {
        "mean": 0.02217341400534799,
        "half_confidence_interval": 0.000905537070989079,
        "stdev": 0.003351044204147974,
        "confidence": 95
    },
    "QUEUE2 AVG WAIT": {
        "mean": 3.3153916229081317,
        "half_confidence_interval": 0.018991423305535757,
        "stdev": 0.07027994881206126,
        "confidence": 95
    },
    "QUEUE2 AVG DELAY": {
        "mean": 0.656084043234649,
        "half_confidence_interval": 0.016009888790847675,
        "stdev": 0.05924643701557608,
        "confidence": 95
    },
    "QUEUE2 AVG NUMBER": {
        "mean": 0.057886570992432836,
        "half_confidence_interval": 0.0015309106144088393,
        "stdev": 0.005665311013584364,
        "confidence": 95
    },
    "QUEUE3 AVG WAIT": {
        "mean": 9.476905283221946,
        "half_confidence_interval": 0.04929479985409717,
        "stdev": 0.18242108317584155,
        "confidence": 95
    },
    "QUEUE3 AVG DELAY": {
        "mean": 1.035705173672834,
        "half_confidence_interval": 0.037779623974936234,
        "stdev": 0.1398078488579368,
        "confidence": 95
    },
    "QUEUE3 AVG NUMBER": {
        "mean": 0.07366742686138493,
        "half_confidence_interval": 0.003015299818822742,
        "stdev": 0.011158464192523651,
        "confidence": 95
    },
    "QUEUE4 AVG WAIT": {
        "mean": 0.0,
        "half_confidence_interval": 0.0,
        "stdev": 0.0,
        "confidence": 95
    },
    "QUEUE4 AVG DELAY": {
        "mean": 0.0,
        "half_confidence_interval": 0.0,
        "stdev": 0.0,
        "confidence": 95
    },
    "QUEUE4 AVG NUMBER": {
        "mean": 0.0,
        "half_confidence_interval": 0.0,
        "stdev": 0.0,
        "confidence": 95
    },
    "QUEUE5 AVG WAIT": {
        "mean": 0.0,
        "half_confidence_interval": 0.0,
        "stdev": 0.0,
        "confidence": 95
    },
    "QUEUE5 AVG DELAY": {
        "mean": 0.0,
        "half_confidence_interval": 0.0,
        "stdev": 0.0,
        "confidence": 95
    },
    "QUEUE5 AVG NUMBER": {
        "mean": 0.0,
        "half_confidence_interval": 0.0,
        "stdev": 0.0,
        "confidence": 95
    },
    "QUEUE6 AVG WAIT": {
        "mean": 0.0,
        "half_confidence_interval": 0.0,
        "stdev": 0.0,
        "confidence": 95
    },
    "QUEUE6 AVG DELAY": {
        "mean": 0.0,
        "half_confidence_interval": 0.0,
        "stdev": 0.0,
        "confidence": 95
    },
    "QUEUE6 AVG NUMBER": {
        "mean": 0.0,
        "half_confidence_interval": 0.0,
        "stdev": 0.0,
        "confidence": 95
    },
    "UTILIZATION1": {
        "mean": 0.44182860548970204,
        "half_confidence_interval": 0.0037836173692454194,
        "stdev": 0.014001711759933437,
        "confidence": 95
    },
    "UTILIZATION2": {
        "mean": 0.4416824359173522,
        "half_confidence_interval": 0.0034210670552031566,
        "stdev": 0.012660052575007583,
        "confidence": 95
    },
    "UTILIZATION3": {
        "mean": 0.0,
        "half_confidence_interval": 0.0,
        "stdev": 0.0,
        "confidence": 95
    },
    "UTILIZATION4": {
        "mean": 0.0,
        "half_confidence_interval": 0.0,
        "stdev": 0.0,
        "confidence": 95
    },
    "UTILIZATION5": {
        "mean": 0.0,
        "half_confidence_interval": 0.0,
        "stdev": 0.0,
        "confidence": 95
    },
    "UTILIZATION6": {
        "mean": 0.0,
        "half_confidence_interval": 0.0,
        "stdev": 0.0,
        "confidence": 95
    }
}