{
    "seed": 1914806724,
    "arrival_stream": 0,
    "service_stream": 1,
    "observation_period": 84000.0,
    "interarrivals": 1,
    "batch_size": 1000,
    "k": 25,
    "servers": 6,
    "acquisition_time": [],
    "avg_utilization1": [
        0.7101156685312672,
        0.7276245323826714,
        0.7504536698224726,
        0.7528363383385256,
        0.718318555498055,
        0.7970752871735737,
        0.7468700528305263,
        0.7076089420563905,
        0.7289589339706242,
        0.6746213840142429,
        0.7585711585580006,
        0.7011099919222267,
        0.8043413109688411,
        0.6969511752921292,
        0.7436763599197401,
        0.7064802751598801,
        0.7360908608335088,
        0.7190489319333851,
        0.7518336949504634,
        0.7382174244427973,
        0.7645061125007572,
        0.7524642719554872,
        0.7686957227307017,
        0.7309117881755345,
        0.7674645961173137
    ],
    "avg_utilization2": [
        0.6989694039018766,
        0.7511027819313598,
        0.7345867754545551,
        0.745152775626087,
        0.712723140970535,
        0.78920632105586,
        0.7732387487156934,
        0.7489127093741597,
        0.7611015794616675,
        0.6967715128183934,
        0.7468685731663506,
        0.6997479828668244,
        0.821910481242763,
        0.7324954225283287,
        0.7371483833604067,
        0.7131763205478954,
        0.7349892094978677,
        0.7291478240457145,
        0.7643257127832451,
        0.7173841394735905,
        0.7831915274752802,
        0.7808093517412681,
        0.7700304885093551,
        0.7498268248667476,
        0.7398804223961443
    ],
    "avg_utilization3": [
        0.6772636345517425,
        0.7337709438618222,
        0.8139397360732556,
        0.7297509749002669,
        0.7146500219308815,
        0.8289816752311957,
        0.755369469821212,
        0.7693362995257911,
        0.74909790100735,
        0.6942643656378161,
        0.780456603358425,
        0.7084282528596735,
        0.8125349123744536,
        0.7165910043176162,
        0.7293374149962236,
        0.734204128643563,
        0.685208118611024,
        0.7502399058054584,
        0.730311907403015,
        0.7176328230082328,
        0.807405122247825,
        0.7506362697319513,
        0.7651220331464452,
        0.7642974005165966,
        0.773413447255286
    ],
    "avg_utilization4": [
        0.6642428436961731,
        0.741302095387292,
        0.7726586855447951,
        0.7220528893861561,
        0.6829935955450639,
        0.7908069460032533,
        0.7728381096803487,
        0.7409109943094181,
        0.7425628303334327,
        0.7148540726887609,
        0.7518019135738491,
        0.7424224338492148,
        0.797922589708941,
        0.7138218287859308,
        0.7603792631857763,
        0.6881126657576,
        0.7143868850320824,
        0.7381187565880226,
        0.73789191438287,
        0.7050880780602828,
        0.7670131826656174,
        0.7500252687862109,
        0.7644032132183164,
        0.7105692603903597,
        0.7653426528987533
    ],
    "avg_utilization5": [
        0.6593752541536114,
        0.7646416406182589,
        0.7848991393118293,
        0.7459554886962843,
        0.7052011630923305,
        0.785283289156125,
        0.7910643243511184,
        0.7308714642226533,
        0.7554314204927416,
        0.7063768209253408,
        0.7435465413087226,
        0.733098804801979,
        0.8019488061456151,
        0.7082853203244874,
        0.7328212705359796,
        0.7471202247757734,
        0.7240255501940153,
        0.7183735771271699,
        0.7539291532034282,
        0.7215063156398716,
        0.773284783181204,
        0.7533572001014083,
        0.7621259178425321,
        0.7432718922719371,
        0.7639488601454181
    ],
    "avg_utilization6": [
        0.6657838094801771,
        0.7353273909434798,
        0.773515509492231,
        0.7356332982506741,
        0.7015963009286723,
        0.8098532176467979,
        0.7475843506912294,
        0.7504316937159322,
        0.7431091130978152,
        0.7044878031920883,
        0.7449714015743446,
        0.7216763392116678,
        0.8200669974664098,
        0.6994567308639943,
        0.7672110051139372,
        0.6989640370167832,
        0.7160619252273114,
        0.739385727750896,
        0.7766733345678052,
        0.7075913961596174,
        0.7634708234730027,
        0.759915064426194,
        0.7294317677395372,
        0.713302956536586,
        0.7748141593652931
    ],
    "global": {
        "avg_wait": [
            4.801333464103036,
            5.225830710482216,
            5.620769214198584,
            5.058034440680584,
            4.886005368393421,
            5.674558030108491,
            5.298154599390622,
            5.173396841715177,
            5.242231199646594,
            4.750578757554878,
            5.067280906177706,
            4.812425416697517,
            5.6484195578675624,
            4.8706907547799165,
            4.928351764257687,
            4.813089464569079,
            5.165693416128596,
            5.159747214019299,
            4.972963112135799,
            5.093769926761372,
            5.366661513602842,
            5.252170115559238,
            5.513086144942041,
            4.995152669677212,
            5.303033067826971
        ],
        "avg_delay": [
            0.5154272604107462,
            0.7424362387125748,
            1.2263839333578717,
            0.5645804917397199,
            0.4497983829870891,
            1.0740357769320443,
            0.754203419657183,
            0.8339841093441556,
            0.8348623186348059,
            0.4917214092874947,
            0.5541047304789153,
            0.45006765453640585,
            1.0041772447848052,
            0.6018990795478785,
            0.5981256601574514,
            0.4841428467602309,
            0.7052696264739825,
            0.8143231530332486,
            0.6268934736285847,
            0.7129727137450281,
            0.9294533690730713,
            0.7654537794993557,
            1.0811622879984024,
            0.5410823558727752,
            0.7508221401084885
        ],
        "avg_number": [
            4.563044640376958,
            5.180241669657566,
            5.898305675457153,
            5.016283498296802,
            4.636197111616309,
            5.938511008350668,
            5.352991094019995,
            5.30892416097413,
            5.3078730415389,
            4.679752174459446,
            5.072871022652761,
            4.769977272928802,
            5.919542973815873,
            4.84832680440396,
            5.1051018240558355,
            4.76741092400787,
            4.970331526582557,
            5.239503546514968,
            5.149851563753242,
            5.006278739231049,
            5.636136086352558,
            5.338494765277582,
            5.6860459377687045,
            4.922035816633925,
            5.354682105982873
        ]
    },
    "q1": {
        "avg_wait": [
            1.4212472397541944,
            1.4693246228422254,
            1.5309168004577969,
            1.4658387356727518,
            1.3828720663447687,
            1.6504566076199645,
            1.5293921240893222,
            1.5636559486608934,
            1.4913617040171094,
            1.4126224084440857,
            1.4830941509433941,
            1.4770946577835296,
            1.6287855882083444,
            1.4302399547086226,
            1.5688847284273593,
            1.4849447029531953,
            1.5237482971575074,
            1.5834426079929746,
            1.640856723763203,
            1.4650352352861251,
            1.6069530225950401,
            1.5867451070581269,
            1.5680674767269962,
            1.5675046824939942,
            1.4942461084066663
        ],