{
    "interarrival": 1,
    "servers": 6,
    "seed": 1914806724,
    "GLOBAL AVG WAIT": {
        "mean": 5.156046136493324,
        "half_confidence_interval": 0.11764492382152611,
        "stdev": 0.2660739527873037,
        "confidence": 95
    },
    "GLOBAL AVG DELAY": {
        "mean": 0.7322232198366554,
        "half_confidence_interval": 0.09434803277824652,
        "stdev": 0.21338408155287375,
        "confidence": 95
    },
    "GLOBAL AVG NUMBER": {
        "mean": 5.2065647060152465,
        "half_confidence_interval": 0.16893333545876746,
        "stdev": 0.3820713963931636,
        "confidence": 95
    },
    "QUEUE1 AVG WAIT": {
        "mean": 1.5266016501846666,
        "half_confidence_interval": 0.031903626884428084,
        "stdev": 0.0721554644063431,
        "confidence": 95
    },
    "QUEUE1 AVG DELAY": {
        "mean": 0.29982020359580336,
        "half_confidence_interval": 0.030890547617785164,
        "stdev": 0.06986421378365178,
        "confidence": 95
    },
    "QUEUE1 AVG NUMBER": {
        "mean": 0.061188315173275776,
        "half_confidence_interval": 0.006526515112778476,
        "stdev": 0.014760821101108159,
        "confidence": 95
    },
    "QUEUE2 AVG WAIT": {
        "mean": 3.1748392382917037,
        "half_confidence_interval": 0.04999376162418067,
        "stdev": 0.1130693729738131,
        "confidence": 95
    },
    "QUEUE2 AVG DELAY": {
        "mean": 0.5057243856920732,
        "half_confidence_interval": 0.047372319263395135,
        "stdev": 0.10714053636717437,
        "confidence": 95
    },
    "QUEUE2 AVG NUMBER": {
        "mean": 0.2268473004037539,
        "half_confidence_interval": 0.02287325604764466,
        "stdev": 0.05173174882535248,
        "confidence": 95
    },
    "QUEUE3 AVG WAIT": {
        "mean": 9.704591516178485,
        "half_confidence_interval": 0.21922869864188943,
        "stdev": 0.49582289245692884,
        "confidence": 95
    },
    "QUEUE3 AVG DELAY": {
        "mean": 1.25897340666525,
        "half_confidence_interval": 0.2101743516368281,
        "stdev": 0.47534495070400345,
        "confidence": 95
    },
    "QUEUE3 AVG NUMBER": {
        "mean": 0.45502710749298236,
        "half_confidence_interval": 0.08238391509606761,
        "stdev": 0.18632519979322285,
        "confidence": 95
    },
    "UTILIZATION1": {
        "mean": 0.738142033714371,
        "half_confidence_interval": 0.013301309397152877,
        "stdev": 0.030083167667450183,
        "confidence": 95
    },
    "UTILIZATION2": {
        "mean": 0.7475586342397367,
        "half_confidence_interval": 0.013188924509241418,
        "stdev": 0.029828990178198508,
        "confidence": 95
    },
    "UTILIZATION3": {
        "mean": 0.7496333602178303,
        "half_confidence_interval": 0.01686877422035201,
        "stdev": 0.038151594558339726,
        "confidence": 95
    },
    "UTILIZATION4": {
        "mean": 0.7401277162114609,
        "half_confidence_interval": 0.013170321367320045,
        "stdev": 0.029786916016862043,
        "confidence": 95
    },
    "UTILIZATION5": {
        "mean": 0.7472356568835133,
        "half_confidence_interval": 0.01195939461592684,
        "stdev": 0.027048199744089684,
        "confidence": 95
    },
    "UTILIZATION6": {
        "mean": 0.7417268776124786,
        "half_confidence_interval": 0.014421049375813972,
        "stdev": 0.03261564958454769,
        "confidence": 95
    }
}