{
    "interarrival": 2,
    "servers": 3,
    "seed": 1979767418,
    "GLOBAL AVG WAIT": {
        "mean": 15.52615958109865,
        "half_confidence_interval": 0.8926663872126912,
        "stdev": 2.350423401808223,
        "confidence": 95
    },
    "GLOBAL AVG DELAY": {
        "mean": 11.053227575093329,
        "half_confidence_interval": 0.870396383143559,
        "stdev": 2.2917856627017983,
        "confidence": 95
    },
    "GLOBAL AVG NUMBER": {
        "mean": 0.792400818375821,
        "half_confidence_interval": 0.32170484755218365,
        "stdev": 0.8470606858210702,
        "confidence": 95
    },
    "QUEUE1 AVG WAIT": {
        "mean": 0.0,
        "half_confidence_interval": 0.0,
        "stdev": 0.0,
        "confidence": 95
    },
    "QUEUE1 AVG DELAY": {
        "mean": 0.0,
        "half_confidence_interval": 0.0,
        "stdev": 0.0,
        "confidence": 95
    },
    "QUEUE1 AVG NUMBER": {
        "mean": 0.0,
        "half_confidence_interval": 0.0,
        "stdev": 0.0,
        "confidence": 95
    },
    "QUEUE2 AVG WAIT": {
        "mean": 0.0,
        "half_confidence_interval": 0.0,
        "stdev": 0.0,
        "confidence": 95
    },
    "QUEUE2 AVG DELAY": {
        "mean": 0.0,
        "half_confidence_interval": 0.0,
        "stdev": 0.0,
        "confidence": 95
    },
    "QUEUE2 AVG NUMBER": {
        "mean": 0.0,
        "half_confidence_interval": 0.0,
        "stdev": 0.0,
        "confidence": 95
    },
    "QUEUE3 AVG WAIT": {
        "mean": 0.0,
        "half_confidence_interval": 0.0,
        "stdev": 0.0,
        "confidence": 95
    },
    "QUEUE3 AVG DELAY": {
        "mean": 0.0,
        "half_confidence_interval": 0.0,
        "stdev": 0.0,
        "confidence": 95
    },
    "QUEUE3 AVG NUMBER": {
        "mean": 0.0,
        "half_confidence_interval": 0.0,
        "stdev": 0.0,
        "confidence": 95
    },
    "UTILIZATION1": {
        "mean": 0.7502321452325351,
        "half_confidence_interval": 0.021320921147486686,
        "stdev": 0.056138768896224066,
        "confidence": 95
    },
    "UTILIZATION2": {
        "mean": 0.7421813146071842,
        "half_confidence_interval": 0.016797357864444834,
        "stdev": 0.04422806053716864,
        "confidence": 95
    },
    "UTILIZATION3": {
        "mean": 0.7724171798922312,
        "half_confidence_interval": 0.018846974599631458,
        "stdev": 0.04962477672154601,
        "confidence": 95
    },
    "UTILIZATION4": {
        "mean": 0.0,
        "half_confidence_interval": 0.0,
        "stdev": 0.0,
        "confidence": 95
    },
    "UTILIZATION5": {
        "mean": 0.0,
        "half_confidence_interval": 0.0,
        "stdev": 0.0,
        "confidence": 95
    },
    "UTILIZATION6": {
        "mean": 0.0,
        "half_confidence_interval": 0.0,
        "stdev": 0.0,
        "confidence": 95
    }
}