{
    "interarrival": 5,
    "servers": 2,
    "seed": 1865511657,
    "GLOBAL AVG WAIT": {
        "mean": 5.63464644778743,
        "half_confidence_interval": 0.05634362174480508,
        "stdev": 0.20850606025704269,
        "confidence": 95
    },
    "GLOBAL AVG DELAY": {
        "mean": 1.1855737312902919,
        "half_confidence_interval": 0.040982817502818694,
        "stdev": 0.15166163535687102,
        "confidence": 95
    },
    "GLOBAL AVG NUMBER": {
        "mean": 1.1238253704945196,
        "half_confidence_interval": 0.015569473512594221,
        "stdev": 0.057616629564405206,
        "confidence": 95
    },
    "QUEUE1 AVG WAIT": {
        "mean": 5.646059180836164,
        "half_confidence_interval": 0.06535168122132864,
        "stdev": 0.24184142163153968,
        "confidence": 95
    },
    "QUEUE1 AVG DELAY": {
        "mean": 1.1841213712728456,
        "half_confidence_interval": 0.0439630925406547,
        "stdev": 0.16269048631423583,
        "confidence": 95
    },
    "QUEUE1 AVG NUMBER": {
        "mean": 0.11808369710527873,
        "half_confidence_interval": 0.00473473438862661,
        "stdev": 0.017521429811655557,
        "confidence": 95
    },
    "QUEUE2 AVG WAIT": {
        "mean": 5.6248707020987725,
        "half_confidence_interval": 0.06281949536185791,
        "stdev": 0.23247077627636217,
        "confidence": 95
    },
    "QUEUE2 AVG DELAY": {
        "mean": 1.187351457062268,
        "half_confidence_interval": 0.04182467050343016,
        "stdev": 0.15477700932534066,
        "confidence": 95
    },
    "QUEUE2 AVG NUMBER": {
        "mean": 0.11866270134112493,
        "half_confidence_interval": 0.004661985565546546,
        "stdev": 0.01725221441479195,
        "confidence": 95
    },
    "QUEUE3 AVG WAIT": {
        "mean": 0.0,
        "half_confidence_interval": 0.0,
        "stdev": 0.0,
        "confidence": 95
    },
    "QUEUE3 AVG DELAY": {
        "mean": 0.0,
        "half_confidence_interval": 0.0,
        "stdev": 0.0,
        "confidence": 95
    },
    "QUEUE3 AVG NUMBER": {
        "mean": 0.0,
        "half_confidence_interval": 0.0,
        "stdev": 0.0,
        "confidence": 95
    },
    "QUEUE4 AVG WAIT": {
        "mean": 0.0,
        "half_confidence_interval": 0.0,
        "stdev": 0.0,
        "confidence": 95
    },
    "QUEUE4 AVG DELAY": {
        "mean": 0.0,
        "half_confidence_interval": 0.0,
        "stdev": 0.0,
        "confidence": 95
    },
    "QUEUE4 AVG NUMBER": {
        "mean": 0.0,
        "half_confidence_interval": 0.0,
        "stdev": 0.0,
        "confidence": 95
    },
    "QUEUE5 AVG WAIT": {
        "mean": 0.0,
        "half_confidence_interval": 0.0,
        "stdev": 0.0,
        "confidence": 95
    },
    "QUEUE5 AVG DELAY": {
        "mean": 0.0,
        "half_confidence_interval": 0.0,
        "stdev": 0.0,
        "confidence": 95
    },
    "QUEUE5 AVG NUMBER": {
        "mean": 0.0,
        "half_confidence_interval": 0.0,
        "stdev": 0.0,
        "confidence": 95
    },
    "QUEUE6 AVG WAIT": {
        "mean": 0.0,
        "half_confidence_interval": 0.0,
        "stdev": 0.0,
        "confidence": 95
    },
    "QUEUE6 AVG DELAY": {
        "mean": 0.0,
        "half_confidence_interval": 0.0,
        "stdev": 0.0,
        "confidence": 95
    },
    "QUEUE6 AVG NUMBER": {
        "mean": 0.0,
        "half_confidence_interval": 0.0,
        "stdev": 0.0,
        "confidence": 95
    },
    "UTILIZATION1": {
        "mean": 0.44434916425041276,
        "half_confidence_interval": 0.003982519613097063,
        "stdev": 0.014737772416978715,
        "confidence": 95
    },
    "UTILIZATION2": {
        "mean": 0.4427324170729946,
        "half_confidence_interval": 0.0044922762244073424,
        "stdev": 0.016624185455808384,
        "confidence": 95
    },
    "UTILIZATION3": {
        "mean": 0.0,
        "half_confidence_interval": 0.0,
        "stdev": 0.0,
        "confidence": 95
    },
    "UTILIZATION4": {
        "mean": 0.0,
        "half_confidence_interval": 0.0,
        "stdev": 0.0,
        "confidence": 95
    },
    "UTILIZATION5": {
        "mean": 0.0,
        "half_confidence_interval": 0.0,
        "stdev": 0.0,
        "confidence": 95
    },
    "UTILIZATION6": {
        "mean": 0.0,
        "half_confidence_interval": 0.0,
        "stdev": 0.0,
        "confidence": 95
    }
}