{
    "seed": 1036503463,
    "arrival_stream": 0,
    "service_stream": 1,
    "observation_period": 40000.0,
    "interarrivals": 5.0,
    "batch_size": 0,
    "k": 0,
    "servers": 2,
    "acquisition_time": [
        55.60569220932246,
        57.07896361846024,
        66.18181376124186,
        104.84971088160542,
        110.60103287385587,
        137.81695744372755,
        167.36190786888298,
        185.59904307675072,
        218.5207448375586,
        253.67670400773514,
        300.51574338778306,
        384.71949246346867,
        490.56153833544715,
        573.293492589819,
        642.4353746769066,
        797.1284775044832,
        938.3959972522065,
        1106.6450294189822,
        1324.45756843131,
        1596.8917532942498,
        1903.8891659201747,
        2362.415754289809,
        2772.5086508521795,
        3273.4997963049013,
        3972.970526256337,
        4760.205316264318,
        5701.559625071618,
        6737.097295163473,
        8035.857306948392,
        9604.058500114443,
        11406.667383839918,
        13699.640005532425,
        16237.785945490872,
        19449.001711661655,
        23219.408933547184,
        27644.86284589302,
        33568.18738673881
    ],
    "avg_utilization1": [
        0.5584219853833198,
        0.6516618905313137,
        0.5998445405625361,
        0.46679856179957946,
        0.45949715353001513,
        0.46694201632949744,
        0.44401382753742424,
        0.41591759518269433,
        0.45457428806076594,
        0.4796421804137659,
        0.44639267853171,
        0.4134610844463921,
        0.43303987406623395,
        0.44300617176578916,
        0.45573687050707024,
        0.4249193661396342,
        0.4068622036169432,
        0.4276022090087399,
        0.42285708296220886,
        0.43789565100291844,
        0.4348339467045791,
        0.4142067099261485,
        0.4323865542079661,
        0.42486956421338545,
        0.4205631216429931,
        0.4295385009341305,
        0.42381818665535,
        0.43219017611722194,
        0.43152518567747083,
        0.43920380377680923,
        0.4426722925216309,
        0.44340223712458215,
        0.4558994508350411,
        0.4558297480979732,
        0.4575745147520188,
        0.46147645693872824,
        0.4539182521472134
    ],
    "avg_utilization2": [
        0.5477962383643133,
        0.5336570093935484,
        0.5522683527575294,
        0.46173139182938905,
        0.48616110886186814,
        0.49740107483024854,
        0.42750378727684357,
        0.4262382609633449,
        0.4265047095221574,
        0.4536937073373817,
        0.4562612533096073,
        0.391634718246578,
        0.4077984497961042,
        0.43854396890476477,
        0.4644103544515125,
        0.4349184528587017,
        0.43935977642942403,
        0.4728770048518592,
        0.4716481820566555,
        0.47016914026005924,
        0.45981757110569266,
        0.43474718934366746,
        0.4488636251745148,
        0.4584259886914995,
        0.4450732188904095,
        0.42932603672323966,
        0.431741561384366,
        0.4363027871999088,
        0.4312764440826447,
        0.4367547038106818,
        0.439940251255808,
        0.4391554752314433,
        0.4502339305143338,
        0.4523663984536035,
        0.4555778601524299,
        0.45720471719132216,
        0.4545420765324002
    ],
    "avg_utilization3": [],
    "avg_utilization4": [],
    "avg_utilization5": [],
    "avg_utilization6": [],
    "global": {
        "avg_wait": [
            7.94207181211253,
            6.9251208350777,
            6.8579316146026486,
            6.773258968929298,
            6.49640250899653,
            7.062686101104499,
            6.339093103192973,
            5.731150361639942,
            5.887784593457718,
            6.056630886632359,
            5.8326424266599055,
            5.526372961104404,
            5.86080102390074,
            6.079502185360867,
            6.080169941227591,
            5.775228784576397,
            5.499716105129125,
            5.878984009518504,
            5.808222090651143,
            5.923688687523801,
            5.835228220586824,
            5.63444478495679,
            5.6600905879083765,
            5.571209377756053,
            5.505628927302437,
            5.388476643452284,
            5.460445337498029,
            5.540811929574741,
            5.498762261278558,
            5.584814262645344,
            5.578333161017554,
            5.5475372794781,
            5.688886136249584,
            5.684967354729879,
            5.727856142215978,
            5.741800143577924,
            5.705856881572858
        ],
        "avg_delay": [
            2.0116148545740353,
            1.7375281356059915,
            1.4893098305194212,
            1.467262674493592,
            1.5347393729320757,
            1.5657797280117527,
            1.3295100439162582,
            1.1339938609873967,
            1.2951284963204035,
            1.474255997305446,
            1.3789767311147683,
            1.1638934034071018,
            1.064487748955301,
            1.2460867626618,
            1.3254460730718822,
            1.144139517286399,
            1.0133244731384565,
            1.2203258527788974,
            1.1897777666782399,
            1.2008792932418044,
            1.2130803829405945,
            1.0969287978509585,
            1.0501401239405213,
            1.0314972034477055,
            0.9982270041102994,
            0.9301256064315977,
            1.0218421379896614,
            1.1095659370691804,
            1.1194699303640885,
            1.1661230293268525,
            1.1642675250490884,
            1.1267976292463726,
            1.2043997344162871,
            1.1995665398984467,
            1.2408591588464835,
            1.2626440487050572,
            1.223880610771075
        ],
        "avg_number": [
            1.4282839573717272,
            1.4559032742153026,
            1.450716399988786,
            1.0981947542212909,
            1.1747453600014552,
            1.2299246012285452,
            1.0984201980812611,
            1.0498928715660352,
            1.1046968035516032,
            1.193769627038295,
            1.1451177209337655,
            1.019892383736368,
            1.027452926223514,
            1.0922655379592732,
            1.1641029312047264,
            1.0722661205043946,
            1.0373549689665051,
            1.1315494677501887,
            1.1226519374024082,
            1.138820100559884,
            1.1278828744939582,
            1.054185568492187,
            1.0819977101493925,
            1.0824161859586745,
            1.0573435780028546,
            1.0368974188020552,
            1.0525241899640667,
            1.0847892816325655,
            1.0832124472988554,
            1.1042792257707648,
            1.1145254653405452,
            1.1075119093089585,
            1.1494938703892756,
            1.1510822907431149,
            1.1655817919149747,
            1.177651232909749,
            1.1565310266814912
        ]
    },