{
    "interarrival": 1.0,
    "servers": 4,
    "seed": 999701645,
    "GLOBAL AVG WAIT": {
        "mean": 8139.27178705949,
        "half_confidence_interval": 1180.2069310008005,
        "stdev": 4609.722984630896,
        "confidence": 95
    },
    "GLOBAL AVG DELAY": {
        "mean": 8134.831921546858,
        "half_confidence_interval": 1180.2085578038361,
        "stdev": 4609.729338695719,
        "confidence": 95
    },
    "GLOBAL AVG NUMBER": {
        "mean": 7341.55210112689,
        "half_confidence_interval": 1071.3585797013816,
        "stdev": 4184.576568655671,
        "confidence": 95
    },
    "QUEUE1 AVG WAIT": {
        "mean": 8147.16888580154,
        "half_confidence_interval": 1184.4211757238697,
        "stdev": 4626.183234314668,
        "confidence": 95
    },
    "QUEUE1 AVG DELAY": {
        "mean": 8142.721171592378,
        "half_confidence_interval": 1184.422972478335,
        "stdev": 4626.190252185974,
        "confidence": 95
    },
    "QUEUE1 AVG NUMBER": {
        "mean": 1834.330495673959,
        "half_confidence_interval": 267.8396539990033,
        "stdev": 1046.1441776043548,
        "confidence": 95
    },
    "QUEUE2 AVG WAIT": {
        "mean": 8173.953398406831,
        "half_confidence_interval": 1184.818126079538,
        "stdev": 4627.733666811051,
        "confidence": 95
    },
    "QUEUE2 AVG DELAY": {
        "mean": 8169.491800409493,
        "half_confidence_interval": 1184.81920198251,
        "stdev": 4627.737869137381,
        "confidence": 95
    },
    "QUEUE2 AVG NUMBER": {
        "mean": 1834.4487717568577,
        "half_confidence_interval": 267.8395928049508,
        "stdev": 1046.143938588956,
        "confidence": 95
    },
    "QUEUE3 AVG WAIT": {
        "mean": 8154.282109994608,
        "half_confidence_interval": 1197.0087408835727,
        "stdev": 4675.348500941273,
        "confidence": 95
    },
    "QUEUE3 AVG DELAY": {
        "mean": 8149.839397802565,
        "half_confidence_interval": 1197.0064894355896,
        "stdev": 4675.339707100766,
        "confidence": 95
    },
    "QUEUE3 AVG NUMBER": {
        "mean": 1834.4440087938742,
        "half_confidence_interval": 267.84006923150497,
        "stdev": 1046.1457994443529,
        "confidence": 95
    },
    "QUEUE4 AVG WAIT": {
        "mean": 8115.623335522602,
        "half_confidence_interval": 1168.194848984455,
        "stdev": 4562.80547456589,
        "confidence": 95
    },
    "QUEUE4 AVG DELAY": {
        "mean": 8111.195855248439,
        "half_confidence_interval": 1168.1931527369545,
        "stdev": 4562.798849260712,
        "confidence": 95
    },
    "QUEUE4 AVG NUMBER": {
        "mean": 1834.3288249022037,
        "half_confidence_interval": 267.83926412240805,
        "stdev": 1046.1426548009758,
        "confidence": 95
    },
    "QUEUE5 AVG WAIT": {
        "mean": 0.0,
        "half_confidence_interval": 0.0,
        "stdev": 0.0,
        "confidence": 95
    },
    "QUEUE5 AVG DELAY": {
        "mean": 0.0,
        "half_confidence_interval": 0.0,
        "stdev": 0.0,
        "confidence": 95
    },
    "QUEUE5 AVG NUMBER": {
        "mean": 0.0,
        "half_confidence_interval": 0.0,
        "stdev": 0.0,
        "confidence": 95
    },
    "QUEUE6 AVG WAIT": {
        "mean": 0.0,
        "half_confidence_interval": 0.0,
        "stdev": 0.0,
        "confidence": 95
    },
    "QUEUE6 AVG DELAY": {
        "mean": 0.0,
        "half_confidence_interval": 0.0,
        "stdev": 0.0,
        "confidence": 95
    },
    "QUEUE6 AVG NUMBER": {
        "mean": 0.0,
        "half_confidence_interval": 0.0,
        "stdev": 0.0,
        "confidence": 95
    },
    "UTILIZATION1": {
        "mean": 0.9999490135952889,
        "half_confidence_interval": 0.0004973576334500607,
        "stdev": 0.001942609261370977,
        "confidence": 95
    },
    "UTILIZATION2": {
        "mean": 1.000012770628105,
        "half_confidence_interval": 0.0005711392052610727,
        "stdev": 0.002230789747763313,
        "confidence": 95
    },
    "UTILIZATION3": {
        "mean": 1.000010941806009,
        "half_confidence_interval": 0.0005254890425873474,
        "stdev": 0.002052486605660288,
        "confidence": 95
    },
    "UTILIZATION4": {
        "mean": 0.9999456526832198,
        "half_confidence_interval": 0.0004024110884308097,
        "stdev": 0.001571761353779561,
        "confidence": 95
    },
    "UTILIZATION5": {
        "mean": 0.0,
        "half_confidence_interval": 0.0,
        "stdev": 0.0,
        "confidence": 95
    },
    "UTILIZATION6": {
        "mean": 0.0,
        "half_confidence_interval": 0.0,
        "stdev": 0.0,
        "confidence": 95
    }
}