{
    "seed": 477882361,
    "arrival_stream": 0,
    "service_stream": 1,
    "observation_period": 840.0,
    "interarrivals": 5,
    "batch_size": 0,
    "k": 0,
    "servers": 3,
    "acquisition_time": [
        78.15171628385676,
        120.53893103429623,
        179.31417495394942,
        222.42363316195514,
        288.06806310861174,
        349.73534541409447,
        409.0597726570901,
        454.94837415814703,
        502.3691841738994,
        533.2768196884549,
        571.0919640771663,
        603.0312221980637,
        629.8906795843121,
        649.284605404722,
        677.7620195847259,
        711.6339457071423,
        813.8781547214803
    ],
    "avg_utilization1": [
        0.5383093953298334,
        0.7519123878475147,
        0.5415992374132426,
        0.5974918231298968,
        0.3553986348350302,
        0.4192889055890805,
        0.3463859613784868,
        0.6172683357470865,
        0.7564008539714541,
        1.0295097898022345,
        0.7940660397242681,
        0.8651576745815952,
        0.9923425756020031,
        0.782531555539274,
        1.423801910164854,
        0.5389296775850919,
        0.3255022515455612
    ],
    "avg_utilization2": [
        0.19112241772839222,
        0.38635941386792677,
        0.303542294076355,
        0.6433287594715363,
        0.2867775322032241,
        0.18295552875211038,
        0.5312316386401067,
        0.5850472098546281,
        0.5903580397326902,
        0.7935818301463924,
        0.7950546068176052,
        0.520440530772878,
        0.7240543523668381,
        1.3099371116520797,
        0.7100073846498955,
        0.9014724393611475,
        0.3061757692211356
    ],
    "avg_utilization3": [
        0.1362354442781375,
        0.07629027329262952,
        0.23109341873368072,
        0.3488214087173471,
        0.029853078343425106,
        0.1276306939899494,
        0.03793325313114248,
        0.36626389445042773,
        0.06575575759308969,
        0.4948306332522312,
        0.6670931209484507,
        0.6286626790335755,
        0.6917115708449986,
        0.7604275692763315,
        0.8704671006148275,
        0.9338417638141376,
        0.01058269093694885
    ],
    "avg_utilization4": [],
    "avg_utilization5": [],
    "avg_utilization6": [],
    "avg_utilization7": [],
    "avg_utilization8": [],
    "avg_utilization9": [],
    "global": {
        "avg_wait": [
            4.533376069399101,
            5.095048567255018,
            4.300252894753404,
            4.619563046474541,
            3.86797987859107,
            3.0143294358508075,
            3.3432120870068758,
            4.782180497902546,
            4.830336203799186,
            7.489218052099186,
            9.467784970860501,
            5.482608576400277,
            6.084370635786892,
            8.962982698989927,
            17.753250153378048,
            9.158597291474527,
            4.414373595121049
        ],
        "avg_delay": [
            0.08990796222060737,
            0.0,
            0.0,
            0.8397696650783818,
            2.918978882441213,
            0.0,
            0.28505158408760795,
            0.22355766105689226,
            1.291238901953493,
            9.46808533054242,
            7.604456927485971,
            17.67894699439547,
            14.480552538873779,
            7.3080564432320685,
            1.8769322155881734,
            2.7812407426080235,
            6.813404494374257,
            2.3310847822540914,
            1.6043761932821117,
            1.8342802251844381,
            0.0,
            0.09936229714499802,
            0.0,
            0.33278667571234677,
            1.0992382142401975,
            0.0,
            0.07067569142863779,
            0.409211473508968,
            1.1205656333000198,
            1.6358177550017354,
            3.0163739747971445,
            0.132590727793657,
            2.5153271750456065,
            7.47050427573361,
            6.4314058304368436,
            0.1056829741247564,
            0.0,
            0.22271625929256078,
            0.1655961664464828,
            1.9650382335377403,
            0.6007812985673214,
            3.3963323432468067,
            0.12509063339170487,
            0.0,
            0.4662675842185872,
            6.492767149515271,
            1.0859902685979541,
            1.2311012937304417,
            6.550579650083923,
            3.280168611091805,
            1.3084525914791623,
            3.7786290463174357,
            1.5583559213075617,
            0.7608284394397392,
            0.0,
            0.0,
            1.5691107993284017,
            0.22936298877669234,
            0.5745003193477266,
            0.016065840108827462,
            0.0,
            0.0,
            0.00889622169446369,
            0.09020801230862151,
            2.7641271131575316,
            3.6363156802175163,
            1.3349650931319526,
            1.684217501333224,
            6.158494009727522,
            13.38422439521586,
            4.23722594753882,
            0.0
        ],
        "avg_number": [
            0.6960885239576798,
            0.7185713768997257,
            0.3597250102389653,
            0.2907689337290523,
            0.21483699855378727,
            0.1206644185532487,
            0.13076669222361106,
            0.15767219214987854,
            0.14422668694564444,
            0.16852526362892248,
            0.2818326200136841,
            0.12728448750932742,
            0.14489110967165422,
            0.16565276843555504,
            0.4452967913314869,
            0.21878685649312796,
            0.08678200429904312
        ]
    },
    "c1": {
        "avg_wait": [
            4.279061938816998,
            6.0115124835510105,
            3.6756054436370658,
            3.4613689867832074,
            3.0971816842159177,
            2.6271058617615552,
            2.351183776022146,
            3.5673862498732163,
            5.39478706434489,
            10.247289643993824,
            9.384301626296226,
            5.790972257817903,
            8.638135128272495,
            12.059505414557947,
            14.534727716863017,
            14.586134488697866,
            3.73761945461216
        ],
        "avg_delay": [
            0.017503588303726916,
            1.814468163681326,
            0.688088966330077,
            0.39733011654069134,
            0.04819752032648239,
            0.0,
            0.0,
            0.026688665083391072,
            0.2706240369258645,
            3.7275063376830815,
            4.649343864316246,
            1.006285895819777,
            2.781219720852846,
            7.251030933703447,
            10.466525691148181,
            6.938442268329226,
            0.0
        ],
        "avg_number": [
            0.002015724058590925,
            0.12042371028925526,
            0.03453603541694959,
            0.01607729807318821,
            0.0015058166401972584,
            0.0,
            0.0,
            0.00046930450309271677,
            0.0037708687518247536,
            0.027959260182062472,
            0.05698803187119644,
            0.01001227656656158,
            0.017661602630401035,
            0.04467089392445166,
            0.10809941796816552,
            0.039000063502786265,
            0.0
        ]
    },
    "c2": {
        "avg_wait": [
            4.618796284111702,
            3.089501945565272,
            5.946924124756284,
            8.568723502484223,
            4.966248782098143,
            5.637635810464445,
            5.3728029437372244,
            8.795426524297207,
            5.262223719718293,
            6.154845375946309,
            9.791524788913012,
            6.201574246172498,
            3.5884588705953036,
            4.940567681144368,
            16.92760582235752,
            8.504110039963544,
            6.341984887954868
        ],