{
    "interarrival": 1.0,
    "servers": 6,
    "seed": 1081234994,
    "GLOBAL AVG WAIT": {
        "mean": 5.108644260536271,
        "half_confidence_interval": 0.045380465691126894,
        "stdev": 0.17724974346003017,
        "confidence": 95
    },
    "GLOBAL AVG DELAY": {
        "mean": 0.6799831879792915,
        "half_confidence_interval": 0.03304912146571428,
        "stdev": 0.1290852399190478,
        "confidence": 95
    },
    "GLOBAL AVG NUMBER": {
        "mean": 5.094480602184697,
        "half_confidence_interval": 0.05950538743859166,
        "stdev": 0.2324197096118024,
        "confidence": 95
    },
    "QUEUE1 AVG WAIT": {
        "mean": 1.5088783516146111,
        "half_confidence_interval": 0.011171997900458513,
        "stdev": 0.04363625916204417,
        "confidence": 95
    },
    "QUEUE1 AVG DELAY": {
        "mean": 0.2811998464928677,
        "half_confidence_interval": 0.010829638750963046,
        "stdev": 0.04229905227147824,
        "confidence": 95
    },
    "QUEUE1 AVG NUMBER": {
        "mean": 0.05580110322923245,
        "half_confidence_interval": 0.0022851879948440463,
        "stdev": 0.008925624267519272,
        "confidence": 95
    },
    "QUEUE2 AVG WAIT": {
        "mean": 3.1227119431070705,
        "half_confidence_interval": 0.021480771082272445,
        "stdev": 0.08390088346759489,
        "confidence": 95
    },
    "QUEUE2 AVG DELAY": {
        "mean": 0.4653630803958809,
        "half_confidence_interval": 0.018896216746149334,
        "stdev": 0.07380597619726463,
        "confidence": 95
    },
    "QUEUE2 AVG NUMBER": {
        "mean": 0.20705908379109186,
        "half_confidence_interval": 0.008873540949201253,
        "stdev": 0.034658808209090855,
        "confidence": 95
    },
    "QUEUE3 AVG WAIT": {
        "mean": 9.614768253092405,
        "half_confidence_interval": 0.08103805298130802,
        "stdev": 0.3165232855740774,
        "confidence": 95
    },
    "QUEUE3 AVG DELAY": {
        "mean": 1.170486212141554,
        "half_confidence_interval": 0.07219085517199572,
        "stdev": 0.2819673699800388,
        "confidence": 95
    },
    "QUEUE3 AVG NUMBER": {
        "mean": 0.41615443450468625,
        "half_confidence_interval": 0.02736409661099222,
        "stdev": 0.10688032902364447,
        "confidence": 95
    },
    "QUEUE4 AVG WAIT": {
        "mean": 0.0,
        "half_confidence_interval": 0.0,
        "stdev": 0.0,
        "confidence": 95
    },
    "QUEUE4 AVG DELAY": {
        "mean": 0.0,
        "half_confidence_interval": 0.0,
        "stdev": 0.0,
        "confidence": 95
    },
    "QUEUE4 AVG NUMBER": {
        "mean": 0.0,
        "half_confidence_interval": 0.0,
        "stdev": 0.0,
        "confidence": 95
    },
    "QUEUE5 AVG WAIT": {
        "mean": 0.0,
        "half_confidence_interval": 0.0,
        "stdev": 0.0,
        "confidence": 95
    },
    "QUEUE5 AVG DELAY": {
        "mean": 0.0,
        "half_confidence_interval": 0.0,
        "stdev": 0.0,
        "confidence": 95
    },
    "QUEUE5 AVG NUMBER": {
        "mean": 0.0,
        "half_confidence_interval": 0.0,
        "stdev": 0.0,
        "confidence": 95
    },
    "QUEUE6 AVG WAIT": {
        "mean": 0.0,
        "half_confidence_interval": 0.0,
        "stdev": 0.0,
        "confidence": 95
    },
    "QUEUE6 AVG DELAY": {
        "mean": 0.0,
        "half_confidence_interval": 0.0,
        "stdev": 0.0,
        "confidence": 95
    },
    "QUEUE6 AVG NUMBER": {
        "mean": 0.0,
        "half_confidence_interval": 0.0,
        "stdev": 0.0,
        "confidence": 95
    },
    "UTILIZATION1": {
        "mean": 0.7375272931853845,
        "half_confidence_interval": 0.005645875387288135,
        "stdev": 0.022051998558485268,
        "confidence": 95
    },
    "UTILIZATION2": {
        "mean": 0.7352544791658714,
        "half_confidence_interval": 0.005835893631905772,
        "stdev": 0.02279418320992631,
        "confidence": 95
    },
    "UTILIZATION3": {
        "mean": 0.7361102489429149,
        "half_confidence_interval": 0.0052749081662720404,
        "stdev": 0.020603052547117213,
        "confidence": 95
    },
    "UTILIZATION4": {
        "mean": 0.7362461752801845,
        "half_confidence_interval": 0.0053960795037960845,
        "stdev": 0.021076330821452882,
        "confidence": 95
    },
    "UTILIZATION5": {
        "mean": 0.7354207083706238,
        "half_confidence_interval": 0.005967971532528459,
        "stdev": 0.023310060992262252,
        "confidence": 95
    },
    "UTILIZATION6": {
        "mean": 0.7349904439753552,
        "half_confidence_interval": 0.0055908846288899635,
        "stdev": 0.02183721235763202,
        "confidence": 95
    }
}