{
    "interarrival": 2.5,
    "servers": 2,
    "seed": 806809642,
    "GLOBAL AVG WAIT": {
        "mean": 18.584956609238887,
        "half_confidence_interval": 1.3053101773227647,
        "stdev": 5.098358744067821,
        "confidence": 95
    },
    "GLOBAL AVG DELAY": {
        "mean": 14.157636012166225,
        "half_confidence_interval": 1.2969438528550385,
        "stdev": 5.065681052399755,
        "confidence": 95
    },
    "GLOBAL AVG NUMBER": {
        "mean": 7.463026938526423,
        "half_confidence_interval": 0.5509872073185739,
        "stdev": 2.1520788660851333,
        "confidence": 95
    },
    "QUEUE1 AVG WAIT": {
        "mean": 18.636122957802865,
        "half_confidence_interval": 1.3373096833024598,
        "stdev": 5.223344332897017,
        "confidence": 95
    },
    "QUEUE1 AVG DELAY": {
        "mean": 14.20700513550962,
        "half_confidence_interval": 1.3230151906400986,
        "stdev": 5.167512046500049,
        "confidence": 95
    },
    "QUEUE1 AVG NUMBER": {
        "mean": 2.848677149292987,
        "half_confidence_interval": 0.27147007959754715,
        "stdev": 1.0603241115515385,
        "confidence": 95
    },
    "QUEUE2 AVG WAIT": {
        "mean": 18.54534747428006,
        "half_confidence_interval": 1.2794958873152162,
        "stdev": 4.997531742586974,
        "confidence": 95
    },
    "QUEUE2 AVG DELAY": {
        "mean": 14.117052057622203,
        "half_confidence_interval": 1.2748364562713996,
        "stdev": 4.979332657482661,
        "confidence": 95
    },
    "QUEUE2 AVG NUMBER": {
        "mean": 2.8424727496501214,
        "half_confidence_interval": 0.27053056265815484,
        "stdev": 1.0566544899655221,
        "confidence": 95
    },
    "QUEUE3 AVG WAIT": {
        "mean": 0.0,
        "half_confidence_interval": 0.0,
        "stdev": 0.0,
        "confidence": 95
    },
    "QUEUE3 AVG DELAY": {
        "mean": 0.0,
        "half_confidence_interval": 0.0,
        "stdev": 0.0,
        "confidence": 95
    },
    "QUEUE3 AVG NUMBER": {
        "mean": 0.0,
        "half_confidence_interval": 0.0,
        "stdev": 0.0,
        "confidence": 95
    },
    "QUEUE4 AVG WAIT": {
        "mean": 0.0,
        "half_confidence_interval": 0.0,
        "stdev": 0.0,
        "confidence": 95
    },
    "QUEUE4 AVG DELAY": {
        "mean": 0.0,
        "half_confidence_interval": 0.0,
        "stdev": 0.0,
        "confidence": 95
    },
    "QUEUE4 AVG NUMBER": {
        "mean": 0.0,
        "half_confidence_interval": 0.0,
        "stdev": 0.0,
        "confidence": 95
    },
    "QUEUE5 AVG WAIT": {
        "mean": 0.0,
        "half_confidence_interval": 0.0,
        "stdev": 0.0,
        "confidence": 95
    },
    "QUEUE5 AVG DELAY": {
        "mean": 0.0,
        "half_confidence_interval": 0.0,
        "stdev": 0.0,
        "confidence": 95
    },
    "QUEUE5 AVG NUMBER": {
        "mean": 0.0,
        "half_confidence_interval": 0.0,
        "stdev": 0.0,
        "confidence": 95
    },
    "QUEUE6 AVG WAIT": {
        "mean": 0.0,
        "half_confidence_interval": 0.0,
        "stdev": 0.0,
        "confidence": 95
    },
    "QUEUE6 AVG DELAY": {
        "mean": 0.0,
        "half_confidence_interval": 0.0,
        "stdev": 0.0,
        "confidence": 95
    },
    "QUEUE6 AVG NUMBER": {
        "mean": 0.0,
        "half_confidence_interval": 0.0,
        "stdev": 0.0,
        "confidence": 95
    },
    "UTILIZATION1": {
        "mean": 0.8852560552122595,
        "half_confidence_interval": 0.006151227835464343,
        "stdev": 0.024025834446503604,
        "confidence": 95
    },
    "UTILIZATION2": {
        "mean": 0.8866360340520609,
        "half_confidence_interval": 0.005817584983861905,
        "stdev": 0.02272267219479123,
        "confidence": 95
    },
    "UTILIZATION3": {
        "mean": 0.0,
        "half_confidence_interval": 0.0,
        "stdev": 0.0,
        "confidence": 95
    },
    "UTILIZATION4": {
        "mean": 0.0,
        "half_confidence_interval": 0.0,
        "stdev": 0.0,
        "confidence": 95
    },
    "UTILIZATION5": {
        "mean": 0.0,
        "half_confidence_interval": 0.0,
        "stdev": 0.0,
        "confidence": 95
    },
    "UTILIZATION6": {
        "mean": 0.0,
        "half_confidence_interval": 0.0,
        "stdev": 0.0,
        "confidence": 95
    }
}