{
    "interarrival": 2,
    "servers": 3,
    "seed": 859678660,
    "GLOBAL AVG WAIT": {
        "mean": 14.615468244061148,
        "half_confidence_interval": 0.5089736151710307,
        "stdev": 1.987979659156051,
        "confidence": 95
    },
    "GLOBAL AVG DELAY": {
        "mean": 10.177299134904004,
        "half_confidence_interval": 0.49383631178708615,
        "stdev": 1.9288554721161317,
        "confidence": 95
    },
    "GLOBAL AVG NUMBER": {
        "mean": 0.4394260367155829,
        "half_confidence_interval": 0.14766109244318942,
        "stdev": 0.5767435471624223,
        "confidence": 95
    },
    "QUEUE1 AVG WAIT": {
        "mean": 0.0,
        "half_confidence_interval": 0.0,
        "stdev": 0.0,
        "confidence": 95
    },
    "QUEUE1 AVG DELAY": {
        "mean": 0.0,
        "half_confidence_interval": 0.0,
        "stdev": 0.0,
        "confidence": 95
    },
    "QUEUE1 AVG NUMBER": {
        "mean": 0.0,
        "half_confidence_interval": 0.0,
        "stdev": 0.0,
        "confidence": 95
    },
    "QUEUE2 AVG WAIT": {
        "mean": 0.0,
        "half_confidence_interval": 0.0,
        "stdev": 0.0,
        "confidence": 95
    },
    "QUEUE2 AVG DELAY": {
        "mean": 0.0,
        "half_confidence_interval": 0.0,
        "stdev": 0.0,
        "confidence": 95
    },
    "QUEUE2 AVG NUMBER": {
        "mean": 0.0,
        "half_confidence_interval": 0.0,
        "stdev": 0.0,
        "confidence": 95
    },
    "QUEUE3 AVG WAIT": {
        "mean": 0.0,
        "half_confidence_interval": 0.0,
        "stdev": 0.0,
        "confidence": 95
    },
    "QUEUE3 AVG DELAY": {
        "mean": 0.0,
        "half_confidence_interval": 0.0,
        "stdev": 0.0,
        "confidence": 95
    },
    "QUEUE3 AVG NUMBER": {
        "mean": 0.0,
        "half_confidence_interval": 0.0,
        "stdev": 0.0,
        "confidence": 95
    },
    "UTILIZATION1": {
        "mean": 0.7273995431921643,
        "half_confidence_interval": 0.012549710158315434,
        "stdev": 0.04901741029277454,
        "confidence": 95
    },
    "UTILIZATION2": {
        "mean": 0.730726379536879,
        "half_confidence_interval": 0.012807543667661002,
        "stdev": 0.05002447187072209,
        "confidence": 95
    },
    "UTILIZATION3": {
        "mean": 0.7544382349599582,
        "half_confidence_interval": 0.013229253255355313,
        "stdev": 0.05167161045987207,
        "confidence": 95
    },
    "UTILIZATION4": {
        "mean": 0.0,
        "half_confidence_interval": 0.0,
        "stdev": 0.0,
        "confidence": 95
    },
    "UTILIZATION5": {
        "mean": 0.0,
        "half_confidence_interval": 0.0,
        "stdev": 0.0,
        "confidence": 95
    },
    "UTILIZATION6": {
        "mean": 0.0,
        "half_confidence_interval": 0.0,
        "stdev": 0.0,
        "confidence": 95
    }
}