{
    "seed": 966169593,
    "arrival_stream": 0,
    "service_stream": 1,
    "observation_period": 6000.0,
    "interarrivals": 3.5,
    "batch_size": 0,
    "k": 0,
    "servers": 3,
    "acquisition_time": [
        29.332008795888633,
        34.493401131700814,
        43.54223295602842,
        48.3217928030303,
        50.631711238449384,
        59.524291011628335,
        72.83311678294966,
        88.12765002879772,
        102.29512861958969,
        131.1100528514035,
        152.67286832901857,
        170.08333374936677,
        216.30931994266822,
        254.62211693534704,
        294.4365052975358,
        354.2106672577439,
        398.94846730542463,
        481.0855028162607,
        577.5354853849888,
        724.1156586030949,
        874.6053440662324,
        992.5189167727742,
        1193.2769826063543,
        1456.1988632741577,
        1671.6001152768652,
        2264.9621968510796,
        2891.4901906522637,
        3696.6596852768294,
        4541.292487963292,
        5661.021577824278
    ],
    "avg_utilization1": [
        0.2931272958782181,
        0.24926542871740842,
        0.3794736945071713,
        0.3419395483579789,
        0.32633959237720683,
        0.49330234251864685,
        0.5261490346103846,
        0.5823839877778121,
        0.583694964005533,
        0.5205402082293041,
        0.46209400812326745,
        0.47086976132929415,
        0.4598771230535742,
        0.48578537878506833,
        0.5262512760920559,
        0.5852100389445829,
        0.6332911959179428,
        0.6574611954830737,
        0.638707120093367,
        0.6664517325658154,
        0.5683580237845903,
        0.8514285946142838,
        0.8606104255182971,
        0.6783242569566109,
        0.9403090920770675,
        0.47712698566833484,
        0.4503263526745729,
        0.45397103718982285,
        0.4443265143780991,
        0.4142341748324706
    ],
    "avg_utilization2": [
        0.7041610363989017,
        0.9959658679698048,
        0.7889868724017449,
        0.8331628221997167,
        0.891644698514857,
        0.7809504159909225,
        0.796820562073806,
        0.671499117844798,
        0.7224517766427444,
        0.5836822131854378,
        0.6178968650228127,
        0.6147015477600247,
        0.626602894590023,
        0.6932636791233975,
        0.7268478289448216,
        0.7366402259701098,
        0.7445863549280736,
        0.7151929111968817,
        0.757633881928803,
        0.6877933822572077,
        0.9071196933440401,
        0.896029181801252,
        0.5369424614102163,
        0.5818481761582244,
        0.9194288110773696,
        0.399337910359181,
        0.41725811072792884,
        0.41613784569463835,
        0.41389322800827805,
        0.4214998079124934
    ],
    "avg_utilization3": [
        1.3469353213383988,
        1.1453877378499875,
        1.0115014319902382,
        0.9681702560007034,
        1.0857470490530419,
        1.0717894680272761,
        0.9220239279964464,
        0.9434341993649585,
        0.8981163467676616,
        0.7546620373911818,
        0.7499646107072316,
        0.7390439263412164,
        0.6891999212829537,
        0.6320319803942469,
        0.6217399868830575,
        0.5796667202609045,
        0.5808471497374669,
        0.5399866701816628,
        0.558063695081741,
        0.5274666402035667,
        0.8064491308422597,
        0.8062789871317315,
        0.44382819429852743,
        0.46251323514112874,
        0.839537155205181,
        0.46070030445296695,
        0.4666753727774699,
        0.47295261406786093,
        0.48498751505381626,
        0.452436189921996
    ],
    "avg_utilization4": [],
    "avg_utilization5": [],
    "avg_utilization6": [],
    "global": {
        "avg_wait": [
            10.681332498542842,
            11.149567577383516,
            12.666578111019291,
            11.44030055173889,
            10.123376115521504,
            9.802321206942208,
            9.983449332301364,
            9.938144858799646,
            9.377140798060166,
            8.383167351281989,
            8.348353342347828,
            7.872611084386048,
            7.556963449122384,
            7.6293124771370735,
            7.839901924324352,
            9.703406596473423,
            9.864156270123484,
            9.196671561925843,
            9.48340716652795,
            9.561538789038439,
            10.318701104957027,
            20.85828334586238,
            11.318672268069257,
            9.062168471787743,
            33.79423429683959,
            12.760747526304892,
            10.047206707261871,
            9.1887303789563,
            8.258186820952679,
            7.60706498250811
        ],
        "avg_delay": [
            5.04763782183607,
            5.594589957492511,
            6.552789797388762,
            5.583595321631181,
            4.8131188172990935,
            4.5913807683320735,
            4.596989453936949,
            4.488854999456482,
            4.165300952897134,
            3.508798558508043,
            3.7031012319557677,
            3.5016724639365986,
            3.1465459273831664,
            3.2093151419522297,
            3.4896841321780725,
            5.174962216515102,
            5.481021338701397,
            4.913121985348887,
            5.139032150251669,
            5.126260550582797,
            5.587345484003839,
            16.39775352733221,
            7.1966580535799185,
            4.899857157780457,
            29.12257982727852,
            8.165234443269451,
            5.446062239522369,
            4.472116051999784,
            3.6568723938808256,
            3.1698792838302694
        ],
        "avg_number": [
            3.6415277838182045,
            3.878852375784985,
            4.072645831768682,
            4.024790846902618,
            3.9988283500218254,
            3.9522639407944355,
            3.9751152144091217,
            3.8341760513161587,
            3.758368339808134,
            3.196996404533235,
            3.2261976380573585,
            3.2863618948995965,
            3.004488464929656,
            3.086217311376182,
            3.275096393762169,
            4.054378676385472,
            4.376393952844036,
            4.0718147423335616,
            4.203641674091767,
            4.053761817411215,
            4.656723288110638,
            11.682723137489466,
            5.002365161401958,
            3.8020439706121216,
            20.35916974069206,
            3.762545472077294,
            2.94895993755772,
            2.62543246964487,
            2.4232064006718126,
            2.2086129962646583
        ]
    },
    "c1": {
        "avg_wait": [
            2.866004140338315,
            2.866004140338315,
            3.1445512414983514,
            4.737737857165643,
            4.130783001729004,
            5.409906185072817,
            11.182166551853815,
            11.149433750979027,
            9.433597539261966,
            8.224561646606332,
            8.31149606771737,
            7.422396622644543,
            7.046951006878757,
            6.422489053142815,
            6.057589393274497,
            13.29087738719027,
            15.035847405648466,
            12.735147683510494,
            11.9759353741781,
            11.536694890849898,
            6.201405762484695,
            35.63490358857665,
            15.542419689544966,
            11.346722677528915,
            45.281983499770014,
            13.082402236560808,
            9.928512352679553,
            9.398177300505196,
            8.383675710156993,
            7.682480759978645
        ],