{
    "seed": 54321,
    "arrival_stream": 0,
    "service_stream": 1,
    "observation_period": 20000.0,
    "interarrivals": 2,
    "batch_size": 512,
    "k": 19,
    "servers": 3,
    "acquisition_time": [],
    "avg_utilization1": [
        0.8255687962674719,
        0.8823503022379796,
        0.8864533329219675,
        0.8488652703102327,
        0.8519958763137554,
        0.8539828329828673,
        0.8571155742059589,
        0.8477281061944872,
        0.8255006295168239,
        0.8567145634960353,
        0.8365158457478864,
        0.9188107702767117,
        0.8102167339238625,
        0.8885489928179144,
        0.8318091054078172,
        0.8394022753068187,
        0.8464997932737917,
        0.8550761615018366,
        0.8461245467822296
    ],
    "avg_utilization2": [
        0.6810934725623183,
        0.7738155442515039,
        0.8135734485941445,
        0.7570113582566934,
        0.7527805704312156,
        0.754849613961347,
        0.7788506482868284,
        0.7616587754702737,
        0.7133239482540924,
        0.7658177616895069,
        0.7621976335086036,
        0.8551386523802968,
        0.7006818976320712,
        0.8616117048762457,
        0.7104889461380376,
        0.7588908930926338,
        0.6942534003706139,
        0.733133189626619,
        0.7395319483063463
    ],
    "avg_utilization3": [
        0.5629969693933046,
        0.684359938132266,
        0.6760150438582759,
        0.6539776091631208,
        0.5521841828902679,
        0.611529631543154,
        0.6965320398825531,
        0.6328421561500495,
        0.6188347686181684,
        0.6305751520184413,
        0.6035445187626938,
        0.7479173950072261,
        0.5355697602520241,
        0.70912201360693,
        0.5730717459940892,
        0.6319516571559171,
        0.5671127467758768,
        0.693951713761443,
        0.6083491917373979
    ],
    "avg_utilization4": [],
    "avg_utilization5": [],
    "avg_utilization6": [],
    "avg_utilization7": [],
    "avg_utilization8": [],
    "avg_utilization9": [],
    "global": {
        "avg_wait": [
            6.362959635795264,
            8.255197764377147,
            10.599709685763202,
            7.211491715055144,
            6.830222078410676,
            8.220633542025054,
            11.339986190295495,
            6.913825811587126,
            6.428092810204955,
            6.501975583116202,
            7.462186928195848,
            11.62633465700694,
            6.391280724937623,
            8.656019375283702,
            6.3203039313394775,
            7.35860142297334,
            6.690642951993887,
            7.374009538210792,
            8.894335097073466
        ],
        "avg_delay": [
            2.0981832130427667,
            3.7652723025469435,
            6.142582978364242,
            2.777578432534689,
            2.41377879891195,
            3.5813927581701273,
            6.867120622319997,
            2.5149374287227255,
            2.004661489090053,
            1.9315188933236687,
            3.0000637712690756,
            7.000184238254025,
            2.048787451089584,
            4.098970199581562,
            1.965831300252563,
            2.7327270335119738,
            2.186147303295762,
            2.9127493880389514,
            4.5083282858639455
        ],
        "avg_number": [
            3.1330982545458053,
            2.0975198485840023,
            1.8286176145118362,
            0.9318379089335352,
            0.7012564285088355,
            0.6958939367998624,
            0.8241352114824234,
            0.44048916941639404,
            0.3628073742213473,
            0.3295907415911178,
            0.34349773517348464,
            0.49355394771707334,
            0.24922155682251812,
            0.3149708385305516,
            0.21415134897941918,
            0.233264388438005,
            0.1987560876904463,
            0.2070957719944579,
            0.236602551699469
        ]
    },
    "c1": {
        "avg_wait": [
            6.710263173815442,
            8.762281701392077,
            11.636966354149878,
            7.984093510080028,
            7.662630109676285,
            9.148602483178182,
            10.600844878141542,
            7.657161489002961,
            6.952744940796006,
            8.04755691209399,
            8.42751374451733,
            13.581813511027534,
            7.022280720310183,
            8.759939447636425,
            7.233976531542365,
            7.9037552312607025,
            7.3230932197982606,
            7.3444714533919315,
            9.040599301984805
        ],
        "avg_delay": [
            2.590442807987164,
            4.341625264960761,
            7.054716993285068,
            3.6123565360604477,
            3.1840236220493034,
            4.321893258621068,
            6.415882400974401,
            3.3288965037566967,
            2.6138980709889936,
            3.081914636996355,
            3.912072942914069,
            8.528627551133853,
            2.692146834131499,
            4.538151932871542,
            2.7316730801070928,
            3.444228080778291,
            2.850140817987035,
            3.1806970261051726,
            4.810641240156802
        ],
        "avg_number": [
            0.5181818876446982,
            0.4201415018957409,
            0.4373774483872347,
            0.1759516005301976,
            0.12386542038925769,
            0.13505281583157858,
            0.1857815345040504,
            0.08036165329114699,
            0.05676476974562671,
            0.0540074385495203,
            0.06682644184011158,
            0.120212580444869,
            0.04080182321835204,
            0.0645046752341608,
            0.03452828282458562,
            0.041795658816297834,
            0.0337348753362777,
            0.03576627738823485,
            0.0512380751790069
        ]
    },
    "c2": {
        "avg_wait": [
            6.2639455979711025,
            8.376461071418412,
            9.751365935608732,
            6.595879399737642,
            6.662349844452893,
            7.562996280230785,
            11.03255346630302,
            6.251642252542252,
            6.379629879250142,
            5.840813204366637,
            7.451060409451233,
            11.253571169891407,
            6.3716099998508176,
            8.5709462140891,
            5.7803447066518165,
            7.198225564282741,
            5.895808828154771,
            7.158325313841894,
            8.276163671733249
        ],
        "avg_delay": [
            2.080486942737845,
            3.8311883516774943,
            5.605787301498989,
            2.451339581353883,
            2.331535635569306,
            3.2323683059691897,
            6.499957364521764,
            2.1191126197887677,
            2.0459897509069913,
            1.6843006384457209,
            2.984086465694052,
            6.698510587069083,
            1.922709078380713,
            3.8636443151900113,
            1.807663488073101,
            2.708962048205659,
            1.7395125400330145,
            2.8666893616768743,
            4.122328841249438
        ],
        "avg_number": [
            0.3381400281858204,
            0.3156096168778629,
            0.35321341470116374,
            0.1119766207472836,
            0.08368876492180803,
            0.09886905224466772,
            0.15776933741637153,
            0.04825607196668105,
            0.03834214289296593,
            0.03168348333384652,
            0.046681891428293126,
            0.09719370689492361,
            0.024893745679989778,
            0.04722889138442605,
            0.02213105944673487,
            0.029686526657278434,
            0.01826790578266957,
            0.02673173410856527,
            0.03876655269221476
        ]
    },