{
    "seed": 12345,
    "arrival_stream": 0,
    "service_stream": 1,
    "observation_period": 90000.0,
    "interarrivals": 2,
    "batch_size": 2048,
    "k": 8,
    "servers": 3,
    "acquisition_time": [],
    "avg_utilization1": [
        0.7734904828069776,
        0.7337673081115472,
        0.7565190706319241,
        0.7371151841383352,
        0.7349865480933585,
        0.786863325308482,
        0.7189621410396408,
        0.7061325908798334
    ],
    "avg_utilization2": [
        0.6974787937782975,
        0.7418745025827349,
        0.6688737643801513,
        0.7658964296696837,
        0.7112760368563056,
        0.7658801410018192,
        0.7056954763581215,
        0.7424839455887063
    ],
    "avg_utilization3": [
        0.7790737097597876,
        0.8362503832657676,
        0.7959847916465165,
        0.7426054643005447,
        0.7722937579195756,
        0.7911445242826671,
        0.7492482702301516,
        0.755461618103601
    ],
    "avg_utilization4": [],
    "avg_utilization5": [],
    "avg_utilization6": [],
    "avg_utilization7": [],
    "avg_utilization8": [],
    "avg_utilization9": [],
    "global": {
        "avg_wait": [
            16.38148209528336,
            16.140152863572563,
            13.926973912229439,
            14.724044852607342,
            15.663870532040749,
            17.08236845433036,
            12.900297628918917,
            13.617708698377935
        ],
        "avg_delay": [
            11.812226507785121,
            11.597314384559507,
            9.586190229798621,
            10.319594231722109,
            11.250807622936774,
            12.444768489050528,
            8.579696347898892,
            9.184567636126097
        ],
        "avg_number": [
            8.06270905541451,
            4.038472113730472,
            2.3405233876358076,
            1.8603956395198555,
            1.5814867706557698,
            1.4378708410588723,
            0.9300433213782572,
            0.8576030779888877
        ]
    },
    "c1": {
        "avg_wait": [
            16.543551986088293,
            13.471071234848113,
            14.269536270007196,
            15.016784198814564,
            15.724834646548397,
            21.048502853314236,
            11.453566801826325,
            11.904407991024444
        ],
        "avg_delay": [
            11.851821957249498,
            9.050901087659755,
            9.882473486094439,
            10.487246416071573,
            11.183955928317964,
            16.302365679282037,
            7.170463196022849,
            7.541085231081339
        ],
        "avg_number": [
            1.953921353425397,
            0.7386654290208914,
            0.5595527305097391,
            0.4231432816236309,
            0.36389484951969164,
            0.4495882889581654,
            0.17265406529699234,
            0.1542083298558138
        ]
    },
    "c2": {
        "avg_wait": [
            13.181024326053143,
            16.032229452974356,
            10.58472424961936,
            17.444564323780597,
            11.55997775360191,
            12.871046013859944,
            13.52804661664531,
            12.630113073747331
        ],
        "avg_delay": [
            8.73010297613997,
            11.34898256201204,
            6.225065933170228,
            12.964295124984943,
            7.22759412114173,
            8.28055426723691,
            9.253499567282258,
            8.059721124396889
        ],
        "avg_number": [
            1.365834881269822,
            0.884620704660621,
            0.3136451653718845,
            0.5502823408604884,
            0.2376600127324368,
            0.23040394755359225,
            0.21825002775219604,
            0.16630100513004256
        ]
    },
    "c3": {
        "avg_wait": [
            19.15548780931527,
            18.635842437628575,
            16.367529377250854,
            11.801709259708216,
            19.404591985083268,
            17.353495755016453,
            13.720142101476048,
            16.148637960340306
        ],
        "avg_delay": [
            14.596052022227358,
            14.103297922449421,
            12.085242476150391,
            7.587018108309388,
            15.03389434158547,
            12.77437607979692,
            9.31812187944984,
            11.779634783211861
        ],
        "avg_number": [
            2.4940367466094453,
            1.2785098488034998,
            0.7378270527231565,
            0.33046392026678983,
            0.5343714963366806,
            0.36751881454497864,
            0.22764669681235478,
            0.25790761086033376
        ]
    },
    "c4": {
        "avg_wait": [],
        "avg_delay": [],
        "avg_number": []
    },
    "c5": {
        "avg_wait": [],
        "avg_delay": [],
        "avg_number": []
    },
    "c6": {
        "avg_wait": [],
        "avg_delay": [],
        "avg_number": []
    },
    "mean_conditional_slowdown": {
        "(1.24)": [
            14.210872657486581,
            14.016252309332712,
            12.23143057437858,
            12.874229719844632,
            13.632153654871571,
            14.776103592201904,
            11.403465829773321,
            11.982023143853175
        ],
        "(2.65)": [
            7.181691356710702,
            7.090623722102854,
            6.255461853671487,
            6.556243340606544,
            6.910894540392736,
            7.446176775219004,
            5.868036841101478,
            6.1387579993879005
        ],
        "(4.42)": [
            4.706217668616144,
            4.651618294925919,
            4.150899075165031,
            4.331231867105734,
            4.543862111321436,
            4.864789243061168,
            3.9186193730585788,
            4.080929569768763
        ],
        "(8.26)": [
            2.9832302778793416,
            2.9540136638707706,
            2.68607432351446,
            2.7825720160541576,
            2.8963523646538434,
            3.068083347981884,
            2.5617793739611283,
            2.648633014331469
        ]
    }
}