{
    "seed": 17845100,
    "arrival_stream": 0,
    "service_stream": 1,
    "observation_period": 40000.0,
    "interarrivals": 5.0,
    "batch_size": 0,
    "k": 0,
    "servers": 2,
    "acquisition_time": [
        49.78312565916664,
        56.290233553170836,
        77.57224954578807,
        92.16797996755493,
        112.58286436064562,
        132.55706834050628,
        174.90652924616796,
        200.0798341047291,
        243.25703471846197,
        296.113937114116,
        335.37544170236515,
        387.6819492509664,
        458.65037551644383,
        534.9984835308926,
        633.9287302856642,
        780.5361890364579,
        890.7216036109999,
        1053.7392360776366,
        1337.2176246223435,
        1548.5398424237935,
        1923.3690867335667,
        2368.551888690666,
        2789.942414813676,
        3298.335268011623,
        3862.7547156362216,
        4676.409325407158,
        5524.483104434159,
        6711.279502578812,
        7988.200841605263,
        9488.070730036434,
        11433.376522003517,
        13929.81486806864,
        16742.048838612634,
        20005.016114195907,
        24009.766786464963,
        28710.873173059303,
        34747.14023226255
    ],
    "avg_utilization1": [
        0.49329302676549414,
        0.5062537400441792,
        0.36736257400183114,
        0.4221531265825508,
        0.3764791023974821,
        0.3488360551717459,
        0.4006252927380452,
        0.3877601687455366,
        0.37839352557196226,
        0.34901225654135076,
        0.3548047872327072,
        0.36278694867608746,
        0.38622814100558406,
        0.3896551185529114,
        0.4146692375764508,
        0.41572941020130855,
        0.43282515221960366,
        0.4334350484527467,
        0.4028320510394927,
        0.42005893079523177,
        0.391070161995193,
        0.38661559106734844,
        0.3914762849626514,
        0.40923424779883055,
        0.4254791151665488,
        0.4321685037705479,
        0.4533635847227268,
        0.4535663224502804,
        0.4446753978990219,
        0.4470167576285018,
        0.4409113594372407,
        0.43542121766829034,
        0.4325151996261976,
        0.43088235590037877,
        0.4262485519158793,
        0.4288042003211736,
        0.42734621995362543
    ],
    "avg_utilization2": [
        0.41508866894824076,
        0.36710473667563,
        0.3253915530250234,
        0.41178911767872906,
        0.3620326849241666,
        0.390978586547448,
        0.391327497593994,
        0.45188459811040954,
        0.4302130903052721,
        0.3769020673114421,
        0.3767875616947684,
        0.4266010146684695,
        0.43295348909808523,
        0.45724170883229187,
        0.44717125438387073,
        0.4675595421998171,
        0.4717164336553114,
        0.47251970202125554,
        0.4502417572100289,
        0.46141181641311074,
        0.44822609632823823,
        0.44332839474659735,
        0.4430281429064464,
        0.4508199204826559,
        0.45315923679725256,
        0.4439454870888195,
        0.46063305285321615,
        0.4587596627426442,
        0.45454523904580985,
        0.4554191642775779,
        0.4549976729078206,
        0.4509169900171364,
        0.453258003841919,
        0.44317835746257617,
        0.4373812643018562,
        0.43985136145889614,
        0.4398875308945166
    ],
    "avg_utilization3": [],
    "avg_utilization4": [],
    "avg_utilization5": [],
    "avg_utilization6": [],
    "global": {
        "avg_wait": [
            5.563550413528579,
            5.392520616441527,
            4.949085055907178,
            5.4359686370747164,
            4.934623357393495,
            4.734014782865714,
            5.416079209304448,
            5.518849614290679,
            5.247266452057229,
            4.759024857460933,
            4.612045321939393,
            4.6229141597191035,
            5.01110697925676,
            5.234631399609508,
            5.118052149216039,
            5.275860501075704,
            5.26722484043998,
            5.29790677309453,
            5.288761097210188,
            5.351751613932137,
            5.24406228675923,
            5.287421772396766,
            5.2672796037841705,
            5.407030901770048,
            5.41084347439603,
            5.460660249501431,
            5.7205334600058695,
            5.799542181557268,
            5.631050902484083,
            5.6189205400046065,
            5.5787686260278555,
            5.6113297350181846,
            5.695026509723681,
            5.572541151040409,
            5.530211932452769,
            5.582139537612665,
            5.597208084625828
        ],
        "avg_delay": [
            1.2981059399090398,
            1.2957245639248967,
            1.1106210547927684,
            0.9146291039469858,
            0.777434738354938,
            0.6478622819624482,
            0.6458888270363433,
            0.6627849977296071,
            0.5609242543771864,
            0.4599578885892929,
            0.4534333360474778,
            0.44961239351117166,
            0.7250541507391928,
            0.8527203757379915,
            0.7488270577422629,
            0.7133664776648143,
            0.7596361762486097,
            0.822526123593191,
            0.8327246460579956,
            0.9055217377653956,
            0.8638326698512013,
            0.8423161733192022,
            0.8744130025354588,
            0.9478087341758501,
            0.9634403446112336,
            0.9890639963971941,
            1.1260302918548868,
            1.1610660690295878,
            1.0981964881765225,
            1.1100338331217583,
            1.084137078741797,
            1.0979547683792528,
            1.1779162577577789,
            1.1350772758663221,
            1.1420634163055716,
            1.1835752227378704,
            1.1687626533758708
        ],
        "avg_number": [
            1.1175574735139504,
            1.149582144408303,
            0.8931955846117727,
            1.0026417728022354,
            0.8766206803170373,
            0.8571127606483032,
            0.8980013367526711,
            0.9378300803051696,
            0.8844057676824855,
            0.8035800178542265,
            0.8113613585216344,
            0.8466396384309817,
            0.9396159323554951,
            1.0077917055042382,
            0.9930460385821213,
            1.0003730321884317,
            1.0466781011915756,
            1.0709045502278265,
            1.012492518761247,
            1.0609915873430429,
            1.0033513249424095,
            0.9866958940432102,
            1.0006149858802906,
            1.0426082778415817,
            1.0687899892406665,
            1.069616545619177,
            1.1380008145016092,
            1.1398118845347858,
            1.1158900177128002,
            1.1246048231585826,
            1.1120086594060277,
            1.1017365966905046,
            1.1160749892993265,
            1.0969582292525528,
            1.088317583974608,
            1.1023952837478697,
            1.0960154865474045
        ]
    },