{
    "interarrival": 2,
    "servers": 3,
    "seed": 852184160,
    "GLOBAL AVG WAIT": {
        "mean": 15.049519271522705,
        "half_confidence_interval": 1.1949298127050973,
        "stdev": 3.1462941089000456,
        "confidence": 95
    },
    "GLOBAL AVG DELAY": {
        "mean": 10.573404611485039,
        "half_confidence_interval": 1.1803975066047832,
        "stdev": 3.1080300128954086,
        "confidence": 95
    },
    "GLOBAL AVG NUMBER": {
        "mean": 0.7311422874672968,
        "half_confidence_interval": 0.2869759178378124,
        "stdev": 0.7556181376421366,
        "confidence": 95
    },
    "QUEUE1 AVG WAIT": {
        "mean": 0.0,
        "half_confidence_interval": 0.0,
        "stdev": 0.0,
        "confidence": 95
    },
    "QUEUE1 AVG DELAY": {
        "mean": 0.0,
        "half_confidence_interval": 0.0,
        "stdev": 0.0,
        "confidence": 95
    },
    "QUEUE1 AVG NUMBER": {
        "mean": 0.0,
        "half_confidence_interval": 0.0,
        "stdev": 0.0,
        "confidence": 95
    },
    "QUEUE2 AVG WAIT": {
        "mean": 0.0,
        "half_confidence_interval": 0.0,
        "stdev": 0.0,
        "confidence": 95
    },
    "QUEUE2 AVG DELAY": {
        "mean": 0.0,
        "half_confidence_interval": 0.0,
        "stdev": 0.0,
        "confidence": 95
    },
    "QUEUE2 AVG NUMBER": {
        "mean": 0.0,
        "half_confidence_interval": 0.0,
        "stdev": 0.0,
        "confidence": 95
    },
    "QUEUE3 AVG WAIT": {
        "mean": 0.0,
        "half_confidence_interval": 0.0,
        "stdev": 0.0,
        "confidence": 95
    },
    "QUEUE3 AVG DELAY": {
        "mean": 0.0,
        "half_confidence_interval": 0.0,
        "stdev": 0.0,
        "confidence": 95
    },
    "QUEUE3 AVG NUMBER": {
        "mean": 0.0,
        "half_confidence_interval": 0.0,
        "stdev": 0.0,
        "confidence": 95
    },
    "UTILIZATION1": {
        "mean": 0.7375260827115363,
        "half_confidence_interval": 0.019812263410024906,
        "stdev": 0.052166417632364584,
        "confidence": 95
    },
    "UTILIZATION2": {
        "mean": 0.7398083579717006,
        "half_confidence_interval": 0.015992773733376795,
        "stdev": 0.042109560952692554,
        "confidence": 95
    },
    "UTILIZATION3": {
        "mean": 0.7516008042872019,
        "half_confidence_interval": 0.02099605958818951,
        "stdev": 0.055283396472373555,
        "confidence": 95
    },
    "UTILIZATION4": {
        "mean": 0.0,
        "half_confidence_interval": 0.0,
        "stdev": 0.0,
        "confidence": 95
    },
    "UTILIZATION5": {
        "mean": 0.0,
        "half_confidence_interval": 0.0,
        "stdev": 0.0,
        "confidence": 95
    },
    "UTILIZATION6": {
        "mean": 0.0,
        "half_confidence_interval": 0.0,
        "stdev": 0.0,
        "confidence": 95
    }
}