{
    "interarrival": 1.0,
    "servers": 6,
    "seed": 1498036117,
    "GLOBAL AVG WAIT": {
        "mean": 5.125646037565561,
        "half_confidence_interval": 0.058865044001981316,
        "stdev": 0.22991861782843423,
        "confidence": 95
    },
    "GLOBAL AVG DELAY": {
        "mean": 0.6979833641253335,
        "half_confidence_interval": 0.04467971082372781,
        "stdev": 0.17451269308861583,
        "confidence": 95
    },
    "GLOBAL AVG NUMBER": {
        "mean": 5.135563981278653,
        "half_confidence_interval": 0.0723788697468413,
        "stdev": 0.2827017285779639,
        "confidence": 95
    },
    "QUEUE1 AVG WAIT": {
        "mean": 1.5130343939392061,
        "half_confidence_interval": 0.014310150451490804,
        "stdev": 0.055893443528437135,
        "confidence": 95
    },
    "QUEUE1 AVG DELAY": {
        "mean": 0.2859337495298258,
        "half_confidence_interval": 0.014109626985298157,
        "stdev": 0.05511022695277929,
        "confidence": 95
    },
    "QUEUE1 AVG NUMBER": {
        "mean": 0.057052832780670686,
        "half_confidence_interval": 0.002772751041279076,
        "stdev": 0.010829977243740433,
        "confidence": 95
    },
    "QUEUE2 AVG WAIT": {
        "mean": 3.1310189197394145,
        "half_confidence_interval": 0.02274728743176824,
        "stdev": 0.08884771895324213,
        "confidence": 95
    },
    "QUEUE2 AVG DELAY": {
        "mean": 0.4685893372956841,
        "half_confidence_interval": 0.020590671236616384,
        "stdev": 0.08042427812885335,
        "confidence": 95
    },
    "QUEUE2 AVG NUMBER": {
        "mean": 0.20878211165391589,
        "half_confidence_interval": 0.009448665926026136,
        "stdev": 0.03690516582237552,
        "confidence": 95
    },
    "QUEUE3 AVG WAIT": {
        "mean": 9.639362128333506,
        "half_confidence_interval": 0.10711289649878504,
        "stdev": 0.4183679725742135,
        "confidence": 95
    },
    "QUEUE3 AVG DELAY": {
        "mean": 1.2127584471942408,
        "half_confidence_interval": 0.09595178940864174,
        "stdev": 0.37477425139200365,
        "confidence": 95
    },
    "QUEUE3 AVG NUMBER": {
        "mean": 0.4348852506557979,
        "half_confidence_interval": 0.037354346510200254,
        "stdev": 0.14590084599648923,
        "confidence": 95
    },
    "QUEUE4 AVG WAIT": {
        "mean": 0.0,
        "half_confidence_interval": 0.0,
        "stdev": 0.0,
        "confidence": 95
    },
    "QUEUE4 AVG DELAY": {
        "mean": 0.0,
        "half_confidence_interval": 0.0,
        "stdev": 0.0,
        "confidence": 95
    },
    "QUEUE4 AVG NUMBER": {
        "mean": 0.0,
        "half_confidence_interval": 0.0,
        "stdev": 0.0,
        "confidence": 95
    },
    "QUEUE5 AVG WAIT": {
        "mean": 0.0,
        "half_confidence_interval": 0.0,
        "stdev": 0.0,
        "confidence": 95
    },
    "QUEUE5 AVG DELAY": {
        "mean": 0.0,
        "half_confidence_interval": 0.0,
        "stdev": 0.0,
        "confidence": 95
    },
    "QUEUE5 AVG NUMBER": {
        "mean": 0.0,
        "half_confidence_interval": 0.0,
        "stdev": 0.0,
        "confidence": 95
    },
    "QUEUE6 AVG WAIT": {
        "mean": 0.0,
        "half_confidence_interval": 0.0,
        "stdev": 0.0,
        "confidence": 95
    },
    "QUEUE6 AVG DELAY": {
        "mean": 0.0,
        "half_confidence_interval": 0.0,
        "stdev": 0.0,
        "confidence": 95
    },
    "QUEUE6 AVG NUMBER": {
        "mean": 0.0,
        "half_confidence_interval": 0.0,
        "stdev": 0.0,
        "confidence": 95
    },
    "UTILIZATION1": {
        "mean": 0.736930312391463,
        "half_confidence_interval": 0.005584406035141822,
        "stdev": 0.021811907877778158,
        "confidence": 95
    },
    "UTILIZATION2": {
        "mean": 0.738860693979816,
        "half_confidence_interval": 0.005591168848709197,
        "stdev": 0.021838322480440986,
        "confidence": 95
    },
    "UTILIZATION3": {
        "mean": 0.7391071939776934,
        "half_confidence_interval": 0.005858356601088882,
        "stdev": 0.022881920421619042,
        "confidence": 95
    },
    "UTILIZATION4": {
        "mean": 0.7389334402465133,
        "half_confidence_interval": 0.005499979235249634,
        "stdev": 0.02148214862136384,
        "confidence": 95
    },
    "UTILIZATION5": {
        "mean": 0.7403169580418928,
        "half_confidence_interval": 0.0055726267584986664,
        "stdev": 0.021765899672896466,
        "confidence": 95
    },
    "UTILIZATION6": {
        "mean": 0.7408157059564296,
        "half_confidence_interval": 0.005947682626922975,
        "stdev": 0.023230815368426354,
        "confidence": 95
    }
}