{
    "seed": 2096159836,
    "arrival_stream": 0,
    "service_stream": 1,
    "observation_period": 40000.0,
    "interarrivals": 3.0,
    "batch_size": 0,
    "k": 0,
    "servers": 2,
    "acquisition_time": [
        31.43285791488795,
        46.46812312615169,
        57.28541487214889,
        69.06005217887443,
        85.32785286796192,
        101.46265626817227,
        110.77878094255067,
        127.81189034417254,
        156.99195861164085,
        182.38090672207028,
        203.03556369251274,
        236.43968007983838,
        270.27987508228387,
        307.16403406565684,
        365.3441551571998,
        428.0019777566568,
        536.3090297539089,
        642.1260947930222,
        776.5249176931077,
        918.3314426818308,
        1090.9667669345608,
        1290.796655866743,
        1588.36992280736,
        1905.0323984072832,
        2329.0456659678516,
        2874.004842529983,
        3409.0205244082485,
        4097.482747526341,
        4849.556834342818,
        5915.3113139726665,
        6951.316304315418,
        8331.828086838774,
        9837.000390851745,
        11746.475753147995,
        14052.621333083243,
        16997.29484256561,
        20340.818593831344,
        24314.094248619876,
        29105.36557245815,
        35025.827518242986
    ],
    "avg_utilization1": [
        0.28334349323630725,
        0.3135537533903301,
        0.31637942893445986,
        0.44357191244623956,
        0.40520574576653723,
        0.5181909028273511,
        0.48432583213223734,
        0.5495683747964438,
        0.6177156377538205,
        0.6704181523173,
        0.6972212122135735,
        0.7289324611943755,
        0.7873722950787256,
        0.824376710171648,
        0.8343952259095474,
        0.795215911432355,
        0.8056004614768636,
        0.7934614603828599,
        0.7871528252100357,
        0.7828757518438553,
        0.7861323109125424,
        0.7854673041849247,
        0.7598514971249831,
        0.7477677024312559,
        0.7372829203385357,
        0.7248711506173354,
        0.73532566894597,
        0.7357645568585937,
        0.7510525887052677,
        0.7415681204105841,
        0.7554902305905656,
        0.7588352220125468,
        0.761256881248008,
        0.7622020769880251,
        0.7616442620792645,
        0.7490368469148284,
        0.7478243222833156,
        0.7504355412277636,
        0.7549631205222831,
        0.7485595773779383
    ],
    "avg_utilization2": [
        0.419503336764591,
        0.36012323411506436,
        0.3797224676688901,
        0.48297778932170565,
        0.5506402485847885,
        0.5449821235475631,
        0.5719765630014784,
        0.602159871742461,
        0.6821621778257186,
        0.7199392053232344,
        0.7428394903546766,
        0.7851100287536636,
        0.8460697448895393,
        0.8432604513712257,
        0.8585863565560173,
        0.837910907657848,
        0.7785782668300157,
        0.7908993754142409,
        0.7690126520074412,
        0.7491051438867186,
        0.7553919404128532,
        0.7445046789048101,
        0.7219564023898567,
        0.7193924538900577,
        0.7165883148931115,
        0.7023996116130609,
        0.7077866557708614,
        0.713973741070955,
        0.7330021730618471,
        0.7236898450931435,
        0.7311267010382377,
        0.7436058864117867,
        0.7465372961690722,
        0.7473333113147014,
        0.7499866476058433,
        0.7432443830023058,
        0.7447443125618853,
        0.7445805921065314,
        0.7498087343117533,
        0.7459671356346117
    ],
    "avg_utilization3": [],
    "avg_utilization4": [],
    "avg_utilization5": [],
    "avg_utilization6": [],
    "global": {
        "avg_wait": [
            2.209248454334764,
            2.6087087668879687,
            2.8483204243009,
            3.6564072905381213,
            4.814445557274186,
            5.098644846408983,
            4.905648394505382,
            5.022111460458101,
            8.198761763184566,
            10.443169529860997,
            11.808214632542027,
            13.998508442123038,
            16.805564070993317,
            18.478374939650134,
            20.116531425635646,
            17.723075186536693,
            16.168578953279678,
            14.957038009483584,
            14.01982866277492,
            13.040236655977347,
            13.010075790680466,
            12.029531895777767,
            11.165249482164313,
            10.50396288873809,
            10.07688108320088,
            9.462793173936245,
            9.290561635137125,
            9.41123140714929,
            9.676933675572185,
            9.661793777886162,
            10.24302390344752,
            10.817639152085821,
            10.421025357467101,
            10.461021432548964,
            10.284259601757814,
            9.890882887191237,
            9.843112413248083,
            9.801293915016203,
            9.785752346780667,
            9.6448045576337
        ],
        "avg_delay": [
            0.0,
            0.0,
            0.0,
            0.3373583080718962,
            0.7961047325244948,
            0.9329391909518336,
            0.8706176483119517,
            0.8175660006519587,
            3.3937240477111024,
            5.48748067875558,
            6.90832045464108,
            8.985804367886315,
            11.880187567787527,
            13.649727393606998,
            15.127011592907767,
            13.000227156144504,
            11.411730627186744,
            10.208102265203493,
            9.338165517482814,
            8.477010992398213,
            8.444212306850083,
            7.5767412955476185,
            6.72438325769692,
            6.1093282481022495,
            5.6389616870126895,
            4.98570693784265,
            4.815165868228437,
            4.912881733023227,
            5.1319390350204515,
            5.100556451949066,
            5.711614419791897,
            6.242918628268276,
            5.90114679366749,
            5.960360044059004,
            5.7885184865855415,
            5.419092537961344,
            5.381455024958065,
            5.349851490016137,
            5.315932375116269,
            5.193895112448301
        ],
        "avg_number": [
            0.7028468300008983,
            0.6736769875053945,
            0.69610189660335,
            0.9000706193813529,
            1.128458151812201,
            1.2060346221410818,
            1.2842152822970079,
            1.3359616949234856,
            2.141187582238635,
            2.86301064008178,
            3.431343015231922,
            4.203584182888119,
            5.347340454650667,
            6.196274328058656,
            6.772609689864976,
            6.128511698370614,
            5.336174324798685,
            4.961407302792927,
            4.6219716275593195,
            4.359376655659241,
            4.388500214743564,
            4.119202721642846,
            3.7255693025766137,
            3.5067752143337434,
            3.3012063176044224,
            3.015972144185826,
            2.995091160029918,
            3.0295220238630454,
            3.1587599716225716,
            3.101738084497137,
            3.358191521433847,
            3.5509905836499565,
            3.47579372159495,
            3.5070520952071638,
            3.457940370449305,
            3.299425378556843,
            3.292519253873606,
            3.291406375158303,
            3.2942654939365243,
            3.2377139963243255
        ]
    },