{
    "interarrival": 1.0,
    "servers": 6,
    "seed": 864129983,
    "GLOBAL AVG WAIT": {
        "mean": 5.159530980956196,
        "half_confidence_interval": 0.061387302676444884,
        "stdev": 0.23977020696882329,
        "confidence": 95
    },
    "GLOBAL AVG DELAY": {
        "mean": 0.7348508892699607,
        "half_confidence_interval": 0.04900004249699329,
        "stdev": 0.1913873035423882,
        "confidence": 95
    },
    "GLOBAL AVG NUMBER": {
        "mean": 5.180879878682607,
        "half_confidence_interval": 0.0828192469757863,
        "stdev": 0.32348037986047545,
        "confidence": 95
    },
    "QUEUE1 AVG WAIT": {
        "mean": 1.5237734140535344,
        "half_confidence_interval": 0.013177126706040834,
        "stdev": 0.051468011458567546,
        "confidence": 95
    },
    "QUEUE1 AVG DELAY": {
        "mean": 0.2953387104474792,
        "half_confidence_interval": 0.01304606950921351,
        "stdev": 0.050956120402306834,
        "confidence": 95
    },
    "QUEUE1 AVG NUMBER": {
        "mean": 0.05923588082462727,
        "half_confidence_interval": 0.0026452721834854948,
        "stdev": 0.010332062678599513,
        "confidence": 95
    },
    "QUEUE2 AVG WAIT": {
        "mean": 3.1267232678089987,
        "half_confidence_interval": 0.022830441663867995,
        "stdev": 0.0891725077380822,
        "confidence": 95
    },
    "QUEUE2 AVG DELAY": {
        "mean": 0.46987387451943136,
        "half_confidence_interval": 0.019730138863117565,
        "stdev": 0.07706315919543658,
        "confidence": 95
    },
    "QUEUE2 AVG NUMBER": {
        "mean": 0.21014097486199332,
        "half_confidence_interval": 0.009363090728879668,
        "stdev": 0.036570921087118895,
        "confidence": 95
    },
    "QUEUE3 AVG WAIT": {
        "mean": 9.752193195411651,
        "half_confidence_interval": 0.1248713217301056,
        "stdev": 0.4877298944621405,
        "confidence": 95
    },
    "QUEUE3 AVG DELAY": {
        "mean": 1.311324682877337,
        "half_confidence_interval": 0.11312041665183493,
        "stdev": 0.44183250493945225,
        "confidence": 95
    },
    "QUEUE3 AVG NUMBER": {
        "mean": 0.470949354095309,
        "half_confidence_interval": 0.04386662402643932,
        "stdev": 0.17133688993112858,
        "confidence": 95
    },
    "QUEUE4 AVG WAIT": {
        "mean": 0.0,
        "half_confidence_interval": 0.0,
        "stdev": 0.0,
        "confidence": 95
    },
    "QUEUE4 AVG DELAY": {
        "mean": 0.0,
        "half_confidence_interval": 0.0,
        "stdev": 0.0,
        "confidence": 95
    },
    "QUEUE4 AVG NUMBER": {
        "mean": 0.0,
        "half_confidence_interval": 0.0,
        "stdev": 0.0,
        "confidence": 95
    },
    "QUEUE5 AVG WAIT": {
        "mean": 0.0,
        "half_confidence_interval": 0.0,
        "stdev": 0.0,
        "confidence": 95
    },
    "QUEUE5 AVG DELAY": {
        "mean": 0.0,
        "half_confidence_interval": 0.0,
        "stdev": 0.0,
        "confidence": 95
    },
    "QUEUE5 AVG NUMBER": {
        "mean": 0.0,
        "half_confidence_interval": 0.0,
        "stdev": 0.0,
        "confidence": 95
    },
    "QUEUE6 AVG WAIT": {
        "mean": 0.0,
        "half_confidence_interval": 0.0,
        "stdev": 0.0,
        "confidence": 95
    },
    "QUEUE6 AVG DELAY": {
        "mean": 0.0,
        "half_confidence_interval": 0.0,
        "stdev": 0.0,
        "confidence": 95
    },
    "QUEUE6 AVG NUMBER": {
        "mean": 0.0,
        "half_confidence_interval": 0.0,
        "stdev": 0.0,
        "confidence": 95
    },
    "UTILIZATION1": {
        "mean": 0.7390628219580742,
        "half_confidence_interval": 0.006418368960357975,
        "stdev": 0.025069250267251306,
        "confidence": 95
    },
    "UTILIZATION2": {
        "mean": 0.7407590908428158,
        "half_confidence_interval": 0.006451474075156652,
        "stdev": 0.025198554209287048,
        "confidence": 95
    },
    "UTILIZATION3": {
        "mean": 0.7425124411477286,
        "half_confidence_interval": 0.005686771317744076,
        "stdev": 0.022211732335375357,
        "confidence": 95
    },
    "UTILIZATION4": {
        "mean": 0.7377659220145167,
        "half_confidence_interval": 0.005633902877838505,
        "stdev": 0.022005235613323716,
        "confidence": 95
    },
    "UTILIZATION5": {
        "mean": 0.7394055148618202,
        "half_confidence_interval": 0.006731621190084039,
        "stdev": 0.02629276960561904,
        "confidence": 95
    },
    "UTILIZATION6": {
        "mean": 0.7409247577211471,
        "half_confidence_interval": 0.0063498241740109875,
        "stdev": 0.024801523931470188,
        "confidence": 95
    }
}