{
    "seed": 1368729199,
    "arrival_stream": 0,
    "service_stream": 1,
    "observation_period": 40000.0,
    "interarrivals": 5.0,
    "batch_size": 0,
    "k": 0,
    "servers": 2,
    "acquisition_time": [
        48.962078954397626,
        58.79923980744705,
        61.81764795434403,
        72.30955517267378,
        87.7202273985224,
        109.38488610191669,
        152.2976988354102,
        167.48007173448212,
        216.86241616658148,
        250.1296884278474,
        303.63250465283176,
        367.0537460914987,
        436.6693294840182,
        507.2548891314302,
        605.6313397946194,
        737.9102813529609,
        874.8727079065023,
        997.9179819628678,
        1197.5088143938524,
        1452.9967536090257,
        1756.2019735441265,
        2112.4667770989336,
        2540.23830513013,
        3009.215787290325,
        3638.3853111989233,
        4376.92548133176,
        5339.324263356607,
        6234.354253977932,
        7511.448054990627,
        9106.471252972195,
        10898.313093798402,
        13144.322662058375,
        16017.718987314971,
        19330.995424387143,
        23225.636717379995,
        28039.32725042611,
        33869.8064105043
    ],
    "avg_utilization1": [
        0.49146378404508956,
        0.6231629946186655,
        0.6280407724835,
        0.5514463718272712,
        0.533823108554082,
        0.5991567163348867,
        0.477934518347647,
        0.5127359563033997,
        0.43253061270386484,
        0.4403218846222613,
        0.4133595560648676,
        0.4069512019775993,
        0.3899381235272109,
        0.44411751823005885,
        0.4561335155845838,
        0.45998003750391087,
        0.467681950644679,
        0.4877508883354625,
        0.5022258238034635,
        0.49761606778055617,
        0.49448254397537295,
        0.48599308080857717,
        0.4856018787650665,
        0.48269540314331894,
        0.4667073466580853,
        0.4646069121282535,
        0.45239610690769383,
        0.4571816437712219,
        0.4518927424016234,
        0.45644248448468955,
        0.46168723463961076,
        0.4624761635339939,
        0.4521415213329883,
        0.44956076059342226,
        0.44842627753313063,
        0.44567502777999995,
        0.44089941156809737
    ],
    "avg_utilization2": [
        0.6020590971527627,
        0.5554467865900261,
        0.648978709864191,
        0.6032627096782883,
        0.5771265519097112,
        0.5027048727518031,
        0.40021352744894284,
        0.40963087933389253,
        0.38789458648330216,
        0.3913267555957215,
        0.4341123566384493,
        0.4135540058476291,
        0.41396490242321415,
        0.4141575951271803,
        0.4155231860827775,
        0.4319698099195062,
        0.4441516126878471,
        0.47146377519318,
        0.47113716291733776,
        0.47096751256411606,
        0.4709361256124595,
        0.47453749587197014,
        0.46766030764939676,
        0.47466916386321295,
        0.4749254679727884,
        0.4606722791330438,
        0.44408615899939374,
        0.4597652970623256,
        0.458608750478678,
        0.45735028119578014,
        0.45925958486735563,
        0.4581365753496675,
        0.4514036317247798,
        0.44577552069078463,
        0.44444471518060175,
        0.4436129524225703,
        0.4410845812531517
    ],
    "avg_utilization3": [],
    "avg_utilization4": [],
    "avg_utilization5": [],
    "avg_utilization6": [],
    "global": {
        "avg_wait": [
            5.696573554621647,
            7.513312862399181,
            7.230436564689427,
            6.646507771359382,
            6.418511727721425,
            6.310186755523243,
            5.674267876491615,
            5.40151970402949,
            5.114794218727811,
            4.965689093689804,
            5.325225817133698,
            5.048212204475017,
            4.7562256857687775,
            4.822963001899594,
            4.989720976533368,
            5.091452357329587,
            5.326530385835723,
            5.561924350098216,
            5.837225905639882,
            5.898950831410915,
            5.916498695474625,
            5.943989853602871,
            6.011866863692345,
            5.873972321058529,
            5.826636250981247,
            5.644468345702058,
            5.4380155387927385,
            5.500060263372212,
            5.471849972230821,
            5.565643268307683,
            5.637652857742331,
            5.632821226602036,
            5.5764923286566495,
            5.527390454388602,
            5.47452749186117,
            5.501496287443266,
            5.506269241905834
        ],
        "avg_delay": [
            1.2091092112811253,
            2.1573280372637895,
            2.2083912650166657,
            1.8186751594254895,
            1.545873885511666,
            1.2882282379263883,
            1.0661199210425283,
            0.9093375797127448,
            0.8892176530121034,
            0.8052887885064637,
            0.9703992592863142,
            0.806388116871726,
            0.6807281157057034,
            0.6774257993336203,
            0.721488344519668,
            0.6898749695640263,
            0.819534347910513,
            1.108931630593166,
            1.2840588892223566,
            1.3309045084246673,
            1.3445760113964187,
            1.3689592080222992,
            1.445233818386022,
            1.3442292876805015,
            1.3364357250364594,
            1.2232040776042234,
            1.0825928690687847,
            1.166943021445568,
            1.1526419434782482,
            1.1836382383744897,
            1.2346363021418987,
            1.2150623285333473,
            1.1676330026860464,
            1.1346639472958984,
            1.0862728864654976,
            1.10378258430918,
            1.1164412180964003
        ],
        "avg_number": [
            1.1634664369393568,
            1.5333489794092754,
            1.6374953634666498,
            1.5625961443586551,
            1.4634051730307167,
            1.3845101231942878,
            1.080474423951027,
            1.096558342942189,
            0.9670027968643283,
            0.9926228919287624,
            1.0347651137355198,
            0.9764866053931485,
            0.9367165984829838,
            0.979320652869934,
            1.0133816395989899,
            1.0211742103703585,
            1.0776377749272292,
            1.1871615783901186,
            1.247865413500276,
            1.2463743643920429,
            1.239761458382142,
            1.2436851285777295,
            1.2543269784264266,
            1.2414684290744071,
            1.2218946261174668,
            1.1812705120787015,
            1.1193137525189607,
            1.163645694782109,
            1.1531649347273825,
            1.1606204283647963,
            1.1789173931978465,
            1.1720471606517955,
            1.1422644725389504,
            1.1260084197175995,
            1.113732325783231,
            1.1124904556805753,
            1.1061372913636758
        ]
    },