{
    "seed": 1647881724,
    "arrival_stream": 0,
    "service_stream": 1,
    "observation_period": 840.0,
    "interarrivals": 5,
    "batch_size": 0,
    "k": 0,
    "servers": 3,
    "acquisition_time": [
        70.58778422772055,
        161.666260042235,
        230.34476182867883,
        255.8705455655965,
        299.69566948369123,
        357.5580336306725,
        418.402482195428,
        451.25944754673554,
        484.93234706414034,
        505.2978972819606,
        534.0962584933786,
        566.9692596506103,
        597.5892296229006,
        634.6798729086447,
        663.3668348242464,
        691.1265951882494,
        737.3479417376468,
        809.5703946078496
    ],
    "avg_utilization1": [
        0.45841050165844877,
        0.4171242635420584,
        0.41503598173749107,
        0.5157529532029254,
        0.4775512332514181,
        0.42232658242466764,
        0.4278388942754654,
        0.4461474667021276,
        0.4598190622562168,
        0.46181647747508364,
        0.48205557398576704,
        0.4990127326361831,
        0.521515725203334,
        0.5294383810119194,
        0.5434437503840971,
        0.5531921046121474,
        0.5447361035455114,
        0.5265981211387146
    ],
    "avg_utilization2": [
        0.3844881227347145,
        0.2557602395162168,
        0.30842217148603635,
        0.3863969189820583,
        0.42022637787718253,
        0.40235791721194286,
        0.3964713113607597,
        0.41804313228521717,
        0.43583494817342716,
        0.4458656051367193,
        0.4668461335724012,
        0.48062687392478787,
        0.4927426104071001,
        0.49711463924664184,
        0.5152851955752804,
        0.5082530773814192,
        0.5023376489443198,
        0.47162558185624515
    ],
    "avg_utilization3": [
        0.3827036558438585,
        0.354357808339865,
        0.36218374454808727,
        0.4403730706562079,
        0.4447851399890481,
        0.422796778722126,
        0.3941122879252276,
        0.41260192854281297,
        0.4382696779395749,
        0.4556105176746776,
        0.4928891043770643,
        0.49677950594705783,
        0.5044879971136531,
        0.503426512471953,
        0.5193963875907827,
        0.51818301572087,
        0.5069117971128669,
        0.4853414337296123
    ],
    "avg_utilization4": [],
    "avg_utilization5": [],
    "avg_utilization6": [],
    "avg_utilization7": [],
    "avg_utilization8": [],
    "avg_utilization9": [],
    "global": {
        "avg_wait": [
            7.6827362852689545,
            6.227964311972218,
            6.037812402211463,
            6.2485042330587985,
            6.485627593233946,
            5.88517347066491,
            5.69823806587957,
            5.561328086635849,
            5.53222448466489,
            5.403505287513449,
            5.463706398316067,
            5.5258295190442315,
            5.4813418956839675,
            5.3681712772420305,
            5.510119070385881,
            5.372478790700539,
            5.350317956251464,
            5.269884722216106
        ],
        "avg_delay": [
            0.12448794769007175,
            0.057797975713247594,
            0.03678052999933938,
            0.21153694273244067,
            0.4145422859451609,
            0.34001783004490727,
            0.3382174786724023,
            0.3282850036263967,
            0.38732143832226684,
            0.6569721585633437,
            0.9711947175950995,
            1.898530201471789,
            2.165628064597906,
            2.3367464812367054,
            2.275920818599153,
            2.2362461964278864,
            2.3193168586519723,
            2.2569014846222046,
            2.171294665148871,
            2.085647146880905,
            0.0,
            0.005171999252756768,
            0.0034088176893169605,
            0.006160960049889752,
            0.008593341646763475,
            0.007145025638881991,
            0.045651825183184946,
            0.07115538032757365,
            0.1143287800334733,
            0.21704804062580055,
            0.3503487803071384,
            0.32589063129618184,
            0.34262172971344523,
            0.4729147788546101,
            0.581761530853668,
            0.5450958881528065,
            0.5127779501200314,
            0.0,
            0.22625146199686957,
            0.29850944694314985,
            0.3234347830382844,
            0.3760586925366882,
            0.3598873856378093,
            0.30798055117081763,
            0.32567783654270005,
            0.44608541397112655,
            0.4290729968033117,
            0.4712174805424849,
            0.8519267744089152,
            0.9522014542644526,
            1.0068878178997867,
            1.0830329806874235,
            1.0501329931777514,
            0.9924065023271731,
            0.9405643716085894,
            0.0,
            0.281155442143735,
            0.17891709954601318,
            0.13573021344869965,
            0.2530484524088607,
            0.20755659579603186,
            0.1776205483254503,
            0.16756742965428148,
            0.14880988155865293,
            0.18970040737500704,
            0.4140935318148019,
            0.3956502587574177,
            0.43551939952204755,
            0.4733320788130097,
            0.9321586801389223,
            1.1441976535257647,
            1.0843550272191649,
            1.5489002498069562,
            0.7744501249034781,
            0.5042931045883112,
            0.8473515271301177,
            1.0834351922074783,
            0.8946149002373791,
            0.8247088936105023,
            0.7574579005737138,
            0.7329438430954381,
            0.741102909010472,
            0.8053148269730277,
            0.8645354944697409,
            0.8090530308567867,
            0.7471159567242097,
            0.8582077586211254,
            0.8177650823844582,
            0.8458482054031436,
            0.8016621051208899
        ],
        "avg_number": [
            1.5237524335198798,
            1.0786604495561714,
            1.1271188944517534,
            1.4163929838673044,
            1.5797719570714124,
            1.4648823117485823,
            1.416379644169212,
            1.4542337402366867,
            1.528704128386477,
            1.571974238438681,
            1.6572301761184796,
            1.7348341865941839,
            1.7702778655073426,
            1.767738106774778,
            1.8523032629775655,
            1.8578686450746205,
            1.8430657820584329,
            1.744541444401557
        ]
    },
    "q1": {
        "avg_wait": [
            2.539209492131434,
            2.171033236723697,
            1.8042436030326157,
            1.6852920174742314,
            2.0441281785118246,
            1.8194663063745566,
            1.862753388510542,
            1.862753388510542,
            1.8754641328492023,
            1.891851500409857,
            1.9741313129249622,
            2.018962718466088,
            2.0182498025309745,
            1.9822634339689318,
            1.9817025196646494,
            1.909360897449529,
            1.8684945798636892,
            1.8071738927505412
        ],
        "avg_delay": [
            1.183162713832166,
            0.7887751425547774,
            0.47326508553286645,
            0.3943875712773887,
            0.7248321511374214,
            0.5798657209099372,
            0.6040545277436259,
            0.6040545277436259,
            0.6220560215101578,
            0.598743218617482,
            0.7239297207412716,
            0.7779243815898267,
            0.7744087012841981,
            0.7366326670752128,
            0.7358693780174655,
            0.66080308391285,
            0.6099720774580154,
            0.556465754873979
        ],