{
    "interarrival": 2,
    "servers": 3,
    "seed": 841198816,
    "GLOBAL AVG WAIT": {
        "mean": 15.35876351924521,
        "half_confidence_interval": 0.8811571655934649,
        "stdev": 2.9001833081684354,
        "confidence": 95
    },
    "GLOBAL AVG DELAY": {
        "mean": 10.914621323702187,
        "half_confidence_interval": 0.8659554940131651,
        "stdev": 2.8501495163604202,
        "confidence": 95
    },
    "GLOBAL AVG NUMBER": {
        "mean": 0.5922424981142297,
        "half_confidence_interval": 0.21423179795791922,
        "stdev": 0.7051085876354565,
        "confidence": 95
    },
    "QUEUE1 AVG WAIT": {
        "mean": 0.0,
        "half_confidence_interval": 0.0,
        "stdev": 0.0,
        "confidence": 95
    },
    "QUEUE1 AVG DELAY": {
        "mean": 0.0,
        "half_confidence_interval": 0.0,
        "stdev": 0.0,
        "confidence": 95
    },
    "QUEUE1 AVG NUMBER": {
        "mean": 0.0,
        "half_confidence_interval": 0.0,
        "stdev": 0.0,
        "confidence": 95
    },
    "QUEUE2 AVG WAIT": {
        "mean": 0.0,
        "half_confidence_interval": 0.0,
        "stdev": 0.0,
        "confidence": 95
    },
    "QUEUE2 AVG DELAY": {
        "mean": 0.0,
        "half_confidence_interval": 0.0,
        "stdev": 0.0,
        "confidence": 95
    },
    "QUEUE2 AVG NUMBER": {
        "mean": 0.0,
        "half_confidence_interval": 0.0,
        "stdev": 0.0,
        "confidence": 95
    },
    "QUEUE3 AVG WAIT": {
        "mean": 0.0,
        "half_confidence_interval": 0.0,
        "stdev": 0.0,
        "confidence": 95
    },
    "QUEUE3 AVG DELAY": {
        "mean": 0.0,
        "half_confidence_interval": 0.0,
        "stdev": 0.0,
        "confidence": 95
    },
    "QUEUE3 AVG NUMBER": {
        "mean": 0.0,
        "half_confidence_interval": 0.0,
        "stdev": 0.0,
        "confidence": 95
    },
    "UTILIZATION1": {
        "mean": 0.7346265568706398,
        "half_confidence_interval": 0.018251138498862857,
        "stdev": 0.060070608622722343,
        "confidence": 95
    },
    "UTILIZATION2": {
        "mean": 0.739723885213554,
        "half_confidence_interval": 0.016241244049051667,
        "stdev": 0.053455372927967613,
        "confidence": 95
    },
    "UTILIZATION3": {
        "mean": 0.7556983224831446,
        "half_confidence_interval": 0.018404449477222567,
        "stdev": 0.06057520639229089,
        "confidence": 95
    },
    "UTILIZATION4": {
        "mean": 0.0,
        "half_confidence_interval": 0.0,
        "stdev": 0.0,
        "confidence": 95
    },
    "UTILIZATION5": {
        "mean": 0.0,
        "half_confidence_interval": 0.0,
        "stdev": 0.0,
        "confidence": 95
    },
    "UTILIZATION6": {
        "mean": 0.0,
        "half_confidence_interval": 0.0,
        "stdev": 0.0,
        "confidence": 95
    }
}