{
    "interarrival": 5,
    "servers": 2,
    "seed": 430131813,
    "GLOBAL AVG WAIT": {
        "mean": 5.580463321686199,
        "half_confidence_interval": 0.04562485818871782,
        "stdev": 0.1688400414478669,
        "confidence": 95
    },
    "GLOBAL AVG DELAY": {
        "mean": 1.1610053877051327,
        "half_confidence_interval": 0.03553134821709655,
        "stdev": 0.1314878455262058,
        "confidence": 95
    },
    "GLOBAL AVG NUMBER": {
        "mean": 1.1146273970379001,
        "half_confidence_interval": 0.013638546708816061,
        "stdev": 0.050471012580036806,
        "confidence": 95
    },
    "QUEUE1 AVG WAIT": {
        "mean": 5.596016960126584,
        "half_confidence_interval": 0.05523470560776985,
        "stdev": 0.20440238839981079,
        "confidence": 95
    },
    "QUEUE1 AVG DELAY": {
        "mean": 1.1655442146670647,
        "half_confidence_interval": 0.03894007346904369,
        "stdev": 0.14410222583710094,
        "confidence": 95
    },
    "QUEUE1 AVG NUMBER": {
        "mean": 0.11657913917725124,
        "half_confidence_interval": 0.004331181462916679,
        "stdev": 0.0160280357407865,
        "confidence": 95
    },
    "QUEUE2 AVG WAIT": {
        "mean": 5.566198329439759,
        "half_confidence_interval": 0.047292347953334556,
        "stdev": 0.17501077933393888,
        "confidence": 95
    },
    "QUEUE2 AVG DELAY": {
        "mean": 1.1567150109653261,
        "half_confidence_interval": 0.03623701822322488,
        "stdev": 0.13409925864206473,
        "confidence": 95
    },
    "QUEUE2 AVG NUMBER": {
        "mean": 0.11556172026422987,
        "half_confidence_interval": 0.004013520417008127,
        "stdev": 0.014852494461606474,
        "confidence": 95
    },
    "QUEUE3 AVG WAIT": {
        "mean": 0.0,
        "half_confidence_interval": 0.0,
        "stdev": 0.0,
        "confidence": 95
    },
    "QUEUE3 AVG DELAY": {
        "mean": 0.0,
        "half_confidence_interval": 0.0,
        "stdev": 0.0,
        "confidence": 95
    },
    "QUEUE3 AVG NUMBER": {
        "mean": 0.0,
        "half_confidence_interval": 0.0,
        "stdev": 0.0,
        "confidence": 95
    },
    "QUEUE4 AVG WAIT": {
        "mean": 0.0,
        "half_confidence_interval": 0.0,
        "stdev": 0.0,
        "confidence": 95
    },
    "QUEUE4 AVG DELAY": {
        "mean": 0.0,
        "half_confidence_interval": 0.0,
        "stdev": 0.0,
        "confidence": 95
    },
    "QUEUE4 AVG NUMBER": {
        "mean": 0.0,
        "half_confidence_interval": 0.0,
        "stdev": 0.0,
        "confidence": 95
    },
    "QUEUE5 AVG WAIT": {
        "mean": 0.0,
        "half_confidence_interval": 0.0,
        "stdev": 0.0,
        "confidence": 95
    },
    "QUEUE5 AVG DELAY": {
        "mean": 0.0,
        "half_confidence_interval": 0.0,
        "stdev": 0.0,
        "confidence": 95
    },
    "QUEUE5 AVG NUMBER": {
        "mean": 0.0,
        "half_confidence_interval": 0.0,
        "stdev": 0.0,
        "confidence": 95
    },
    "QUEUE6 AVG WAIT": {
        "mean": 0.0,
        "half_confidence_interval": 0.0,
        "stdev": 0.0,
        "confidence": 95
    },
    "QUEUE6 AVG DELAY": {
        "mean": 0.0,
        "half_confidence_interval": 0.0,
        "stdev": 0.0,
        "confidence": 95
    },
    "QUEUE6 AVG NUMBER": {
        "mean": 0.0,
        "half_confidence_interval": 0.0,
        "stdev": 0.0,
        "confidence": 95
    },
    "UTILIZATION1": {
        "mean": 0.44253878576337874,
        "half_confidence_interval": 0.004276909290335533,
        "stdev": 0.015827195316687772,
        "confidence": 95
    },
    "UTILIZATION2": {
        "mean": 0.43995224266288785,
        "half_confidence_interval": 0.003145000208343325,
        "stdev": 0.011638435418995865,
        "confidence": 95
    },
    "UTILIZATION3": {
        "mean": 0.0,
        "half_confidence_interval": 0.0,
        "stdev": 0.0,
        "confidence": 95
    },
    "UTILIZATION4": {
        "mean": 0.0,
        "half_confidence_interval": 0.0,
        "stdev": 0.0,
        "confidence": 95
    },
    "UTILIZATION5": {
        "mean": 0.0,
        "half_confidence_interval": 0.0,
        "stdev": 0.0,
        "confidence": 95
    },
    "UTILIZATION6": {
        "mean": 0.0,
        "half_confidence_interval": 0.0,
        "stdev": 0.0,
        "confidence": 95
    }
}