{
    "interarrival": 1.5,
    "servers": 4,
    "seed": 1778394193,
    "GLOBAL AVG WAIT": {
        "mean": 6.954231100688043,
        "half_confidence_interval": 0.13491058935512895,
        "stdev": 0.5269418678070925,
        "confidence": 95
    },
    "GLOBAL AVG DELAY": {
        "mean": 2.5006833802934616,
        "half_confidence_interval": 0.12398287390077889,
        "stdev": 0.48425974166781666,
        "confidence": 95
    },
    "GLOBAL AVG NUMBER": {
        "mean": 4.6543423578436895,
        "half_confidence_interval": 0.10684931875936404,
        "stdev": 0.4173384748380701,
        "confidence": 95
    },
    "QUEUE1 AVG WAIT": {
        "mean": 6.869555444761039,
        "half_confidence_interval": 0.14460455100021474,
        "stdev": 0.5648051243544749,
        "confidence": 95
    },
    "QUEUE1 AVG DELAY": {
        "mean": 2.3975807172898453,
        "half_confidence_interval": 0.12580213899069587,
        "stdev": 0.4913655363211453,
        "confidence": 95
    },
    "QUEUE1 AVG NUMBER": {
        "mean": 0.3909255856389105,
        "half_confidence_interval": 0.02175303932746136,
        "stdev": 0.0849643251021633,
        "confidence": 95
    },
    "QUEUE2 AVG WAIT": {
        "mean": 7.062526011690828,
        "half_confidence_interval": 0.15020327148081714,
        "stdev": 0.5866729424514855,
        "confidence": 95
    },
    "QUEUE2 AVG DELAY": {
        "mean": 2.6128992330146015,
        "half_confidence_interval": 0.13173258931215626,
        "stdev": 0.5145290447178174,
        "confidence": 95
    },
    "QUEUE2 AVG NUMBER": {
        "mean": 0.44752879609666574,
        "half_confidence_interval": 0.023878433787611,
        "stdev": 0.09326581820223419,
        "confidence": 95
    },
    "QUEUE3 AVG WAIT": {
        "mean": 7.073046449698026,
        "half_confidence_interval": 0.15125828673305114,
        "stdev": 0.5907936842719349,
        "confidence": 95
    },
    "QUEUE3 AVG DELAY": {
        "mean": 2.6164899405012534,
        "half_confidence_interval": 0.13058822847300064,
        "stdev": 0.5100593315476925,
        "confidence": 95
    },
    "QUEUE3 AVG NUMBER": {
        "mean": 0.4482361342468586,
        "half_confidence_interval": 0.02319014501515748,
        "stdev": 0.0905774586518019,
        "confidence": 95
    },
    "QUEUE4 AVG WAIT": {
        "mean": 6.819845297673477,
        "half_confidence_interval": 0.14270324293451733,
        "stdev": 0.5573788813278582,
        "confidence": 95
    },
    "QUEUE4 AVG DELAY": {
        "mean": 2.3730143865504703,
        "half_confidence_interval": 0.12406651212016699,
        "stdev": 0.48458642083922265,
        "confidence": 95
    },
    "QUEUE4 AVG NUMBER": {
        "mean": 0.38947339508142964,
        "half_confidence_interval": 0.02174525271414136,
        "stdev": 0.08493391168104976,
        "confidence": 95
    },
    "QUEUE5 AVG WAIT": {
        "mean": 0.0,
        "half_confidence_interval": 0.0,
        "stdev": 0.0,
        "confidence": 95
    },
    "QUEUE5 AVG DELAY": {
        "mean": 0.0,
        "half_confidence_interval": 0.0,
        "stdev": 0.0,
        "confidence": 95
    },
    "QUEUE5 AVG NUMBER": {
        "mean": 0.0,
        "half_confidence_interval": 0.0,
        "stdev": 0.0,
        "confidence": 95
    },
    "QUEUE6 AVG WAIT": {
        "mean": 0.0,
        "half_confidence_interval": 0.0,
        "stdev": 0.0,
        "confidence": 95
    },
    "QUEUE6 AVG DELAY": {
        "mean": 0.0,
        "half_confidence_interval": 0.0,
        "stdev": 0.0,
        "confidence": 95
    },
    "QUEUE6 AVG NUMBER": {
        "mean": 0.0,
        "half_confidence_interval": 0.0,
        "stdev": 0.0,
        "confidence": 95
    },
    "UTILIZATION1": {
        "mean": 0.7273596283122836,
        "half_confidence_interval": 0.006595148715966174,
        "stdev": 0.025759727234670498,
        "confidence": 95
    },
    "UTILIZATION2": {
        "mean": 0.7603793129310095,
        "half_confidence_interval": 0.0059156333348855,
        "stdev": 0.023105635322228004,
        "confidence": 95
    },
    "UTILIZATION3": {
        "mean": 0.762467456030519,
        "half_confidence_interval": 0.005678116731249606,
        "stdev": 0.0221779287326019,
        "confidence": 95
    },
    "UTILIZATION4": {
        "mean": 0.7279398052230455,
        "half_confidence_interval": 0.005839776977674305,
        "stdev": 0.022809351014636034,
        "confidence": 95
    },
    "UTILIZATION5": {
        "mean": 0.0,
        "half_confidence_interval": 0.0,
        "stdev": 0.0,
        "confidence": 95
    },
    "UTILIZATION6": {
        "mean": 0.0,
        "half_confidence_interval": 0.0,
        "stdev": 0.0,
        "confidence": 95
    }
}