{
    "seed": 748644230,
    "arrival_stream": 0,
    "service_stream": 1,
    "observation_period": 20000.0,
    "interarrivals": 2,
    "batch_size": 512,
    "k": 190,
    "servers": 3,
    "acquisition_time": [],
    "avg_utilization1": [
        0.7456263934964307,
        0.7023025537229872,
        0.720415172845531,
        0.7662806470318078,
        0.6884325135830662,
        0.6847664980010044,
        0.743388398007127,
        0.8135971400405312,
        0.7535821027054862,
        0.7746353713845019,
        0.7047297392790542,
        0.7491992745801307,
        0.7213877112008411,
        0.7466828433650393,
        0.7421919965918086,
        0.7474492215253417,
        0.7850185074229183,
        0.7706385562803992,
        0.7171475261674337
    ],
    "avg_utilization2": [
        0.7496766182202141,
        0.7175469585880674,
        0.7179114888629728,
        0.7746036782052688,
        0.6670997297051138,
        0.691063830920182,
        0.7368446860813711,
        0.7938799798084367,
        0.7527753946421706,
        0.7599278644748504,
        0.6474509323582048,
        0.7270177601185079,
        0.686188946940293,
        0.769562975109156,
        0.7184523179048001,
        0.755914074817683,
        0.7743953856787444,
        0.8073767651227604,
        0.7581325116697487
    ],
    "avg_utilization3": [
        0.7484190733659865,
        0.7229387635865125,
        0.7252122402798096,
        0.7794254395457472,
        0.7041310914006095,
        0.6886207967231178,
        0.7376039500521081,
        0.7845754737316453,
        0.7577719986653886,
        0.7485116630710361,
        0.6693019387419347,
        0.7296243044858752,
        0.7144435601603326,
        0.776218198435341,
        0.7477431319080384,
        0.7652383897745447,
        0.7540822995791268,
        0.7850957316440079,
        0.7680434605975163
    ],
    "avg_utilization4": [],
    "avg_utilization5": [],
    "avg_utilization6": [],
    "avg_utilization7": [],
    "avg_utilization8": [],
    "avg_utilization9": [],
    "global": {
        "avg_wait": [
            6.24843150027224,
            6.425058767091515,
            5.473380946300642,
            6.946970423197164,
            5.875358195225029,
            6.491879777750402,
            5.66860521502414,
            6.578236508408013,
            5.897180980758204,
            6.413424456800136,
            5.5986206628066135,
            7.098798214879491,
            5.773398363113369,
            6.528592772117737,
            6.673452479508018,
            7.197660020475354,
            6.690464174720891,
            6.8697474854907625,
            5.75975654351857
        ],
        "avg_delay": [
            1.9284334337523423,
            2.1128930899656435,
            1.223907342752803,
            2.369893071044361,
            1.7372767538955936,
            2.0980288303165704,
            1.4490116063856195,
            2.064337106688887,
            1.5435356164094678,
            2.0215905419524027,
            1.3829251434572818,
            2.6741318059390835,
            1.5615085466997485,
            2.1622554108951952,
            2.4073419760087518,
            2.5991794459343467,
            2.2813809960452573,
            2.465957567280107,
            1.3994295754197736
        ],
        "avg_number": [
            3.233547129608743,
            1.6303666245866584,
            0.9265205389663327,
            0.8811916186838676,
            0.5935519398642793,
            0.5403262117410933,
            0.4074077672495832,
            0.4160970863759002,
            0.33267042936352065,
            0.32643413713163666,
            0.2575920554230498,
            0.2988786915211781,
            0.22435840857409664,
            0.23627482212930515,
            0.22564231532746143,
            0.2278027367463126,
            0.19966459005565934,
            0.19425206362320485,
            0.15440808002459058
        ]
    },
    "q1": {
        "avg_wait": [
            2.4209401782824003,
            1.7583540508870101,
            1.7466845275319076,
            1.8995721661670113,
            1.8569350835982892,
            2.121298529167799,
            1.987074458771064,
            2.5118570358830086,
            2.2000629187471175,
            1.9115071712454985,
            1.8695566160194255,
            2.0099134005489954,
            1.861354049733504,
            2.093188080101274,
            2.0139906472606848,
            2.076092227613748,
            2.0743135470960086,
            2.1808315200352553,
            1.9920299456586812
        ],
        "avg_delay": [
            1.1967603236776772,
            0.5213995970327512,
            0.5204115246723952,
            0.68081093148002,
            0.6242823143269643,
            0.8852030106812153,
            0.7538922235320332,
            1.2759377891132535,
            0.9751276187270222,
            0.6975889589507193,
            0.6473234375903141,
            0.7593888244672394,
            0.6546303816216216,
            0.8628782536149215,
            0.7959038602872806,
            0.8567846591140201,
            0.8744442024492107,
            0.9552559771360821,
            0.7632598018139243
        ],
        "avg_number": [
            0.13668594106303628,
            0.030233941185635504,
            0.018582326014629127,
            0.016192082218457825,
            0.012194686647032991,
            0.016692311403551645,
            0.012169990396535678,
            0.01702426949569,
            0.011925709265053631,
            0.00589459740451808,
            0.006515095938278459,
            0.006119704303602041,
            0.00601204735302171,
            0.00670919034274134,
            0.0054137456772424914,
            0.005508110805959074,
            0.005147878839765227,
            0.005381146825259086,
            0.004236177903081287
        ]
    },
    "q2": {
        "avg_wait": [
            3.8846531201637204,
            3.687510463168021,
            3.492671171948703,
            3.776708056965301,
            3.645524888036961,
            3.77639292764552,
            3.731795825860222,
            3.9247671862024127,
            3.7904771545402935,
            3.935633690367518,
            3.52550762372262,
            3.925371628433159,
            3.7742271353345993,
            3.8150522981784407,
            4.006077385490283,
            3.9435471411884926,
            3.921174363558091,
            3.824200658423872,
            3.619324000518229
        ],
        "avg_delay": [
            1.1819180926914696,
            1.009687887329225,
            0.841939940550384,
            1.1708738886528116,
            1.0679146785651246,
            1.135006401151946,
            1.0896288449638576,
            1.1250373988265603,
            1.1618809992911496,
            1.2533998225214817,
            0.9282510209601772,
            1.289317001172094,
            1.0565858017946164,
            1.254576745585934,
            1.32163891415796,
            1.1946230703586829,
            1.257907158390308,
            1.1450553708012576,
            1.04001159339033
        ],
        "avg_number": [
            0.27237073889269736,
            0.11259208858635376,
            0.06597188185305151,
            0.06613782595900762,
            0.05309963253599741,
            0.03930008781666369,
            0.034567674371656615,
            0.029743766500879985,
            0.0294434886816436,
            0.030153700677304683,
            0.02001972641221476,
            0.02491539246311851,
            0.018444779658655007,
            0.019066175983447328,
            0.02059798960234011,
            0.016910795087110873,
            0.01701027809394803,
            0.014608087933637414,
            0.012306726658990963
        ]
    },