{
    "interarrival": 1.5,
    "servers": 3,
    "seed": 768437534,
    "GLOBAL AVG WAIT": {
        "mean": 43.288310093279954,
        "half_confidence_interval": 7.3513166260466605,
        "stdev": 28.71321319020753,
        "confidence": 95
    },
    "GLOBAL AVG DELAY": {
        "mean": 38.85494504768698,
        "half_confidence_interval": 7.345994048483864,
        "stdev": 28.692423947673685,
        "confidence": 95
    },
    "GLOBAL AVG NUMBER": {
        "mean": 29.019149424891232,
        "half_confidence_interval": 4.9682713187696494,
        "stdev": 19.405371965231552,
        "confidence": 95
    },
    "QUEUE1 AVG WAIT": {
        "mean": 2.7861163549597627,
        "half_confidence_interval": 0.0283412770008861,
        "stdev": 0.11069705877255774,
        "confidence": 95
    },
    "QUEUE1 AVG DELAY": {
        "mean": 1.5571218722045752,
        "half_confidence_interval": 0.027570535736179194,
        "stdev": 0.10768665133484673,
        "confidence": 95
    },
    "QUEUE1 AVG NUMBER": {
        "mean": 0.2099700947402554,
        "half_confidence_interval": 0.003819996443793484,
        "stdev": 0.014920371119351749,
        "confidence": 95
    },
    "QUEUE2 AVG WAIT": {
        "mean": 5.349008455369909,
        "half_confidence_interval": 0.04972980544940168,
        "stdev": 0.19423765543126958,
        "confidence": 95
    },
    "QUEUE2 AVG DELAY": {
        "mean": 2.6866178721279095,
        "half_confidence_interval": 0.04784684709065698,
        "stdev": 0.1868830837901356,
        "confidence": 95
    },
    "QUEUE2 AVG NUMBER": {
        "mean": 0.7905013561409954,
        "half_confidence_interval": 0.017912040821209813,
        "stdev": 0.06996192286818703,
        "confidence": 95
    },
    "QUEUE3 AVG WAIT": {
        "mean": 112.69647282024036,
        "half_confidence_interval": 20.36029685871678,
        "stdev": 79.52446807268521,
        "confidence": 95
    },
    "QUEUE3 AVG DELAY": {
        "mean": 104.26020357639706,
        "half_confidence_interval": 20.35695461518795,
        "stdev": 79.51141373754245,
        "confidence": 95
    },
    "QUEUE3 AVG NUMBER": {
        "mean": 25.06233203394934,
        "half_confidence_interval": 4.94615669185596,
        "stdev": 19.318995329657888,
        "confidence": 95
    },
    "QUEUE4 AVG WAIT": {
        "mean": 0.0,
        "half_confidence_interval": 0.0,
        "stdev": 0.0,
        "confidence": 95
    },
    "QUEUE4 AVG DELAY": {
        "mean": 0.0,
        "half_confidence_interval": 0.0,
        "stdev": 0.0,
        "confidence": 95
    },
    "QUEUE4 AVG NUMBER": {
        "mean": 0.0,
        "half_confidence_interval": 0.0,
        "stdev": 0.0,
        "confidence": 95
    },
    "QUEUE5 AVG WAIT": {
        "mean": 0.0,
        "half_confidence_interval": 0.0,
        "stdev": 0.0,
        "confidence": 95
    },
    "QUEUE5 AVG DELAY": {
        "mean": 0.0,
        "half_confidence_interval": 0.0,
        "stdev": 0.0,
        "confidence": 95
    },
    "QUEUE5 AVG NUMBER": {
        "mean": 0.0,
        "half_confidence_interval": 0.0,
        "stdev": 0.0,
        "confidence": 95
    },
    "QUEUE6 AVG WAIT": {
        "mean": 0.0,
        "half_confidence_interval": 0.0,
        "stdev": 0.0,
        "confidence": 95
    },
    "QUEUE6 AVG DELAY": {
        "mean": 0.0,
        "half_confidence_interval": 0.0,
        "stdev": 0.0,
        "confidence": 95
    },
    "QUEUE6 AVG NUMBER": {
        "mean": 0.0,
        "half_confidence_interval": 0.0,
        "stdev": 0.0,
        "confidence": 95
    },
    "UTILIZATION1": {
        "mean": 0.985302313263229,
        "half_confidence_interval": 0.004603996151237643,
        "stdev": 0.017982564177550953,
        "confidence": 95
    },
    "UTILIZATION2": {
        "mean": 0.9853059724793207,
        "half_confidence_interval": 0.00470116369540191,
        "stdev": 0.0183620869967521,
        "confidence": 95
    },
    "UTILIZATION3": {
        "mean": 0.9855766987868588,
        "half_confidence_interval": 0.004648710791835567,
        "stdev": 0.01815721330144567,
        "confidence": 95
    },
    "UTILIZATION4": {
        "mean": 0.0,
        "half_confidence_interval": 0.0,
        "stdev": 0.0,
        "confidence": 95
    },
    "UTILIZATION5": {
        "mean": 0.0,
        "half_confidence_interval": 0.0,
        "stdev": 0.0,
        "confidence": 95
    },
    "UTILIZATION6": {
        "mean": 0.0,
        "half_confidence_interval": 0.0,
        "stdev": 0.0,
        "confidence": 95
    }
}