{
    "interarrival": 2.5,
    "servers": 3,
    "seed": 1220126277,
    "GLOBAL AVG WAIT": {
        "mean": 5.886405119228074,
        "half_confidence_interval": 0.06475916974168328,
        "stdev": 0.2529402474960118,
        "confidence": 95
    },
    "GLOBAL AVG DELAY": {
        "mean": 1.4440538986155877,
        "half_confidence_interval": 0.0504769363745617,
        "stdev": 0.1971558441893361,
        "confidence": 95
    },
    "GLOBAL AVG NUMBER": {
        "mean": 2.3614886906102215,
        "half_confidence_interval": 0.03209692477114448,
        "stdev": 0.12536609298510643,
        "confidence": 95
    },
    "QUEUE1 AVG WAIT": {
        "mean": 5.830707082685643,
        "half_confidence_interval": 0.07565040925156646,
        "stdev": 0.2954799037046522,
        "confidence": 95
    },
    "QUEUE1 AVG DELAY": {
        "mean": 1.3843855054868637,
        "half_confidence_interval": 0.053985172667047,
        "stdev": 0.21085852381965492,
        "confidence": 95
    },
    "QUEUE1 AVG NUMBER": {
        "mean": 0.18078869702255054,
        "half_confidence_interval": 0.007498891667620878,
        "stdev": 0.029289620634727162,
        "confidence": 95
    },
    "QUEUE2 AVG WAIT": {
        "mean": 6.017798673850366,
        "half_confidence_interval": 0.07856205710638797,
        "stdev": 0.30685239244960505,
        "confidence": 95
    },
    "QUEUE2 AVG DELAY": {
        "mean": 1.567484957794754,
        "half_confidence_interval": 0.05511368950121767,
        "stdev": 0.21526635252526002,
        "confidence": 95
    },
    "QUEUE2 AVG NUMBER": {
        "mean": 0.21935802960902817,
        "half_confidence_interval": 0.007993116759114457,
        "stdev": 0.0312199946259283,
        "confidence": 95
    },
    "QUEUE3 AVG WAIT": {
        "mean": 5.807235222598205,
        "half_confidence_interval": 0.07426623688472793,
        "stdev": 0.2900735202929773,
        "confidence": 95
    },
    "QUEUE3 AVG DELAY": {
        "mean": 1.373311826476263,
        "half_confidence_interval": 0.05279378192393152,
        "stdev": 0.20620511843119582,
        "confidence": 95
    },
    "QUEUE3 AVG NUMBER": {
        "mean": 0.17973078592412906,
        "half_confidence_interval": 0.0074582451802410075,
        "stdev": 0.02913086114755773,
        "confidence": 95
    },
    "QUEUE4 AVG WAIT": {
        "mean": 0.0,
        "half_confidence_interval": 0.0,
        "stdev": 0.0,
        "confidence": 95
    },
    "QUEUE4 AVG DELAY": {
        "mean": 0.0,
        "half_confidence_interval": 0.0,
        "stdev": 0.0,
        "confidence": 95
    },
    "QUEUE4 AVG NUMBER": {
        "mean": 0.0,
        "half_confidence_interval": 0.0,
        "stdev": 0.0,
        "confidence": 95
    },
    "QUEUE5 AVG WAIT": {
        "mean": 0.0,
        "half_confidence_interval": 0.0,
        "stdev": 0.0,
        "confidence": 95
    },
    "QUEUE5 AVG DELAY": {
        "mean": 0.0,
        "half_confidence_interval": 0.0,
        "stdev": 0.0,
        "confidence": 95
    },
    "QUEUE5 AVG NUMBER": {
        "mean": 0.0,
        "half_confidence_interval": 0.0,
        "stdev": 0.0,
        "confidence": 95
    },
    "QUEUE6 AVG WAIT": {
        "mean": 0.0,
        "half_confidence_interval": 0.0,
        "stdev": 0.0,
        "confidence": 95
    },
    "QUEUE6 AVG DELAY": {
        "mean": 0.0,
        "half_confidence_interval": 0.0,
        "stdev": 0.0,
        "confidence": 95
    },
    "QUEUE6 AVG NUMBER": {
        "mean": 0.0,
        "half_confidence_interval": 0.0,
        "stdev": 0.0,
        "confidence": 95
    },
    "UTILIZATION1": {
        "mean": 0.5798878094755601,
        "half_confidence_interval": 0.004894133087650525,
        "stdev": 0.01911579841753183,
        "confidence": 95
    },
    "UTILIZATION2": {
        "mean": 0.6224480826030767,
        "half_confidence_interval": 0.004592929278537198,
        "stdev": 0.017939338522697388,
        "confidence": 95
    },
    "UTILIZATION3": {
        "mean": 0.5792841188923747,
        "half_confidence_interval": 0.004849559067846348,
        "stdev": 0.018941698538763565,
        "confidence": 95
    },
    "UTILIZATION4": {
        "mean": 0.0,
        "half_confidence_interval": 0.0,
        "stdev": 0.0,
        "confidence": 95
    },
    "UTILIZATION5": {
        "mean": 0.0,
        "half_confidence_interval": 0.0,
        "stdev": 0.0,
        "confidence": 95
    },
    "UTILIZATION6": {
        "mean": 0.0,
        "half_confidence_interval": 0.0,
        "stdev": 0.0,
        "confidence": 95
    }
}