{
    "interarrival": 1.5,
    "servers": 4,
    "seed": 347119998,
    "GLOBAL AVG WAIT": {
        "mean": 6.721385732411395,
        "half_confidence_interval": 0.12417263786558047,
        "stdev": 0.4850009331379081,
        "confidence": 95
    },
    "GLOBAL AVG DELAY": {
        "mean": 2.2783281352444287,
        "half_confidence_interval": 0.11312475277851136,
        "stdev": 0.44184944124297626,
        "confidence": 95
    },
    "GLOBAL AVG NUMBER": {
        "mean": 4.473741758864062,
        "half_confidence_interval": 0.10125258600000035,
        "stdev": 0.3954784205018378,
        "confidence": 95
    },
    "QUEUE1 AVG WAIT": {
        "mean": 6.595123196036631,
        "half_confidence_interval": 0.14739089444996478,
        "stdev": 0.5756881916420876,
        "confidence": 95
    },
    "QUEUE1 AVG DELAY": {
        "mean": 2.1513202305585857,
        "half_confidence_interval": 0.1242608195466792,
        "stdev": 0.48534535843444443,
        "confidence": 95
    },
    "QUEUE1 AVG NUMBER": {
        "mean": 0.34936669574299045,
        "half_confidence_interval": 0.02119309570165395,
        "stdev": 0.08277726371980625,
        "confidence": 95
    },
    "QUEUE2 AVG WAIT": {
        "mean": 6.82295234490268,
        "half_confidence_interval": 0.1408380091960361,
        "stdev": 0.550093539571142,
        "confidence": 95
    },
    "QUEUE2 AVG DELAY": {
        "mean": 2.3944234267189604,
        "half_confidence_interval": 0.11576925370120723,
        "stdev": 0.45217849148494654,
        "confidence": 95
    },
    "QUEUE2 AVG NUMBER": {
        "mean": 0.40993138111045935,
        "half_confidence_interval": 0.020819418625862687,
        "stdev": 0.08131773339520128,
        "confidence": 95
    },
    "QUEUE3 AVG WAIT": {
        "mean": 6.868944297749189,
        "half_confidence_interval": 0.13912115064645236,
        "stdev": 0.5433877305223298,
        "confidence": 95
    },
    "QUEUE3 AVG DELAY": {
        "mean": 2.4129163329246044,
        "half_confidence_interval": 0.11823182431718399,
        "stdev": 0.4617969474281925,
        "confidence": 95
    },
    "QUEUE3 AVG NUMBER": {
        "mean": 0.4107861264402049,
        "half_confidence_interval": 0.02107926625756948,
        "stdev": 0.08233266185301415,
        "confidence": 95
    },
    "QUEUE4 AVG WAIT": {
        "mean": 6.606092937107339,
        "half_confidence_interval": 0.12650551446863526,
        "stdev": 0.4941128224303139,
        "confidence": 95
    },
    "QUEUE4 AVG DELAY": {
        "mean": 2.149762076206866,
        "half_confidence_interval": 0.11181878024192173,
        "stdev": 0.43674849541637545,
        "confidence": 95
    },
    "QUEUE4 AVG NUMBER": {
        "mean": 0.34907356701212033,
        "half_confidence_interval": 0.02028860708499654,
        "stdev": 0.07924445785667933,
        "confidence": 95
    },
    "QUEUE5 AVG WAIT": {
        "mean": 0.0,
        "half_confidence_interval": 0.0,
        "stdev": 0.0,
        "confidence": 95
    },
    "QUEUE5 AVG DELAY": {
        "mean": 0.0,
        "half_confidence_interval": 0.0,
        "stdev": 0.0,
        "confidence": 95
    },
    "QUEUE5 AVG NUMBER": {
        "mean": 0.0,
        "half_confidence_interval": 0.0,
        "stdev": 0.0,
        "confidence": 95
    },
    "QUEUE6 AVG WAIT": {
        "mean": 0.0,
        "half_confidence_interval": 0.0,
        "stdev": 0.0,
        "confidence": 95
    },
    "QUEUE6 AVG DELAY": {
        "mean": 0.0,
        "half_confidence_interval": 0.0,
        "stdev": 0.0,
        "confidence": 95
    },
    "QUEUE6 AVG NUMBER": {
        "mean": 0.0,
        "half_confidence_interval": 0.0,
        "stdev": 0.0,
        "confidence": 95
    },
    "UTILIZATION1": {
        "mean": 0.7198662889073303,
        "half_confidence_interval": 0.006975693495612858,
        "stdev": 0.027246081848713542,
        "confidence": 95
    },
    "UTILIZATION2": {
        "mean": 0.7567486887606037,
        "half_confidence_interval": 0.006062512249347036,
        "stdev": 0.023679323791738035,
        "confidence": 95
    },
    "UTILIZATION3": {
        "mean": 0.7573890375052256,
        "half_confidence_interval": 0.005971742536619483,
        "stdev": 0.02332479000611306,
        "confidence": 95
    },
    "UTILIZATION4": {
        "mean": 0.7206422132208478,
        "half_confidence_interval": 0.006276988470252362,
        "stdev": 0.024517037873221754,
        "confidence": 95
    },
    "UTILIZATION5": {
        "mean": 0.0,
        "half_confidence_interval": 0.0,
        "stdev": 0.0,
        "confidence": 95
    },
    "UTILIZATION6": {
        "mean": 0.0,
        "half_confidence_interval": 0.0,
        "stdev": 0.0,
        "confidence": 95
    }
}