{
    "interarrival": 2,
    "servers": 3,
    "seed": 959652532,
    "GLOBAL AVG WAIT": {
        "mean": 6.143165152940597,
        "half_confidence_interval": 0.3756539010673633,
        "stdev": 0.6269482748123714,
        "confidence": 95
    },
    "GLOBAL AVG DELAY": {
        "mean": 1.7280622543280182,
        "half_confidence_interval": 0.3018489728070259,
        "stdev": 0.5037714029257894,
        "confidence": 95
    },
    "GLOBAL AVG NUMBER": {
        "mean": 0.5263341436339588,
        "half_confidence_interval": 0.24161836359339536,
        "stdev": 0.4032494159849102,
        "confidence": 95
    },
    "QUEUE1 AVG WAIT": {
        "mean": 2.0201433312374206,
        "half_confidence_interval": 0.12965035129340208,
        "stdev": 0.21638019421936006,
        "confidence": 95
    },
    "QUEUE1 AVG DELAY": {
        "mean": 0.7960333630591749,
        "half_confidence_interval": 0.13029386552933833,
        "stdev": 0.21745418849678158,
        "confidence": 95
    },
    "QUEUE1 AVG NUMBER": {
        "mean": 0.013257338564976946,
        "half_confidence_interval": 0.005859504282471223,
        "stdev": 0.009779230538304123,
        "confidence": 95
    },
    "QUEUE2 AVG WAIT": {
        "mean": 3.839098986655989,
        "half_confidence_interval": 0.1822888169732786,
        "stdev": 0.3042312591304385,
        "confidence": 95
    },
    "QUEUE2 AVG DELAY": {
        "mean": 1.1821512717569171,
        "half_confidence_interval": 0.15600781601909164,
        "stdev": 0.2603695338515225,
        "confidence": 95
    },
    "QUEUE2 AVG NUMBER": {
        "mean": 0.045370047370731886,
        "half_confidence_interval": 0.020568156191556233,
        "stdev": 0.03432726241822037,
        "confidence": 95
    },
    "QUEUE3 AVG WAIT": {
        "mean": 11.306889994094583,
        "half_confidence_interval": 0.6797779045682076,
        "stdev": 1.134516594433507,
        "confidence": 95
    },
    "QUEUE3 AVG DELAY": {
        "mean": 2.923624141379711,
        "half_confidence_interval": 0.6318421405384113,
        "stdev": 1.0545141121621875,
        "confidence": 95
    },
    "QUEUE3 AVG NUMBER": {
        "mean": 0.0986923943673265,
        "half_confidence_interval": 0.060602068400125074,
        "stdev": 0.10114193443902632,
        "confidence": 95
    },
    "UTILIZATION1": {
        "mean": 0.7346468012338664,
        "half_confidence_interval": 0.03281972956487366,
        "stdev": 0.05477454851937322,
        "confidence": 95
    },
    "UTILIZATION2": {
        "mean": 0.7343111091304211,
        "half_confidence_interval": 0.03646328373864012,
        "stdev": 0.060855465014417603,
        "confidence": 95
    },
    "UTILIZATION3": {
        "mean": 0.7317741621881121,
        "half_confidence_interval": 0.03671823674085948,
        "stdev": 0.061280969300265546,
        "confidence": 95
    },
    "UTILIZATION4": {
        "mean": 0.0,
        "half_confidence_interval": 0.0,
        "stdev": 0.0,
        "confidence": 95
    },
    "UTILIZATION5": {
        "mean": 0.0,
        "half_confidence_interval": 0.0,
        "stdev": 0.0,
        "confidence": 95
    },
    "UTILIZATION6": {
        "mean": 0.0,
        "half_confidence_interval": 0.0,
        "stdev": 0.0,
        "confidence": 95
    }
}