{
    "interarrival": 5.0,
    "servers": 1,
    "seed": 1552593793,
    "GLOBAL AVG WAIT": {
        "mean": 20.363328735718763,
        "half_confidence_interval": 1.43055112667228,
        "stdev": 5.293919172780408,
        "confidence": 95
    },
    "GLOBAL AVG DELAY": {
        "mean": 15.935704797484252,
        "half_confidence_interval": 1.4219594281124421,
        "stdev": 5.26212460292223,
        "confidence": 95
    },
    "GLOBAL AVG NUMBER": {
        "mean": 4.078083970527358,
        "half_confidence_interval": 0.3078044027437688,
        "stdev": 1.1390656361523768,
        "confidence": 95
    },
    "QUEUE1 AVG WAIT": {
        "mean": 4.59243596361283,
        "half_confidence_interval": 0.05051777575224636,
        "stdev": 0.18694684631310238,
        "confidence": 95
    },
    "QUEUE1 AVG DELAY": {
        "mean": 3.363283877136319,
        "half_confidence_interval": 0.05046133371047886,
        "stdev": 0.18673797603821823,
        "confidence": 95
    },
    "QUEUE1 AVG NUMBER": {
        "mean": 0.1355699315537868,
        "half_confidence_interval": 0.0025456954377948643,
        "stdev": 0.009420639105399257,
        "confidence": 95
    },
    "QUEUE2 AVG WAIT": {
        "mean": 7.402361511921501,
        "half_confidence_interval": 0.08937617489057739,
        "stdev": 0.3307468268845695,
        "confidence": 95
    },
    "QUEUE2 AVG DELAY": {
        "mean": 4.74300620787026,
        "half_confidence_interval": 0.08812541379389735,
        "stdev": 0.32611824142066864,
        "confidence": 95
    },
    "QUEUE2 AVG NUMBER": {
        "mean": 0.41876887328487983,
        "half_confidence_interval": 0.009968767711234483,
        "stdev": 0.03689057282297906,
        "confidence": 95
    },
    "QUEUE3 AVG WAIT": {
        "mean": 45.31390989813822,
        "half_confidence_interval": 3.7725141555123063,
        "stdev": 13.960623038974587,
        "confidence": 95
    },
    "QUEUE3 AVG DELAY": {
        "mean": 36.87266408608785,
        "half_confidence_interval": 3.765923467030046,
        "stdev": 13.93623343732559,
        "confidence": 95
    },
    "QUEUE3 AVG NUMBER": {
        "mean": 2.6404380356604866,
        "half_confidence_interval": 0.29456945367604864,
        "stdev": 1.0900881831176439,
        "confidence": 95
    },
    "QUEUE4 AVG WAIT": {
        "mean": 0.0,
        "half_confidence_interval": 0.0,
        "stdev": 0.0,
        "confidence": 95
    },
    "QUEUE4 AVG DELAY": {
        "mean": 0.0,
        "half_confidence_interval": 0.0,
        "stdev": 0.0,
        "confidence": 95
    },
    "QUEUE4 AVG NUMBER": {
        "mean": 0.0,
        "half_confidence_interval": 0.0,
        "stdev": 0.0,
        "confidence": 95
    },
    "QUEUE5 AVG WAIT": {
        "mean": 0.0,
        "half_confidence_interval": 0.0,
        "stdev": 0.0,
        "confidence": 95
    },
    "QUEUE5 AVG DELAY": {
        "mean": 0.0,
        "half_confidence_interval": 0.0,
        "stdev": 0.0,
        "confidence": 95
    },
    "QUEUE5 AVG NUMBER": {
        "mean": 0.0,
        "half_confidence_interval": 0.0,
        "stdev": 0.0,
        "confidence": 95
    },
    "QUEUE6 AVG WAIT": {
        "mean": 0.0,
        "half_confidence_interval": 0.0,
        "stdev": 0.0,
        "confidence": 95
    },
    "QUEUE6 AVG DELAY": {
        "mean": 0.0,
        "half_confidence_interval": 0.0,
        "stdev": 0.0,
        "confidence": 95
    },
    "QUEUE6 AVG NUMBER": {
        "mean": 0.0,
        "half_confidence_interval": 0.0,
        "stdev": 0.0,
        "confidence": 95
    },
    "UTILIZATION1": {
        "mean": 0.883327140070301,
        "half_confidence_interval": 0.006687003899100776,
        "stdev": 0.02474602793977367,
        "confidence": 95
    },
    "UTILIZATION2": {
        "mean": 0.0,
        "half_confidence_interval": 0.0,
        "stdev": 0.0,
        "confidence": 95
    },
    "UTILIZATION3": {
        "mean": 0.0,
        "half_confidence_interval": 0.0,
        "stdev": 0.0,
        "confidence": 95
    },
    "UTILIZATION4": {
        "mean": 0.0,
        "half_confidence_interval": 0.0,
        "stdev": 0.0,
        "confidence": 95
    },
    "UTILIZATION5": {
        "mean": 0.0,
        "half_confidence_interval": 0.0,
        "stdev": 0.0,
        "confidence": 95
    },
    "UTILIZATION6": {
        "mean": 0.0,
        "half_confidence_interval": 0.0,
        "stdev": 0.0,
        "confidence": 95
    }
}