{
    "seed": 1948540958,
    "arrival_stream": 0,
    "service_stream": 1,
    "observation_period": 20000.0,
    "interarrivals": 2,
    "batch_size": 512,
    "k": 228,
    "servers": 3,
    "acquisition_time": [],
    "avg_utilization1": [
        0.7369646320670121,
        0.7705231107278033,
        0.8173271141352028,
        0.7167576508850247,
        0.7085471999366373,
        0.7607615939012441,
        0.7570909347049932,
        0.694591508129061,
        0.7837261124942151,
        0.7001980770333541,
        0.7245074212017932,
        0.7089318784594206,
        0.8014048157663315,
        0.739248032888678,
        0.7760884367314682,
        0.7095905540550685,
        0.6675907046715637,
        0.6944595429890105,
        0.6689164502900643
    ],
    "avg_utilization2": [
        0.7615468561638378,
        0.7417986749552693,
        0.7706074274598648,
        0.7102909560308581,
        0.6809481751525162,
        0.7570063282404862,
        0.7521774403046182,
        0.6699960590477956,
        0.7367722460342648,
        0.7015199074576124,
        0.74207846819926,
        0.7303490418512102,
        0.7943535457359973,
        0.7465186565144337,
        0.8095191004449404,
        0.7028200515153561,
        0.6896443541521085,
        0.7149967810997023,
        0.6964168503230971
    ],
    "avg_utilization3": [
        0.7578308229553099,
        0.7403812592428898,
        0.7860342852611556,
        0.7166682650947762,
        0.7230403677276519,
        0.7612438091470995,
        0.7174017342061784,
        0.7315524164101143,
        0.7374202990589586,
        0.6621532848833321,
        0.7384357972329908,
        0.6765030823113536,
        0.8003267527991857,
        0.7359290535283148,
        0.7876725124754078,
        0.678724111588185,
        0.6825670860170333,
        0.7196106565614975,
        0.6665805072226962
    ],
    "avg_utilization4": [],
    "avg_utilization5": [],
    "avg_utilization6": [],
    "avg_utilization7": [],
    "avg_utilization8": [],
    "avg_utilization9": [],
    "global": {
        "avg_wait": [
            6.374753821496632,
            6.5628191195446695,
            6.874348739073155,
            6.040400799582266,
            5.687839588847387,
            6.445264364582602,
            5.915183086734936,
            5.67010232889306,
            6.290680279693451,
            5.458415983070395,
            6.357926057773653,
            5.815498215580689,
            7.519535942818489,
            5.727525318938721,
            6.5402946871200776,
            5.560964150168385,
            5.363724866332355,
            6.318035160163582,
            5.87512973022406
        ],
        "avg_delay": [
            1.7831608980942255,
            2.251165085554731,
            2.1876101918429183,
            1.5596407913120327,
            1.3645199868363758,
            1.834886001633226,
            1.4227084584081613,
            1.2822556315618936,
            1.6563865133391538,
            1.0009666672329622,
            1.9871354038241087,
            1.4367261708863595,
            2.7683482275220292,
            1.3761214622341917,
            2.0936105028880867,
            1.0301951303516077,
            1.14232865046597,
            1.8678909260978642,
            1.5086347927535684
        ],
        "avg_number": [
            3.112361329782573,
            1.6575872966287128,
            1.160484305345411,
            0.7534168187379461,
            0.564557398706369,
            0.533135535317715,
            0.4193672782295611,
            0.35008573462237,
            0.3444639054612093,
            0.26729424385563866,
            0.28394511237468745,
            0.2377135771364459,
            0.28434970228861994,
            0.20164785877774954,
            0.21594621311036094,
            0.17140441604970827,
            0.1554171753116347,
            0.17254751746178906,
            0.15160813670677115
        ]
    },
    "q1": {
        "avg_wait": [
            2.0600267234599103,
            1.972838182669091,
            2.193337357329898,
            2.0284210957408177,
            1.9250287543764364,
            1.8337651666768884,
            2.006061215525291,
            1.8830448075384634,
            1.900655781268567,
            1.7470408217836457,
            2.158100294198062,
            1.903182194902997,
            2.132968792513497,
            1.902132329318054,
            2.2584240261414754,
            1.8191967850650106,
            1.760701325913151,
            1.9383615026079222,
            2.2632531665195046
        ],
        "avg_delay": [
            0.8253279983188526,
            0.7173499409723747,
            0.9637999085589809,
            0.7821647125319882,
            0.7140578083368623,
            0.6089241520838123,
            0.7808767432747685,
            0.6675310832453694,
            0.6816557936751024,
            0.5308359833156201,
            0.9077996096174773,
            0.6876626748918659,
            0.9046239736307665,
            0.6764892231298361,
            1.0141337176255723,
            0.6098813355681952,
            0.535631024642734,
            0.7036806720916193,
            1.019991174376821
        ],
        "avg_number": [
            0.07634049019940115,
            0.038218253477481604,
            0.03177785878540341,
            0.014481428508110137,
            0.011489530110478444,
            0.008558731200738575,
            0.010055920368861585,
            0.008774281183684316,
            0.007144426180785702,
            0.005889404163253869,
            0.009027007570195639,
            0.00570960272683382,
            0.006280406057900998,
            0.004791315211625048,
            0.0068015340454112925,
            0.003451239885289633,
            0.003273799195074159,
            0.0044290883710400445,
            0.005809114623151084
        ]
    },
    "q2": {
        "avg_wait": [
            4.0224116920216275,
            3.949127710545892,
            4.1268973021543385,
            3.881831423496985,
            3.5832646783966067,
            4.003265912598201,
            3.7021991779117216,
            3.6899854390715543,
            3.947698649337079,
            3.5230410022350283,
            3.8074262598556863,
            3.5377541891637665,
            4.199095890344265,
            3.691558945612244,
            4.233127668807514,
            3.4932000182050933,
            3.683251035637382,
            4.1512623284757355,
            3.6659327259423486
        ],
        "avg_delay": [
            1.2999647229250872,
            1.3147620472447341,
            1.3586372807520972,
            1.2664991991805363,
            0.8622408710767114,
            1.3402560204391545,
            1.049720375832282,
            1.0502040326947293,
            1.3151597853185848,
            0.8331521241172457,
            1.222900525771876,
            0.9244527224997094,
            1.5574803580434555,
            1.0245917159186886,
            1.4694108160660924,
            0.7574228141721717,
            0.9861412215484091,
            1.4625521442939375,
            0.9284670106735976
        ],
        "avg_number": [
            0.288831210116788,
            0.15436190518455933,
            0.09317611797949203,
            0.07559108819021676,
            0.04245737349567597,
            0.05153373953487193,
            0.03299558806390816,
            0.028748361379870312,
            0.03192864771457267,
            0.01681356381796261,
            0.023360611678806344,
            0.017048798791444563,
            0.024731634271347603,
            0.016415850839474763,
            0.02283697569006644,
            0.00998583642376091,
            0.012835994048159575,
            0.016694824118023806,
            0.010622516713073064
        ]
    },