{
    "GLOBAL AVG WAIT": {
        "mean": 6.126385805230464,
        "half_confidence_interval": 0.29132885698088345,
        "stdev": 0.5497016439163934,
        "confidence": 95
    },
    "GLOBAL AVG DELAY": {
        "mean": 1.6624997530583336,
        "half_confidence_interval": 0.24893992199402243,
        "stdev": 0.4697189484580042,
        "confidence": 95
    },
    "GLOBAL AVG NUMBER": {
        "mean": 0.4572567111421134,
        "half_confidence_interval": 0.20676713663582935,
        "stdev": 0.39014410070629957,
        "confidence": 95
    },
    "QUEUE1 AVG WAIT": {
        "mean": 1.9625447313864275,
        "half_confidence_interval": 0.07691558336557125,
        "stdev": 0.14513022519295887,
        "confidence": 95
    },
    "QUEUE1 AVG DELAY": {
        "mean": 0.734535197481938,
        "half_confidence_interval": 0.07282525258763638,
        "stdev": 0.13741227518933063,
        "confidence": 95
    },
    "QUEUE1 AVG NUMBER": {
        "mean": 0.010597283943656955,
        "half_confidence_interval": 0.0049867654427574295,
        "stdev": 0.009409411721575856,
        "confidence": 95
    },
    "QUEUE2 AVG WAIT": {
        "mean": 3.8355286842264174,
        "half_confidence_interval": 0.12733877047016523,
        "stdev": 0.24027256409527364,
        "confidence": 95
    },
    "QUEUE2 AVG DELAY": {
        "mean": 1.1644461208806125,
        "half_confidence_interval": 0.12633545532007648,
        "stdev": 0.2383794320757216,
        "confidence": 95
    },
    "QUEUE2 AVG NUMBER": {
        "mean": 0.039500994777777285,
        "half_confidence_interval": 0.019132640881730258,
        "stdev": 0.03610093505374665,
        "confidence": 95
    },
    "QUEUE3 AVG WAIT": {
        "mean": 11.265759069258,
        "half_confidence_interval": 0.6025916620306315,
        "stdev": 1.1370161907795002,
        "confidence": 95
    },
    "QUEUE3 AVG DELAY": {
        "mean": 2.792074053341876,
        "half_confidence_interval": 0.5204994410911308,
        "stdev": 0.9821182885570904,
        "confidence": 95
    },
    "QUEUE3 AVG NUMBER": {
        "mean": 0.0807828663847066,
        "half_confidence_interval": 0.04779340727803247,
        "stdev": 0.09018026851635953,
        "confidence": 95
    },
    "UTILIZATION1": {
        "mean": 0.7371379228653453,
        "half_confidence_interval": 0.0219281424023565,
        "stdev": 0.04137570184953941,
        "confidence": 95
    },
    "UTILIZATION2": {
        "mean": 0.7324351302468408,
        "half_confidence_interval": 0.019761664590771947,
        "stdev": 0.03728782525922084,
        "confidence": 95
    },
    "UTILIZATION3": {
        "mean": 0.7291567513850662,
        "half_confidence_interval": 0.020519646960160606,
        "stdev": 0.03871804456132015,
        "confidence": 95
    },
    "UTILIZATION4": {
        "mean": 0.0,
        "half_confidence_interval": 0.0,
        "stdev": 0.0,
        "confidence": 95
    },
    "UTILIZATION5": {
        "mean": 0.0,
        "half_confidence_interval": 0.0,
        "stdev": 0.0,
        "confidence": 95
    },
    "UTILIZATION6": {
        "mean": 0.0,
        "half_confidence_interval": 0.0,
        "stdev": 0.0,
        "confidence": 95
    }
}