{
    "interarrival": 1.5,
    "servers": 4,
    "seed": 1228488734,
    "GLOBAL AVG WAIT": {
        "mean": 6.7092115777720975,
        "half_confidence_interval": 0.10995057575351608,
        "stdev": 0.4294515503265077,
        "confidence": 95
    },
    "GLOBAL AVG DELAY": {
        "mean": 2.2801150686205403,
        "half_confidence_interval": 0.09746274966150834,
        "stdev": 0.3806758505298739,
        "confidence": 95
    },
    "GLOBAL AVG NUMBER": {
        "mean": 4.474710923720407,
        "half_confidence_interval": 0.08351929330178334,
        "stdev": 0.32621466276840455,
        "confidence": 95
    },
    "QUEUE1 AVG WAIT": {
        "mean": 6.572096074901355,
        "half_confidence_interval": 0.12417146779077255,
        "stdev": 0.4849963629895772,
        "confidence": 95
    },
    "QUEUE1 AVG DELAY": {
        "mean": 2.146649032568862,
        "half_confidence_interval": 0.10176168261032005,
        "stdev": 0.3974668805628191,
        "confidence": 95
    },
    "QUEUE1 AVG NUMBER": {
        "mean": 0.349232606899527,
        "half_confidence_interval": 0.01724416516180722,
        "stdev": 0.0673532940784773,
        "confidence": 95
    },
    "QUEUE2 AVG WAIT": {
        "mean": 6.8098336373046315,
        "half_confidence_interval": 0.1292029382954218,
        "stdev": 0.504648582123815,
        "confidence": 95
    },
    "QUEUE2 AVG DELAY": {
        "mean": 2.4055727785396934,
        "half_confidence_interval": 0.1033391081482516,
        "stdev": 0.4036280837956968,
        "confidence": 95
    },
    "QUEUE2 AVG NUMBER": {
        "mean": 0.4124367227045734,
        "half_confidence_interval": 0.017499183331402084,
        "stdev": 0.06834935933364665,
        "confidence": 95
    },
    "QUEUE3 AVG WAIT": {
        "mean": 6.852609992287435,
        "half_confidence_interval": 0.11318528093403334,
        "stdev": 0.44208585574148324,
        "confidence": 95
    },
    "QUEUE3 AVG DELAY": {
        "mean": 2.4100337019411073,
        "half_confidence_interval": 0.09584231534702292,
        "stdev": 0.37434666103915154,
        "confidence": 95
    },
    "QUEUE3 AVG NUMBER": {
        "mean": 0.4114640158648287,
        "half_confidence_interval": 0.017338808867497002,
        "stdev": 0.06772295913806042,
        "confidence": 95
    },
    "QUEUE4 AVG WAIT": {
        "mean": 6.607700826796438,
        "half_confidence_interval": 0.1264892809747251,
        "stdev": 0.49404941667659985,
        "confidence": 95
    },
    "QUEUE4 AVG DELAY": {
        "mean": 2.151823082740123,
        "half_confidence_interval": 0.1051381907970097,
        "stdev": 0.41065504866040764,
        "confidence": 95
    },
    "QUEUE4 AVG NUMBER": {
        "mean": 0.34893132578469943,
        "half_confidence_interval": 0.017575148063785868,
        "stdev": 0.06864606693948481,
        "confidence": 95
    },
    "QUEUE5 AVG WAIT": {
        "mean": 0.0,
        "half_confidence_interval": 0.0,
        "stdev": 0.0,
        "confidence": 95
    },
    "QUEUE5 AVG DELAY": {
        "mean": 0.0,
        "half_confidence_interval": 0.0,
        "stdev": 0.0,
        "confidence": 95
    },
    "QUEUE5 AVG NUMBER": {
        "mean": 0.0,
        "half_confidence_interval": 0.0,
        "stdev": 0.0,
        "confidence": 95
    },
    "QUEUE6 AVG WAIT": {
        "mean": 0.0,
        "half_confidence_interval": 0.0,
        "stdev": 0.0,
        "confidence": 95
    },
    "QUEUE6 AVG DELAY": {
        "mean": 0.0,
        "half_confidence_interval": 0.0,
        "stdev": 0.0,
        "confidence": 95
    },
    "QUEUE6 AVG NUMBER": {
        "mean": 0.0,
        "half_confidence_interval": 0.0,
        "stdev": 0.0,
        "confidence": 95
    },
    "UTILIZATION1": {
        "mean": 0.7187433460206305,
        "half_confidence_interval": 0.005682648356641621,
        "stdev": 0.02219562862672944,
        "confidence": 95
    },
    "UTILIZATION2": {
        "mean": 0.7549305112323945,
        "half_confidence_interval": 0.00517261509419747,
        "stdev": 0.020203510133728075,
        "confidence": 95
    },
    "UTILIZATION3": {
        "mean": 0.7572141413677409,
        "half_confidence_interval": 0.00494763053121417,
        "stdev": 0.019324751939780005,
        "confidence": 95
    },
    "UTILIZATION4": {
        "mean": 0.7217277291446872,
        "half_confidence_interval": 0.00561259632533606,
        "stdev": 0.021922015203229634,
        "confidence": 95
    },
    "UTILIZATION5": {
        "mean": 0.0,
        "half_confidence_interval": 0.0,
        "stdev": 0.0,
        "confidence": 95
    },
    "UTILIZATION6": {
        "mean": 0.0,
        "half_confidence_interval": 0.0,
        "stdev": 0.0,
        "confidence": 95
    }
}