{
    "seed": 162094317,
    "arrival_stream": 0,
    "service_stream": 1,
    "observation_period": 84000.0,
    "interarrivals": 1,
    "batch_size": 1000,
    "k": 25,
    "servers": 6,
    "acquisition_time": [],
    "avg_utilization1": [
        0.764978903922448,
        0.780645308648005,
        0.7364310104029447,
        0.7395670863119832,
        0.7100047036755164,
        0.7477290763017016,
        0.777521408539147,
        0.7415062956128917,
        0.7377778192592539,
        0.6927462726497704,
        0.7568401502715717,
        0.7663051292852899,
        0.7136842287611448,
        0.7294568340001332,
        0.7746283793560739,
        0.7005493665846707,
        0.7628111825160621,
        0.7869949688905442,
        0.7176712185847876,
        0.7180234637555106,
        0.7211869053166928,
        0.8125575179189914,
        0.7567237589187632,
        0.7525975974689724,
        0.7429301529278002
    ],
    "avg_utilization2": [
        0.7842321994869832,
        0.7649049815186539,
        0.7373988119695796,
        0.7180411808728384,
        0.7486641764666935,
        0.7395550988459572,
        0.788922378973857,
        0.7176149067131432,
        0.7264518308416225,
        0.7272055633642219,
        0.7592189168700821,
        0.7669086347327294,
        0.7359458709741385,
        0.7720280441591875,
        0.759886684113036,
        0.7022301633781809,
        0.7291578984546773,
        0.795963705243526,
        0.7350319471831315,
        0.7133819134103077,
        0.74813803954439,
        0.8007223446552304,
        0.7937554610400227,
        0.7306393343633679,
        0.717312420769724
    ],
    "avg_utilization3": [
        0.7812273449656001,
        0.7521360821231213,
        0.732157871767438,
        0.7327386922673911,
        0.7461105501821275,
        0.7774432299915911,
        0.7976529487451066,
        0.7384366157507402,
        0.7386670210948342,
        0.7333237321833338,
        0.7594375407279222,
        0.7826564605071131,
        0.7274325602001486,
        0.7352945556126825,
        0.7659474991389547,
        0.6686744435996524,
        0.7486167666682355,
        0.7960421262187646,
        0.7502362618491761,
        0.746011065868004,
        0.7159012863983933,
        0.810658058644167,
        0.773163891426545,
        0.7638995311713831,
        0.7377902904888076
    ],
    "avg_utilization4": [
        0.7860437160770131,
        0.776239567859225,
        0.7498482235349428,
        0.7091245993737993,
        0.7449245617757344,
        0.7570117487843333,
        0.7822423246525647,
        0.7339274328781502,
        0.7474055238105441,
        0.6915718710263834,
        0.7530609749768339,
        0.7736909529080527,
        0.7362564254573597,
        0.7536159464122659,
        0.7567895948014022,
        0.6843864504140301,
        0.751576746190943,
        0.7893999092932218,
        0.7528300815997072,
        0.7162476459589125,
        0.7182895679587552,
        0.8054298702210859,
        0.7468350469300223,
        0.7543713267453743,
        0.7227965057181561
    ],
    "avg_utilization5": [
        0.76841835129482,
        0.7398006354498305,
        0.7484373270048709,
        0.7573880117613712,
        0.7517526889093403,
        0.723989866355434,
        0.7703468186040344,
        0.7471646637113336,
        0.726069625990219,
        0.6947012949660365,
        0.7342353807051955,
        0.7874745013895225,
        0.7106182132313198,
        0.7510570357371477,
        0.7855895097738194,
        0.6738625361257314,
        0.7504789849482778,
        0.781235616538442,
        0.7434554647672147,
        0.7397523238344526,
        0.7211023614876954,
        0.7775776169924885,
        0.7771393882534304,
        0.7519281183275415,
        0.727319849465115
    ],
    "avg_utilization6": [
        0.7767960085769208,
        0.7639367626759492,
        0.7255870404346134,
        0.7490643672511017,
        0.7156921013241684,
        0.7538272581506168,
        0.7745322444699572,
        0.7432697757174014,
        0.7477770362928751,
        0.6920685125085864,
        0.7625508386752724,
        0.8117690924458311,
        0.7107431870867843,
        0.7592804443524891,
        0.7622434274870655,
        0.6815875794918167,
        0.7417043208400337,
        0.7961982625036259,
        0.7183027693920493,
        0.7411646049434126,
        0.7210524559848122,
        0.8107335183129942,
        0.7599008107165783,
        0.7522552008044444,
        0.725196076119134
    ],
    "global": {
        "avg_wait": [
            6.182233179881812,
            5.296452663337577,
            4.964837271966899,
            5.027057336970501,
            5.001838037336952,
            5.333475419478314,
            5.374620452260069,
            5.113461814877551,
            5.26042295440922,
            4.847933656719651,
            5.286949758761475,
            5.2363851443900185,
            5.020846699931675,
            5.100136770996427,
            5.347955525431944,
            4.826608690781683,
            5.109251252444918,
            5.900732821188274,
            5.354603755966727,
            5.023043845033295,
            5.039109284968523,
            5.836352830028849,
            5.557746256043854,
            5.368136677347662,
            5.200706343011829
        ],
        "avg_delay": [
            1.6118015213074022,
            0.8647513254676087,
            0.6125176799109053,
            0.5890519545472752,
            0.6867448184219307,
            0.8460470648422533,
            0.8246805702617194,
            0.6772538098813247,
            0.7920431195140991,
            0.4808583752331615,
            0.9206324765787995,
            0.6231165618658816,
            0.5956616838389873,
            0.78768520071895,
            0.7430536175875586,
            0.46743992373254695,
            0.7065354778247219,
            1.1183341439263677,
            0.746258525739282,
            0.6297521464812016,
            0.6317907348157241,
            1.173777633540667,
            1.0079055021764178,
            0.8795457273054781,
            0.6687979038325065
        ],
        "avg_number": [
            6.28557029377201,
            5.486859759866774,
            5.0219267449507115,
            4.999484424851522,
            5.124718842801524,
            5.336759149712267,
            5.564293196845811,
            5.096322413358758,
            5.208657430532562,
            4.684126448817528,
            5.476268067122651,
            5.332234222522121,
            4.932892639454681,
            5.295046407808336,
            5.329695036971581,
            4.564116631391392,
            5.211891402047106,
            5.848633418903461,
            5.134502851140902,
            5.0135917441798625,
            4.951597720028568,
            6.062229404334883,
            5.604302887032823,
            5.389260391638089,
            5.020016801035206
        ]
    },
    "q1": {
        "avg_wait": [
            1.614720913567981,
            1.539852490366329,
            1.501330686158,
            1.4767026888660184,
            1.442000667778686,
            1.478922202534972,
            1.6417435163780183,
            1.4863524252937301,
            1.506593500936374,
            1.4762289073938841,
            1.5227867253931826,
            1.6220472583286507,
            1.5187352126860405,
            1.5819750560828496,
            1.5743206307218427,
            1.4567218163151696,
            1.5164808375182273,
            1.5472272562925107,
            1.5494685401413149,
            1.5099452038646926,
            1.529441819854851,
            1.528817411327383,
            1.5590327172435723,
            1.549085301330258,
            1.489487377052167
        ],