{
    "interarrival": 1,
    "servers": 6,
    "seed": 162094317,
    "GLOBAL AVG WAIT": {
        "mean": 5.22730256176835,
        "half_confidence_interval": 0.11856497094505822,
        "stdev": 0.2681547954361557,
        "confidence": 95
    },
    "GLOBAL AVG DELAY": {
        "mean": 0.7567581771396896,
        "half_confidence_interval": 0.07901152361063607,
        "stdev": 0.1786979643484001,
        "confidence": 95
    },
    "GLOBAL AVG NUMBER": {
        "mean": 5.246496140709302,
        "half_confidence_interval": 0.14860828145363716,
        "stdev": 0.3361028387700176,
        "confidence": 95
    },
    "QUEUE1 AVG WAIT": {
        "mean": 1.52677447273072,
        "half_confidence_interval": 0.021196953377612345,
        "stdev": 0.047940505965099134,
        "confidence": 95
    },
    "QUEUE1 AVG DELAY": {
        "mean": 0.2991859546812668,
        "half_confidence_interval": 0.02183306376621204,
        "stdev": 0.04937917752019788,
        "confidence": 95
    },
    "QUEUE1 AVG NUMBER": {
        "mean": 0.0600420214204907,
        "half_confidence_interval": 0.0048684622201654445,
        "stdev": 0.01101085320842421,
        "confidence": 95
    },
    "QUEUE2 AVG WAIT": {
        "mean": 3.1424615629757056,
        "half_confidence_interval": 0.04601947108230281,
        "stdev": 0.10408084070524828,
        "confidence": 95
    },
    "QUEUE2 AVG DELAY": {
        "mean": 0.483113338036725,
        "half_confidence_interval": 0.0392484402044226,
        "stdev": 0.0887670057211261,
        "confidence": 95
    },
    "QUEUE2 AVG NUMBER": {
        "mean": 0.2119033540118029,
        "half_confidence_interval": 0.017652889072211915,
        "stdev": 0.0399250033149309,
        "confidence": 95
    },
    "QUEUE3 AVG WAIT": {
        "mean": 9.77754951992979,
        "half_confidence_interval": 0.200087817683665,
        "stdev": 0.452532543065295,
        "confidence": 95
    },
    "QUEUE3 AVG DELAY": {
        "mean": 1.3340749573255326,
        "half_confidence_interval": 0.16271999841650653,
        "stdev": 0.36801888062680427,
        "confidence": 95
    },
    "QUEUE3 AVG NUMBER": {
        "mean": 0.4895947278028135,
        "half_confidence_interval": 0.06742200583824012,
        "stdev": 0.1524863038327437,
        "confidence": 95
    },
    "UTILIZATION1": {
        "mean": 0.7449547688274097,
        "half_confidence_interval": 0.013041519558098921,
        "stdev": 0.029495608875062952,
        "confidence": 95
    },
    "UTILIZATION2": {
        "mean": 0.7483377342473293,
        "half_confidence_interval": 0.012195688750797644,
        "stdev": 0.027582619015599528,
        "confidence": 95
    },
    "UTILIZATION3": {
        "mean": 0.751853860527688,
        "half_confidence_interval": 0.013226027220125931,
        "stdev": 0.02991290425305603,
        "confidence": 95
    },
    "UTILIZATION4": {
        "mean": 0.7471772345027673,
        "half_confidence_interval": 0.012675546900431317,
        "stdev": 0.02866789962527485,
        "confidence": 95
    },
    "UTILIZATION5": {
        "mean": 0.7454416515158586,
        "half_confidence_interval": 0.01241842350030579,
        "stdev": 0.028086371436865307,
        "confidence": 95
    },
    "UTILIZATION6": {
        "mean": 0.74761920051576,
        "half_confidence_interval": 0.014344050412666941,
        "stdev": 0.03244150336710328,
        "confidence": 95
    }
}