{
    "seed": 1491809176,
    "arrival_stream": 0,
    "service_stream": 1,
    "observation_period": 840.0,
    "interarrivals": 5,
    "batch_size": 0,
    "k": 0,
    "servers": 3,
    "acquisition_time": [
        55.456897901365664,
        116.97912810937447,
        165.23244304964615,
        209.99984606627012,
        252.77124613837333,
        285.1367167056469,
        321.381036410001,
        389.66485540418154,
        429.3025147924912,
        460.46930530023826,
        482.00756933977055,
        518.5789602864371,
        538.5624718871721,
        562.8011644009257,
        596.5095366290092,
        621.3622082223524,
        650.7502590300783,
        683.7028397368374,
        714.7504087980393,
        758.3727580842286,
        827.77943857753
    ],
    "avg_utilization1": [
        0.35777814643632644,
        0.3700922520118171,
        0.43493592807818343,
        0.5019248706093092,
        0.5015090809097813,
        0.5053288901299006,
        0.525933120314456,
        0.46825389756370545,
        0.4826918883591383,
        0.5088720274419473,
        0.533105712446837,
        0.5291452915182417,
        0.5446121702456582,
        0.5848867165788512,
        0.5824480282175857,
        0.5895870434125292,
        0.6041554386788831,
        0.6271796593757456,
        0.6287968497917914,
        0.6215294982031438,
        0.5854270900615154
    ],
    "avg_utilization2": [
        0.4503683956384223,
        0.41355886011039944,
        0.4122325162288723,
        0.46767122013018086,
        0.46743419191346036,
        0.45992781344070993,
        0.4939496972854743,
        0.46649336969168675,
        0.5085653519626093,
        0.5202025097276778,
        0.5438316197205594,
        0.5612990902342012,
        0.5863378855038532,
        0.597789994084474,
        0.5990110103260977,
        0.5975670017481132,
        0.6083209985904576,
        0.622612410052362,
        0.6309310578811653,
        0.6179104060483773,
        0.5924973799766869
    ],
    "avg_utilization3": [
        0.3878373775386345,
        0.2676822800013492,
        0.37150016394362967,
        0.43300743375572265,
        0.41330812137720174,
        0.4718178031323021,
        0.4664858065954881,
        0.44289255266188005,
        0.4405724328048361,
        0.4695391183053096,
        0.4877937555928937,
        0.49995161759670065,
        0.5270441268827425,
        0.5331424129372606,
        0.5313237383609729,
        0.5482409885875099,
        0.5677411363204479,
        0.5748965463221843,
        0.5946507157333829,
        0.5900491847060597,
        0.5695009170882566
    ],
    "avg_utilization4": [],
    "avg_utilization5": [],
    "avg_utilization6": [],
    "avg_utilization7": [],
    "avg_utilization8": [],
    "avg_utilization9": [],
    "global": {
        "avg_wait": [
            4.22377156941399,
            4.229824027716618,
            4.419390411676598,
            5.491365233942438,
            5.01586254457864,
            4.789749591023565,
            5.357123182002938,
            5.177232103243171,
            5.18280734986577,
            5.45869645040518,
            5.486424703381455,
            5.483862705906515,
            5.595514755684821,
            5.6567543892773635,
            5.573246298094354,
            5.6047759936207475,
            5.719243401177791,
            5.889493595427757,
            6.0039416606213525,
            5.92284723684863,
            5.832433267877115
        ],
        "avg_delay": [
            0.12448794769007175,
            0.057797975713247594,
            0.03678052999933938,
            0.21153694273244067,
            0.4145422859451609,
            0.34001783004490727,
            0.3382174786724023,
            0.3282850036263967,
            0.38732143832226684,
            0.6569721585633437,
            0.9711947175950995,
            1.898530201471789,
            2.165628064597906,
            2.3367464812367054,
            2.275920818599153,
            2.2362461964278864,
            2.3193168586519723,
            2.2569014846222046,
            2.171294665148871,
            2.085647146880905,
            0.0,
            0.005171999252756768,
            0.0034088176893169605,
            0.006160960049889752,
            0.008593341646763475,
            0.007145025638881991,
            0.045651825183184946,
            0.07115538032757365,
            0.1143287800334733,
            0.21704804062580055,
            0.3503487803071384,
            0.32589063129618184,
            0.34262172971344523,
            0.4729147788546101,
            0.581761530853668,
            0.5450958881528065,
            0.5127779501200314,
            0.0,
            0.22625146199686957,
            0.29850944694314985,
            0.3234347830382844,
            0.3760586925366882,
            0.3598873856378093,
            0.30798055117081763,
            0.32567783654270005,
            0.44608541397112655,
            0.4290729968033117,
            0.4712174805424849,
            0.8519267744089152,
            0.9522014542644526,
            1.0068878178997867,
            1.0830329806874235,
            1.0501329931777514,
            0.9924065023271731,
            0.9405643716085894,
            0.0,
            0.281155442143735,
            0.17891709954601318,
            0.13573021344869965,
            0.2530484524088607,
            0.20755659579603186,
            0.1776205483254503,
            0.16756742965428148,
            0.14880988155865293,
            0.18970040737500704,
            0.4140935318148019,
            0.3956502587574177,
            0.43551939952204755,
            0.4733320788130097,
            0.9321586801389223,
            1.1441976535257647,
            1.0843550272191649,
            1.5489002498069562,
            0.7744501249034781,
            0.5042931045883112,
            0.8473515271301177,
            1.0834351922074783,
            0.8946149002373791,
            0.8247088936105023,
            0.7574579005737138,
            0.7329438430954381,
            0.741102909010472,
            0.8053148269730277,
            0.8645354944697409,
            0.8090530308567867,
            0.7471159567242097,
            0.8582077586211254,
            0.8177650823844582,
            0.8458482054031436,
            0.8016621051208899,
            0.0,
            0.3222592604590011,
            0.2098432393686519,
            0.6345538578194496,
            0.6285135485857715,
            0.5588094152343006,
            0.5206200717407274,
            0.4549956929498794,
            0.42337557562350786,
            0.4061320329999615,
            0.5020233020094946,
            0.9343527282773924,
            0.9317059596450967,
            0.9438302115958891,
            0.9806811817418439,
            0.9789334389217809,
            1.1798480780282343,
            1.3774294179034912,
            0.0,
            0.0,
            0.06316126153840171,
            0.047103313689655514,
            0.03983759517308234,
            0.033499795941001054,
            0.15739752617907643,
            0.22337468967185403,
            0.20568432701315112,
            0.18758751377084718,
            0.36437850555799456,
            0.5303164968661751,
            0.5049140199435819,
            0.5062518303565586,
            0.5359735989982317,
            0.6703447780528076,
            0.6712502681570385,
            0.0012054475018938857,
            0.0005819401733280829,
            0.022372301139691346,
            0.5571714127836234,
            0.45211473101077915,
            0.3853817089163051,
            0.7771386319133635,
            0.679179980831847,
            0.6750066423846021,
            0.828663344773383,
            0.9232677407116857,
            0.8713326854411867,
            1.026854431649822,
            1.1072554949224265,
            1.0505479045957715,
