{
    "seed": 1685531277,
    "arrival_stream": 0,
    "service_stream": 1,
    "observation_period": 84000.0,
    "interarrivals": 1,
    "batch_size": 1000,
    "k": 25,
    "servers": 6,
    "acquisition_time": [],
    "avg_utilization1": [
        0.7047343821435381,
        0.6973740515489795,
        0.7557647654592041,
        0.6985271907612493,
        0.7120333234174901,
        0.6925411124218758,
        0.7456394481843119,
        0.7506926750691715,
        0.752917695125291,
        0.7606540991002072,
        0.729757571248462,
        0.8000251866136723,
        0.7421981724887764,
        0.7557688789367796,
        0.736547654145564,
        0.7294403165701027,
        0.8087646766840653,
        0.7394769862974753,
        0.725601417688296,
        0.767674831592987,
        0.7464370046321207,
        0.777516567798521,
        0.7893303548128288,
        0.7611175896269494,
        0.760590157179718
    ],
    "avg_utilization2": [
        0.7150150888452261,
        0.7034331243222784,
        0.7526589087190744,
        0.689353440448122,
        0.6957500862088681,
        0.6855008556624247,
        0.7409651118266362,
        0.7743881427787606,
        0.7217210727222543,
        0.7497159625672982,
        0.7552406499431865,
        0.82844409961515,
        0.7381372499567073,
        0.7546912615770883,
        0.7490824999558661,
        0.724632351155039,
        0.8130159718190649,
        0.7109292275286456,
        0.7242634028050298,
        0.7847048111571753,
        0.716787637239833,
        0.7673147561681394,
        0.7881672996865405,
        0.7646965995111188,
        0.7439899708507964
    ],
    "avg_utilization3": [
        0.7312806227804777,
        0.716494848662666,
        0.7725318531526789,
        0.7211616694297234,
        0.6999050286394207,
        0.6888836352493763,
        0.7348763255853317,
        0.753037993646242,
        0.745228627321007,
        0.7584076121903842,
        0.7669726117140401,
        0.8002236335670936,
        0.7532188053025458,
        0.7646522072320855,
        0.7533815381725236,
        0.714814457127257,
        0.7636359106045553,
        0.714891030236779,
        0.740058531781393,
        0.7651776595037588,
        0.7384503606287013,
        0.7752800668095566,
        0.7750696738760758,
        0.7663062584148871,
        0.7632615675955611
    ],
    "avg_utilization4": [
        0.7126784388640901,
        0.7190070205365154,
        0.7627639670495453,
        0.6952134708162905,
        0.700323716191722,
        0.6867095673391407,
        0.7214544011301347,
        0.7311897804974176,
        0.7476218699178963,
        0.7447152468540454,
        0.781304556594808,
        0.8135531326297195,
        0.7538511809126898,
        0.739541109580046,
        0.7624917967530055,
        0.7413638355155835,
        0.7798842215932694,
        0.7244870280672943,
        0.7321144641402053,
        0.7599389019222019,
        0.7315553201676265,
        0.7821195618478117,
        0.7846723538845439,
        0.7722260552535072,
        0.7571288473473388
    ],
    "avg_utilization5": [
        0.6858014415883187,
        0.6978595273956772,
        0.7694122134530053,
        0.6605433945817737,
        0.6895153681677135,
        0.7108630951694035,
        0.7260361365920559,
        0.7530790848181915,
        0.7111646305081016,
        0.7437363519604919,
        0.7797681808007594,
        0.8213035794260583,
        0.70397229316457,
        0.7469446774101812,
        0.755982615112399,
        0.7320511405742943,
        0.7950682386692484,
        0.7560337715772503,
        0.7480463987588449,
        0.7630297431064618,
        0.7264150342731301,
        0.7942392408302652,
        0.769467926057149,
        0.7753187787189212,
        0.7387491247535136
    ],
    "avg_utilization6": [
        0.714557937374856,
        0.6931993421228922,
        0.767910473130937,
        0.7045587287573021,
        0.7028664142442791,
        0.7039955562947587,
        0.765973692520157,
        0.737009914531699,
        0.6979782389680332,
        0.7511303669820918,
        0.7862785754274368,
        0.8111457218559048,
        0.7457686848825333,
        0.7298167339980214,
        0.7382812758215689,
        0.7636490771830905,
        0.7865760816888734,
        0.7059856913224541,
        0.7423559941681174,
        0.7743271834287151,
        0.7412992653110748,
        0.7781681772643608,
        0.7694307969621743,
        0.811624659010775,
        0.7509007575443534
    ],
    "global": {
        "avg_wait": [
            5.111020882953467,
            4.824530173788167,
            5.263537027740448,
            4.655074131803332,
            4.90045322213205,
            5.038616192802026,
            5.158349582488574,
            5.04531443932188,
            5.103272640348678,
            5.111604260731745,
            5.467283874379076,
            5.623702610394595,
            5.0819953616609,
            5.346630316443245,
            5.22583724102515,
            5.049629620050528,
            5.414253619750159,
            5.170599200713069,
            5.0075164985538,
            5.195079556913926,
            5.431507632624794,
            5.176622144765781,
            5.391174711524193,
            5.51669362898892,
            5.378084746075754
        ],
        "avg_delay": [
            0.6046160374509025,
            0.42399593939552893,
            0.7711026731808275,
            0.3884809724553693,
            0.5344393631402218,
            0.679795535854315,
            0.666528864402866,
            0.6969837722682624,
            0.7579929623346898,
            0.6275886088086009,
            0.8357124398145624,
            1.0568185324997013,
            0.7214091928690777,
            0.8164577254989018,
            0.7957779590662121,
            0.5301995418495135,
            0.8205479399036668,
            0.7709468230923049,
            0.6648707551133339,
            0.8232819242216065,
            1.0263012891760372,
            0.7689447284541893,
            0.8125135711575895,
            1.0142814678012546,
            0.8607055649776157
        ],
        "avg_number": [
            4.819909765877433,
            4.633420019502152,
            5.376824231735274,
            4.531365817117724,
            4.716818213026739,
            4.839159664843117,
            5.078426274938659,
            5.231357193492844,
            5.121221811099618,
            5.1484471844876145,
            5.431462989013151,
            5.992295802114928,
            5.190450544970377,
            5.2912293487344355,
            5.301853717211581,
            4.92300280882123,
            5.605438475585409,
            5.083322133648989,
            5.12156431422793,
            5.4618374972304435,
            5.4363234000289165,
            5.476595682805994,
            5.52277069647584,
            5.681824859773786,
            5.3784042159274765
        ]
    },
    "q1": {
        "avg_wait": [
            1.5421350394131532,
            1.464188063380311,
            1.5762388301650172,
            1.3988829404980763,
            1.540368294752105,
            1.4786606314330326,
            1.4960083424186206,
            1.4969047072700903,
            1.5769263906664284,
            1.5224001946812917,
            1.6368768196449803,
            1.5455450042010646,
            1.5071559401889194,
            1.5495811851522643,
            1.5707492727676466,
            1.4457197703262348,
            1.650352316608897,
            1.506630288150653,
            1.4366886841425843,
            1.5205016568780336,
            1.6254244301407101,
            1.4865997225691872,
            1.6024636824839251,
            1.580597216427623,
            1.5908760536070123
        ],