{
    "interarrival": 2,
    "servers": 3,
    "seed": 1734228785,
    "GLOBAL AVG WAIT": {
        "mean": 6.267409975299478,
        "half_confidence_interval": 0.3457665275653866,
        "stdev": 0.652418818319903,
        "confidence": 95
    },
    "GLOBAL AVG DELAY": {
        "mean": 1.8129798080560737,
        "half_confidence_interval": 0.2961095407692945,
        "stdev": 0.5587222049578506,
        "confidence": 95
    },
    "GLOBAL AVG NUMBER": {
        "mean": 0.44762099366252744,
        "half_confidence_interval": 0.169971822485472,
        "stdev": 0.3207158782964653,
        "confidence": 95
    },
    "QUEUE1 AVG WAIT": {
        "mean": 1.9871643572032234,
        "half_confidence_interval": 0.06632599058066346,
        "stdev": 0.125148968881467,
        "confidence": 95
    },
    "QUEUE1 AVG DELAY": {
        "mean": 0.7611632425016366,
        "half_confidence_interval": 0.06685689882871586,
        "stdev": 0.12615072730577004,
        "confidence": 95
    },
    "QUEUE1 AVG NUMBER": {
        "mean": 0.010737319066436256,
        "half_confidence_interval": 0.0037934928716056985,
        "stdev": 0.007157853462637263,
        "confidence": 95
    },
    "QUEUE2 AVG WAIT": {
        "mean": 3.807550064127306,
        "half_confidence_interval": 0.10911716885099931,
        "stdev": 0.20589064783525005,
        "confidence": 95
    },
    "QUEUE2 AVG DELAY": {
        "mean": 1.1641680739256612,
        "half_confidence_interval": 0.10323533284628404,
        "stdev": 0.19479234828969294,
        "confidence": 95
    },
    "QUEUE2 AVG NUMBER": {
        "mean": 0.03671634489874561,
        "half_confidence_interval": 0.015062662648768743,
        "stdev": 0.028421387793827628,
        "confidence": 95
    },
    "QUEUE3 AVG WAIT": {
        "mean": 11.562430066614395,
        "half_confidence_interval": 0.6410298157372932,
        "stdev": 1.2095442489356116,
        "confidence": 95
    },
    "QUEUE3 AVG DELAY": {
        "mean": 3.131725145802942,
        "half_confidence_interval": 0.6476910078238569,
        "stdev": 1.222113097344155,
        "confidence": 95
    },
    "QUEUE3 AVG NUMBER": {
        "mean": 0.07620516465675879,
        "half_confidence_interval": 0.027238273439700266,
        "stdev": 0.05139526459004359,
        "confidence": 95
    },
    "UTILIZATION1": {
        "mean": 0.7546179971165836,
        "half_confidence_interval": 0.018289104224944817,
        "stdev": 0.03450928535675449,
        "confidence": 95
    },
    "UTILIZATION2": {
        "mean": 0.7515880347727675,
        "half_confidence_interval": 0.017521466581690216,
        "stdev": 0.033060847742979585,
        "confidence": 95
    },
    "UTILIZATION3": {
        "mean": 0.7513633687571241,
        "half_confidence_interval": 0.01920557892054174,
        "stdev": 0.03623856014263834,
        "confidence": 95
    },
    "UTILIZATION4": {
        "mean": 0.0,
        "half_confidence_interval": 0.0,
        "stdev": 0.0,
        "confidence": 95
    },
    "UTILIZATION5": {
        "mean": 0.0,
        "half_confidence_interval": 0.0,
        "stdev": 0.0,
        "confidence": 95
    },
    "UTILIZATION6": {
        "mean": 0.0,
        "half_confidence_interval": 0.0,
        "stdev": 0.0,
        "confidence": 95
    }
}