{"32": [1.0, 0.5307162447258201, 0.2681917607316615, 0.13874810747681807, 0.07885098636500436, 0.018800786181642652, -0.010573054895872376, 0.0032719278114757317, 0.010968093001774535, 0.018281166371141726, 0.0031540947807479737, 0.03536983436625889, 0.03384280475077337, 0.02833814100146498, -0.021371751607051025, -0.04585400947356147, -0.0502449199688003, -0.039607876052699297, -0.08736105338766957, -0.08740692085080785, -0.08367982331377688, -0.03902834412609292, -0.03288664655493463, -0.05289699713454022, -0.051976828561681114, -0.028998473705154338, -0.04228625166451338, -0.0186629405996863, 0.00018397810373234412, -0.0013651114815093355, 0.024413508712378292, -0.014607674003550479, 0.003457633311979905, 0.051698427293156074, 0.06242881219160693, 0.06644957458903131, 0.03724989503372013, 0.009075745675803723, 0.0015273304523774967, 0.011955395330521854, 0.0316193953285624, 0.011886056032486936, 0.03089772598939307, 0.05144718741626364, 0.08200386673549184, 0.03043551118460878, 0.0010747583156463219, -0.018791179998148288, -0.010826020522617948, -0.009660177238755703, 0.015239512349619528], "64": [1.0, 0.3833107877652149, 0.0934918518830088, 0.029460585716446462, 0.006785819195299681, 0.04804898075216138, 0.09592430009670369, -0.012602879330794094, -0.029893527789027347, -0.06588400508727685, -0.07726779025970523, -0.04624304825643637, -0.062293548903457514, -0.03900847139501446, 0.006442747348443714, -0.01677849652648236, -0.015457250305687151, 0.037160830674538424, 0.01963568877482495, 0.005641412442757248, 0.0030310005614660475, -0.042101618967687354, -0.020363053519996968, -0.03500201148412052, -0.03988805264986632, -0.00750418557980561, -0.05765919837834515, -0.05118674663372757, -0.04628843010868649, -0.06763469514993166, -0.08097865689611082, -0.07051020583665991, -0.06324255212879211, -0.01890984577336207, -0.03736589646672818, -0.02163131240650569, 0.004009614374653123, -0.026369160676914707, -0.03465745332499951, -0.022043527621885165, -0.061488857296307535, -0.05888269867639256, -0.0589832509423181, -0.06258028303218256, -0.09301151382205149, -0.08609103171194407, -0.0662699471400872, -0.046300593168090945, -0.06405462641819303, -0.049933732495046394, -0.060715936951524156], "128": [1.0, 0.2986273273424097, 0.08182960622305463, 0.07895119723955893, 0.020279606275005763, -0.030949553782813877, -0.0021243554662441757, 0.0457237169183514, 0.01793592317070578, -0.00472619087479662, -0.032254060729490226, -0.02543533915942006, -0.010397872835016756, 0.025481597917778074, 0.03982480019683042, -0.006696465632712343, -0.006369525088470058, 0.027118266289073992, 0.021163632965156623, 0.025965303909941232, 0.04794531517485458, 0.09702505374655486, 0.08974142689534101, 0.0784426310612323, 0.044585157377361385, 0.034583779368815466, 0.020850912018378284, 0.004463946151081184, 0.019517318871098373, 0.039066015121874395, 0.03956705191405484, 0.06640938946852881, 0.005434119772142089, 0.009244173371899459, 0.06007522621682469, 0.06816347345896813, 0.028899217017611764, 0.03264766556719338, 0.026466606744156462, 0.016489165507449003, -0.005469137368267479, 0.04139497252013023, 0.07601073827340082, 0.08326060084601909, 0.06797546226985386, 0.08835995293167281, 0.05743078840767551, 0.04560206794779211, 0.07164560723869738, 0.09208154622904323, 0.06123025846387306], "256": [1.0, 0.19335420552481764, 0.03238676890716169, -0.01637348245604676, 0.034056550940202886, -0.014518964622598404, 0.002316083185805235, 0.033633791962410474, 0.006419307692742589, 0.012401592192546237, 0.02162933002041914, 0.11402791033531108, 0.024562641676587227, 0.028038062647673653, -0.015608879321482113, -0.012843710878698105, -0.015459916685767568, 0.031528327424785375, 0.06656346173316134, 0.0194208929198101, -0.004905123523812599, 0.03418521764798439, 0.10013686333116413, 0.061744724247591115, -0.0024653054237262326, 0.011787795829742435, 0.014801883123600467, 0.06997595938150175, 0.008174038583931979, 0.0639968758626316, 0.0013014789817970913, 0.013066571352237733, 0.018380590647546772, -0.0011059761171853502, 0.08094222202698462, 0.07184596223970735, 0.05774082007063978, 0.06306197368060353, 0.10938532704483456, 0.04722251354663467, -0.0007036299810946767, -0.02844560388476462, 0.002872767758527494, 0.0189021459641302, 0.021926950811952103, 0.08853960193969222, 0.06048965812212602, 0.017543296968430926, 0.050918812741154375, 0.011485684318096724, 0.04126593164836011], "512": [], "1024": []}