{
    "seed": 1966208293,
    "arrival_stream": 0,
    "service_stream": 1,
    "observation_period": 84000.0,
    "interarrivals": 1,
    "batch_size": 1000,
    "k": 25,
    "servers": 6,
    "acquisition_time": [],
    "avg_utilization1": [
        0.7550547231706979,
        0.7312261233754817,
        0.7492998220340094,
        0.7641987193206815,
        0.7409507065737349,
        0.8157661835829991,
        0.7425914815014893,
        0.7092139039147005,
        0.7432166965574561,
        0.6949489671507815,
        0.7625027887553286,
        0.7309747320403588,
        0.7193554370995355,
        0.7894964866761265,
        0.7414523594114084,
        0.7462870093823306,
        0.7651095171190339,
        0.766327135920282,
        0.7440932535607762,
        0.7396677513652791,
        0.7942726269251635,
        0.7817484131352095,
        0.7884525849321219,
        0.7437296282865311,
        0.7529262414341664
    ],
    "avg_utilization2": [
        0.7473504057914166,
        0.7153122653897928,
        0.7671990652885249,
        0.7445318639012981,
        0.7565650140121469,
        0.7695224109837907,
        0.716301966538996,
        0.7112511429168417,
        0.7540410121674275,
        0.6935008163009425,
        0.7465280819539621,
        0.7496213430191421,
        0.7090417092281872,
        0.8098059700384388,
        0.7432989705112447,
        0.758334757664537,
        0.7739632148833251,
        0.7804118820355934,
        0.7162618164127098,
        0.7665786864474504,
        0.8053100995058297,
        0.7849862442927354,
        0.77925226631221,
        0.7285889304337283,
        0.7781287734905126
    ],
    "avg_utilization3": [
        0.7526308936688935,
        0.7207203495488117,
        0.7311383247225884,
        0.7700645179439175,
        0.7602790440050824,
        0.7636154934341877,
        0.713906536250716,
        0.6904354596530707,
        0.7237753976126505,
        0.7192918306628332,
        0.730201470075915,
        0.7497931360871968,
        0.7036905781240163,
        0.8079551753894201,
        0.7372401097678923,
        0.7559253054860077,
        0.7650691242884073,
        0.7486686387507435,
        0.70817845709853,
        0.7689327988896897,
        0.7685632297731184,
        0.769332403619043,
        0.7974044396866123,
        0.7196596157293863,
        0.7547113283597252
    ],
    "avg_utilization4": [
        0.769978775054282,
        0.7201638449416533,
        0.7421331595032855,
        0.774054162238385,
        0.7496189485032507,
        0.8090559511364821,
        0.7358453805616798,
        0.6987737782340875,
        0.7529143296269852,
        0.7355765460708946,
        0.7451737785040415,
        0.7708655413850841,
        0.7093013222105593,
        0.7808591329068924,
        0.7521135237961474,
        0.772712026765203,
        0.7615040891619798,
        0.7602058276978867,
        0.7585009058559752,
        0.7832687020223701,
        0.7904260310147025,
        0.7857977175176811,
        0.7773680779157724,
        0.7207301779712465,
        0.7458068274115094
    ],
    "avg_utilization5": [
        0.7682988225330317,
        0.7135765708862938,
        0.7746492629033361,
        0.7521744405701496,
        0.7663603085073102,
        0.7690543840062692,
        0.7529804133960585,
        0.706971938655262,
        0.7507084287473336,
        0.7673372723052482,
        0.7148081643056271,
        0.7473254760628699,
        0.7112396894803902,
        0.7844325097190512,
        0.7519627217642625,
        0.7480987338354969,
        0.7775704368943452,
        0.7663989065940591,
        0.7029444506483435,
        0.7646911179890631,
        0.7691850672066838,
        0.7744668472601502,
        0.7647116255652537,
        0.7163020294616183,
        0.7489490272964467
    ],
    "avg_utilization6": [
        0.7291245069938582,
        0.7065508135789962,
        0.760391658625472,
        0.7834698511795826,
        0.7673650151748831,
        0.7869492583894856,
        0.7643356430038508,
        0.7151668888612943,
        0.7272238990466033,
        0.7301435626736857,
        0.7199309263565207,
        0.7423348657973928,
        0.7401649269017109,
        0.7678460607377484,
        0.7346716146576885,
        0.7678945884019501,
        0.7778452815435728,
        0.7776227297507008,
        0.7180876546555618,
        0.7383164811682803,
        0.7691666120713865,
        0.8068705627070142,
        0.8003539852751588,
        0.7246305466866884,
        0.7580533666182899
    ],
    "global": {
        "avg_wait": [
            5.233811508431211,
            4.822852889484073,
            5.281869926738682,
            5.128327097846185,
            5.463144220364056,
            5.2301758592337935,
            5.197251519463272,
            4.942454852628843,
            5.144086169750818,
            5.082855062868517,
            4.944414809007261,
            5.0812838014884525,
            4.85913474867251,
            5.595421104234918,
            5.205001520978975,
            5.84442566266792,
            5.255854638464891,
            5.372163840704317,
            5.150486428101165,
            5.604702562304094,
            5.4332764369666835,
            5.947679969314355,
            5.506669302362254,
            4.8137690720773385,
            5.2260761924219805
        ],
        "avg_delay": [
            0.6303342525943529,
            0.5114423080940185,
            0.6801083489081102,
            0.5908216954417426,
            0.9762992596386975,
            0.8617562762920079,
            0.7030182285958773,
            0.7100648444543796,
            0.7423605820302418,
            0.6051273742677986,
            0.6716843884481641,
            0.7759792995666466,
            0.48588905147413425,
            0.8963460310665596,
            0.7708063661942833,
            1.475499977879823,
            0.732354624340589,
            0.8528341344707298,
            0.7046719473976336,
            0.9861939210053279,
            0.9564319300992903,
            1.3211444462031068,
            1.0528044663725595,
            0.4176880902724588,
            0.8125534557289575
        ],
        "avg_number": [
            5.121229458710584,
            4.8115936452197765,
            5.192811272043281,
            5.183954991578174,
            5.546188215024021,
            5.639085947835079,
            5.119139038621235,
            4.942892646322709,
            5.213253762100766,
            4.927025636862727,
            5.115507962036085,
            5.292640661803554,
            4.757909921783007,
            5.641036393781567,
            5.260221465938694,
            6.0860772804139005,
            5.369925718535973,
            5.458102715228378,
            5.008533270246634,
            5.567488272840015,
            5.6876688188724875,
            6.046720386927436,
            5.832977196262106,
            4.764863520697716,
            5.368648694545182
        ]
    },
    "q1": {
        "avg_wait": [
            1.4833733057552905,
            1.4726357647490151,
            1.5381083334644305,
            1.4938422558105418,
            1.598117252393737,
            1.5279710049125912,
            1.4888979369110935,
            1.4540629566405199,
            1.566490371825723,
            1.431032606518457,
            1.4727472994469486,
            1.4928519555451856,
            1.4326613004881765,
            1.6482192995203444,
            1.5812877474407834,
            1.590292615791061,
            1.623561690558939,
            1.6316990293653195,
            1.5469269962977688,
            1.586185192263799,
            1.6034615020199572,
            1.628032213037791,
            1.6682548965817863,
            1.4359399887747113,
            1.4827036616011557
        ],