{
    "interarrival": 2,
    "servers": 3,
    "seed": 148976492,
    "GLOBAL AVG WAIT": {
        "mean": 15.11291365551336,
        "half_confidence_interval": 0.9376334676857103,
        "stdev": 2.46882337717281,
        "confidence": 95
    },
    "GLOBAL AVG DELAY": {
        "mean": 10.6617794827072,
        "half_confidence_interval": 0.9105035121265685,
        "stdev": 2.397389207196574,
        "confidence": 95
    },
    "GLOBAL AVG NUMBER": {
        "mean": 0.7926420831269442,
        "half_confidence_interval": 0.32935961036708566,
        "stdev": 0.8672159576148429,
        "confidence": 95
    },
    "QUEUE1 AVG WAIT": {
        "mean": 0.0,
        "half_confidence_interval": 0.0,
        "stdev": 0.0,
        "confidence": 95
    },
    "QUEUE1 AVG DELAY": {
        "mean": 0.0,
        "half_confidence_interval": 0.0,
        "stdev": 0.0,
        "confidence": 95
    },
    "QUEUE1 AVG NUMBER": {
        "mean": 0.0,
        "half_confidence_interval": 0.0,
        "stdev": 0.0,
        "confidence": 95
    },
    "QUEUE2 AVG WAIT": {
        "mean": 0.0,
        "half_confidence_interval": 0.0,
        "stdev": 0.0,
        "confidence": 95
    },
    "QUEUE2 AVG DELAY": {
        "mean": 0.0,
        "half_confidence_interval": 0.0,
        "stdev": 0.0,
        "confidence": 95
    },
    "QUEUE2 AVG NUMBER": {
        "mean": 0.0,
        "half_confidence_interval": 0.0,
        "stdev": 0.0,
        "confidence": 95
    },
    "QUEUE3 AVG WAIT": {
        "mean": 0.0,
        "half_confidence_interval": 0.0,
        "stdev": 0.0,
        "confidence": 95
    },
    "QUEUE3 AVG DELAY": {
        "mean": 0.0,
        "half_confidence_interval": 0.0,
        "stdev": 0.0,
        "confidence": 95
    },
    "QUEUE3 AVG NUMBER": {
        "mean": 0.0,
        "half_confidence_interval": 0.0,
        "stdev": 0.0,
        "confidence": 95
    },
    "UTILIZATION1": {
        "mean": 0.7250414317536406,
        "half_confidence_interval": 0.017578872403522447,
        "stdev": 0.04628581703815776,
        "confidence": 95
    },
    "UTILIZATION2": {
        "mean": 0.7586285736724715,
        "half_confidence_interval": 0.020199325077698522,
        "stdev": 0.05318556522733974,
        "confidence": 95
    },
    "UTILIZATION3": {
        "mean": 0.7514843632962216,
        "half_confidence_interval": 0.017528426400687476,
        "stdev": 0.04615299085887121,
        "confidence": 95
    },
    "UTILIZATION4": {
        "mean": 0.0,
        "half_confidence_interval": 0.0,
        "stdev": 0.0,
        "confidence": 95
    },
    "UTILIZATION5": {
        "mean": 0.0,
        "half_confidence_interval": 0.0,
        "stdev": 0.0,
        "confidence": 95
    },
    "UTILIZATION6": {
        "mean": 0.0,
        "half_confidence_interval": 0.0,
        "stdev": 0.0,
        "confidence": 95
    }
}