{
    "interarrival": 1.5,
    "servers": 4,
    "seed": 740374099,
    "GLOBAL AVG WAIT": {
        "mean": 6.988247547478952,
        "half_confidence_interval": 0.11009544672919408,
        "stdev": 0.4300173960683409,
        "confidence": 95
    },
    "GLOBAL AVG DELAY": {
        "mean": 2.5269673788816553,
        "half_confidence_interval": 0.10440635707982697,
        "stdev": 0.40779660865432804,
        "confidence": 95
    },
    "GLOBAL AVG NUMBER": {
        "mean": 4.696927653611606,
        "half_confidence_interval": 0.08839971235678658,
        "stdev": 0.3452768960950649,
        "confidence": 95
    },
    "QUEUE1 AVG WAIT": {
        "mean": 6.941897164251898,
        "half_confidence_interval": 0.12082992610461434,
        "stdev": 0.47194476914600964,
        "confidence": 95
    },
    "QUEUE1 AVG DELAY": {
        "mean": 2.4397688013348593,
        "half_confidence_interval": 0.10396064140595565,
        "stdev": 0.40605570565462057,
        "confidence": 95
    },
    "QUEUE1 AVG NUMBER": {
        "mean": 0.3973894710116932,
        "half_confidence_interval": 0.01813110241315573,
        "stdev": 0.07081754676677456,
        "confidence": 95
    },
    "QUEUE2 AVG WAIT": {
        "mean": 7.025131524141451,
        "half_confidence_interval": 0.130513393317989,
        "stdev": 0.5097670359128726,
        "confidence": 95
    },
    "QUEUE2 AVG DELAY": {
        "mean": 2.606557596358419,
        "half_confidence_interval": 0.11070428698068731,
        "stdev": 0.43239544082265935,
        "confidence": 95
    },
    "QUEUE2 AVG NUMBER": {
        "mean": 0.45218048868395144,
        "half_confidence_interval": 0.019501757162354066,
        "stdev": 0.07617113225708785,
        "confidence": 95
    },
    "QUEUE3 AVG WAIT": {
        "mean": 7.170426483674485,
        "half_confidence_interval": 0.12019916084015518,
        "stdev": 0.46948108836164204,
        "confidence": 95
    },
    "QUEUE3 AVG DELAY": {
        "mean": 2.676622579746233,
        "half_confidence_interval": 0.1097267087393447,
        "stdev": 0.42857715712170646,
        "confidence": 95
    },
    "QUEUE3 AVG NUMBER": {
        "mean": 0.4583357883270031,
        "half_confidence_interval": 0.019856334093028442,
        "stdev": 0.0775560600898396,
        "confidence": 95
    },
    "QUEUE4 AVG WAIT": {
        "mean": 6.827406295758995,
        "half_confidence_interval": 0.13458536353945438,
        "stdev": 0.5256715813189093,
        "confidence": 95
    },
    "QUEUE4 AVG DELAY": {
        "mean": 2.3835165582271425,
        "half_confidence_interval": 0.11509714766231686,
        "stdev": 0.44955333942542175,
        "confidence": 95
    },
    "QUEUE4 AVG NUMBER": {
        "mean": 0.39225017879959434,
        "half_confidence_interval": 0.019522190472234434,
        "stdev": 0.07625094190379764,
        "confidence": 95
    },
    "QUEUE5 AVG WAIT": {
        "mean": 0.0,
        "half_confidence_interval": 0.0,
        "stdev": 0.0,
        "confidence": 95
    },
    "QUEUE5 AVG DELAY": {
        "mean": 0.0,
        "half_confidence_interval": 0.0,
        "stdev": 0.0,
        "confidence": 95
    },
    "QUEUE5 AVG NUMBER": {
        "mean": 0.0,
        "half_confidence_interval": 0.0,
        "stdev": 0.0,
        "confidence": 95
    },
    "QUEUE6 AVG WAIT": {
        "mean": 0.0,
        "half_confidence_interval": 0.0,
        "stdev": 0.0,
        "confidence": 95
    },
    "QUEUE6 AVG DELAY": {
        "mean": 0.0,
        "half_confidence_interval": 0.0,
        "stdev": 0.0,
        "confidence": 95
    },
    "QUEUE6 AVG NUMBER": {
        "mean": 0.0,
        "half_confidence_interval": 0.0,
        "stdev": 0.0,
        "confidence": 95
    },
    "UTILIZATION1": {
        "mean": 0.7319084429438724,
        "half_confidence_interval": 0.005979276995450469,
        "stdev": 0.023354218547106714,
        "confidence": 95
    },
    "UTILIZATION2": {
        "mean": 0.7660814850099003,
        "half_confidence_interval": 0.005233656540007745,
        "stdev": 0.020441929472214855,
        "confidence": 95
    },
    "UTILIZATION3": {
        "mean": 0.7682274636998617,
        "half_confidence_interval": 0.0049229148832454165,
        "stdev": 0.019228216080237986,
        "confidence": 95
    },
    "UTILIZATION4": {
        "mean": 0.7304668151595741,
        "half_confidence_interval": 0.005505426744359787,
        "stdev": 0.021503425829025008,
        "confidence": 95
    },
    "UTILIZATION5": {
        "mean": 0.0,
        "half_confidence_interval": 0.0,
        "stdev": 0.0,
        "confidence": 95
    },
    "UTILIZATION6": {
        "mean": 0.0,
        "half_confidence_interval": 0.0,
        "stdev": 0.0,
        "confidence": 95
    }
}