{
    "seed": 721249206,
    "arrival_stream": 0,
    "service_stream": 1,
    "observation_period": 40000.0,
    "interarrivals": 5.0,
    "batch_size": 0,
    "k": 0,
    "servers": 2,
    "acquisition_time": [
        54.39649607688827,
        61.26346033739497,
        63.23620094902796,
        74.39414655278057,
        88.68014369207846,
        115.69501113777265,
        136.00381576753375,
        181.71449376915015,
        221.32359544770665,
        263.5464703387316,
        295.87352342652474,
        377.59208148483964,
        436.0820616304503,
        490.45312676493984,
        580.3392909790998,
        707.7711701030545,
        869.136439209595,
        1034.2055781284985,
        1200.178509379843,
        1446.2899129647055,
        1710.4962756766263,
        2082.7939172630845,
        2444.2129827496665,
        3051.0414428746612,
        3684.2764800928467,
        4482.327671978922,
        5441.004797007693,
        6551.573912710849,
        7875.866254166037,
        9589.26095578287,
        11622.094231053254,
        13656.965495593215,
        16333.526977749763,
        19847.36272067554,
        24066.790412356597,
        28855.020675604006,
        34839.747753550844
    ],
    "avg_utilization1": [
        0.494803331747259,
        0.49363504370818134,
        0.478235416857838,
        0.4756904204586997,
        0.4408617437858684,
        0.38745589306402406,
        0.37178958813196983,
        0.29778943777109235,
        0.31870980267633753,
        0.30825423193738277,
        0.33897233138631344,
        0.3182312735542211,
        0.35847522875555504,
        0.41826419701647755,
        0.4293867373351559,
        0.45387416945192094,
        0.4412491068118432,
        0.4488950125073171,
        0.4541944321463049,
        0.4651482561536378,
        0.4669423951074854,
        0.458967246208487,
        0.46967705070447274,
        0.4535771977301727,
        0.44531707113808255,
        0.441499716525512,
        0.4444146293325514,
        0.4438500195276769,
        0.4372982146047453,
        0.42778005451700324,
        0.4173060853008346,
        0.4299161092143914,
        0.44194144164225646,
        0.43937955582968014,
        0.43768962227793246,
        0.43425226137317513,
        0.43322247415634113
    ],
    "avg_utilization2": [
        0.3669185191597145,
        0.34840632337820915,
        0.35766914244838044,
        0.44478905423100396,
        0.3866790657866064,
        0.34013748674039346,
        0.4146157124132497,
        0.3496927310803795,
        0.3623874910444169,
        0.37945762423225976,
        0.3883392646469449,
        0.3397787689394691,
        0.4408086904812704,
        0.4880653324861289,
        0.46730251656642907,
        0.44644224833806573,
        0.4509054319018841,
        0.45480526407585015,
        0.47150171630355536,
        0.4619358089215634,
        0.44551531238368486,
        0.4383512693802505,
        0.4576506248714372,
        0.44996953605206685,
        0.45826183624565464,
        0.45098843541686573,
        0.44813126588872376,
        0.4485488885410966,
        0.4479853784989364,
        0.43505926689843666,
        0.4318285689203466,
        0.44137735620076013,
        0.4461226843903244,
        0.4391927014101461,
        0.43884545809825576,
        0.43981047400608614,
        0.43602191659268275
    ],
    "avg_utilization3": [],
    "avg_utilization4": [],
    "avg_utilization5": [],
    "avg_utilization6": [],
    "global": {
        "avg_wait": [
            3.538384443963294,
            5.145805962626616,
            4.883398086178398,
            5.061426356847374,
            4.580077402748383,
            4.2664180971359755,
            5.028150199557375,
            4.603503785605778,
            4.62422756977177,
            4.4788546754851355,
            4.866293714801296,
            4.606689232072913,
            5.294171379494024,
            6.298818929118359,
            5.98071894807238,
            5.861670319403558,
            5.705660466071127,
            5.584358968472134,
            5.369371974527168,
            5.3451624096488395,
            5.242451265391118,
            5.107017259236577,
            5.352325966857048,
            5.397704021665429,
            5.4076728119689585,
            5.364375489139772,
            5.438651073055433,
            5.4196880968945464,
            5.417562780281761,
            5.382492411006644,
            5.344032578243793,
            5.534081179940052,
            5.698840627074073,
            5.6477350626659835,
            5.678755260808677,
            5.6357986380179055,
            5.6235415901460835
        ],
        "avg_delay": [
            0.15573083129260182,
            1.182433908649923,
            1.204401952536521,
            1.071477067707158,
            0.9107555075510841,
            0.7589629229592367,
            1.3400770404551665,
            1.1430068874470538,
            1.0799333157608435,
            0.9488043567102353,
            1.2816549243151834,
            1.1072613224514996,
            1.4034137755135732,
            2.1246878863153347,
            1.8089720302530146,
            1.55614326209133,
            1.3647606494325486,
            1.2158586041018853,
            1.0655502797283918,
            1.0218750834616317,
            1.001267813282199,
            0.9130813868580057,
            1.0774306039950232,
            1.063178030559051,
            1.0445869451512664,
            1.0042942697389017,
            1.0214694576489332,
            0.987074445768671,
            1.0133669636151503,
            1.02882574759353,
            1.0167174877406482,
            1.1833591347076775,
            1.2797421903239279,
            1.2215960740121752,
            1.2162505961661718,
            1.1879668027732415,
            1.17449804831878
        ],
        "avg_number": [
            0.6504802145641632,
            1.0079363981637133,
            1.08114611852799,
            1.1565997064750164,
            1.0329431622600107,
            0.8850341369458871,
            1.0721490052632223,
            0.8613464202224735,
            0.8566340609871341,
            0.8497276912357323,
            0.970385338465663,
            0.8662123797485116,
            1.0440666532674774,
            1.3228141779390303,
            1.2675833638143166,
            1.2257170734227716,
            1.1619601445004524,
            1.1501276781324563,
            1.1452956495523472,
            1.134602990073014,
            1.127872707527985,
            1.083785395123871,
            1.1605914797338963,
            1.1251698221918383,
            1.1199089910397646,
            1.0962536225921722,
            1.0985245836531965,
            1.0911223310683889,
            1.0888963327239902,
            1.0659166682013759,
            1.0479221733787194,
            1.1082778258479151,
            1.1447555768512898,
            1.1205912336962438,
            1.1149022427828432,
            1.107432173998698,
            1.098244948557478
        ]
    },