{
    "interarrival": 5.0,
    "servers": 2,
    "seed": 123456789,
    "GLOBAL AVG WAIT": {
        "mean": 5.214828937269816,
        "half_confidence_interval": 0.04639131097356154,
        "stdev": 0.17167638823552328,
        "confidence": 95
    },
    "GLOBAL AVG DELAY": {
        "mean": 0.7770185373969841,
        "half_confidence_interval": 0.029670082253454796,
        "stdev": 0.10979755590064899,
        "confidence": 95
    },
    "GLOBAL AVG NUMBER": {
        "mean": 1.0427543082684874,
        "half_confidence_interval": 0.011920197906883572,
        "stdev": 0.04411206496993954,
        "confidence": 95
    },
    "QUEUE1 AVG WAIT": {
        "mean": 1.7700876116586235,
        "half_confidence_interval": 0.02458438671121696,
        "stdev": 0.09097735392673904,
        "confidence": 95
    },
    "QUEUE1 AVG DELAY": {
        "mean": 0.541205614052383,
        "half_confidence_interval": 0.024802287125939692,
        "stdev": 0.0917837195027397,
        "confidence": 95
    },
    "QUEUE1 AVG NUMBER": {
        "mean": 0.02148765527207929,
        "half_confidence_interval": 0.000991395915148667,
        "stdev": 0.0036687747436404887,
        "confidence": 95
    },
    "QUEUE2 AVG WAIT": {
        "mean": 3.3277457451289734,
        "half_confidence_interval": 0.023974124254387816,
        "stdev": 0.08871900743327885,
        "confidence": 95
    },
    "QUEUE2 AVG DELAY": {
        "mean": 0.6639460247137782,
        "half_confidence_interval": 0.021336371443031653,
        "stdev": 0.07895769941657294,
        "confidence": 95
    },
    "QUEUE2 AVG NUMBER": {
        "mean": 0.05900526172700275,
        "half_confidence_interval": 0.0018556924313284109,
        "stdev": 0.0068672035258502745,
        "confidence": 95
    },
    "QUEUE3 AVG WAIT": {
        "mean": 9.491147455599357,
        "half_confidence_interval": 0.06667178930654952,
        "stdev": 0.24672663361186917,
        "confidence": 95
    },
    "QUEUE3 AVG DELAY": {
        "mean": 1.049972405733758,
        "half_confidence_interval": 0.05677579787998089,
        "stdev": 0.21010537781051414,
        "confidence": 95
    },
    "QUEUE3 AVG NUMBER": {
        "mean": 0.07498945471062979,
        "half_confidence_interval": 0.004361977084382458,
        "stdev": 0.016141998484148642,
        "confidence": 95
    },
    "QUEUE4 AVG WAIT": {
        "mean": 0.0,
        "half_confidence_interval": 0.0,
        "stdev": 0.0,
        "confidence": 95
    },
    "QUEUE4 AVG DELAY": {
        "mean": 0.0,
        "half_confidence_interval": 0.0,
        "stdev": 0.0,
        "confidence": 95
    },
    "QUEUE4 AVG NUMBER": {
        "mean": 0.0,
        "half_confidence_interval": 0.0,
        "stdev": 0.0,
        "confidence": 95
    },
    "QUEUE5 AVG WAIT": {
        "mean": 0.0,
        "half_confidence_interval": 0.0,
        "stdev": 0.0,
        "confidence": 95
    },
    "QUEUE5 AVG DELAY": {
        "mean": 0.0,
        "half_confidence_interval": 0.0,
        "stdev": 0.0,
        "confidence": 95
    },
    "QUEUE5 AVG NUMBER": {
        "mean": 0.0,
        "half_confidence_interval": 0.0,
        "stdev": 0.0,
        "confidence": 95
    },
    "QUEUE6 AVG WAIT": {
        "mean": 0.0,
        "half_confidence_interval": 0.0,
        "stdev": 0.0,
        "confidence": 95
    },
    "QUEUE6 AVG DELAY": {
        "mean": 0.0,
        "half_confidence_interval": 0.0,
        "stdev": 0.0,
        "confidence": 95
    },
    "QUEUE6 AVG NUMBER": {
        "mean": 0.0,
        "half_confidence_interval": 0.0,
        "stdev": 0.0,
        "confidence": 95
    },
    "UTILIZATION1": {
        "mean": 0.4447235171284209,
        "half_confidence_interval": 0.0036660040050477695,
        "stdev": 0.013566469962494498,
        "confidence": 95
    },
    "UTILIZATION2": {
        "mean": 0.44254873459779176,
        "half_confidence_interval": 0.003691159855748139,
        "stdev": 0.013659562084717402,
        "confidence": 95
    },
    "UTILIZATION3": {
        "mean": 0.0,
        "half_confidence_interval": 0.0,
        "stdev": 0.0,
        "confidence": 95
    },
    "UTILIZATION4": {
        "mean": 0.0,
        "half_confidence_interval": 0.0,
        "stdev": 0.0,
        "confidence": 95
    },
    "UTILIZATION5": {
        "mean": 0.0,
        "half_confidence_interval": 0.0,
        "stdev": 0.0,
        "confidence": 95
    },
    "UTILIZATION6": {
        "mean": 0.0,
        "half_confidence_interval": 0.0,
        "stdev": 0.0,
        "confidence": 95
    }
}