{
    "seed": 1685924191,
    "arrival_stream": 0,
    "service_stream": 1,
    "observation_period": 40000.0,
    "interarrivals": 5.0,
    "batch_size": 0,
    "k": 0,
    "servers": 2,
    "acquisition_time": [
        19.882605576520632,
        25.000748426256607,
        29.26431663660912,
        55.341680782273585,
        76.89754057934195,
        92.54308044436316,
        113.57797957095451,
        158.178395518692,
        197.5139065521376,
        243.62493057031406,
        329.63697622636954,
        372.76153178692215,
        464.4436461373649,
        585.7717974858693,
        656.5687699267188,
        817.1445191923077,
        967.7850739327256,
        1139.2523534368304,
        1409.244742963107,
        1674.8677441739228,
        1956.6706509696728,
        2300.7083493534906,
        2798.349094707171,
        3416.125098869363,
        3967.0761758758194,
        4653.382649186204,
        5538.563867702143,
        6609.138592696255,
        7827.3814983368275,
        9442.52876330332,
        11435.027703722426,
        13755.717237196126,
        16601.461337751014,
        19895.99121075334,
        24305.429750989082,
        28844.681620467647,
        34636.2000038554
    ],
    "avg_utilization1": [
        0.6521727242601035,
        0.6863067137438182,
        0.6379849072415107,
        0.3953645568719398,
        0.4582313602626319,
        0.47970496023096226,
        0.49902243801053997,
        0.3999226198841334,
        0.3856984750359165,
        0.45362865748911546,
        0.40366326404035235,
        0.4121204178984651,
        0.4014259908543616,
        0.3841854571687057,
        0.4112826360568565,
        0.41342643192329553,
        0.40761449854513526,
        0.4048489779959721,
        0.38544418054197954,
        0.39776934119126406,
        0.41615045450850074,
        0.42294537834633084,
        0.422703212933864,
        0.4024821848161511,
        0.41899971385039786,
        0.43083070674926827,
        0.4276687392702266,
        0.43090128618764767,
        0.4326560130246348,
        0.43942972145305437,
        0.44016960050346104,
        0.436545602758352,
        0.4368685521780879,
        0.43892027861940186,
        0.4295582581847458,
        0.43453413957018244,
        0.4356950670584788
    ],
    "avg_utilization2": [
        0.8189701270383057,
        1.2148327142938498,
        1.0378416638662438,
        0.6145773267202923,
        0.6345076702590552,
        0.6133372847008595,
        0.707192575864655,
        0.5958253120463091,
        0.4976662203680675,
        0.564663125978739,
        0.45564242841895897,
        0.4695174323228175,
        0.4288093433463296,
        0.3984322717735657,
        0.400588649058577,
        0.39824244005827736,
        0.3870587528324684,
        0.38969450432747144,
        0.3830269448246613,
        0.37672664150727486,
        0.384421025506339,
        0.4028508987815193,
        0.39095812423340087,
        0.39580242755631,
        0.4060872198703238,
        0.40957963739320424,
        0.417993012301491,
        0.42957703883631754,
        0.44097171571286486,
        0.43806567959729753,
        0.42728615477788623,
        0.42879568107800414,
        0.4227488828622624,
        0.4251652755566238,
        0.41709285931937123,
        0.4239379067738402,
        0.4287416377094825
    ],
    "avg_utilization3": [],
    "avg_utilization4": [],
    "avg_utilization5": [],
    "avg_utilization6": [],
    "global": {
        "avg_wait": [
            4.406317069453972,
            4.000663754406873,
            4.193485821407574,
            4.352102416876528,
            4.7639866867847225,
            5.110940046979394,
            5.254445222758887,
            5.340360870423119,
            4.842518811708605,
            5.490849129951418,
            5.314066887838574,
            5.201932180434434,
            4.9855409867689575,
            4.869848474958359,
            4.767158855344679,
            5.065619563933933,
            4.924024887125675,
            4.85375019196883,
            4.861906777219031,
            4.858855265919604,
            5.1747299229088535,
            5.2702109993925905,
            5.157235430904084,
            5.147544350651439,
            5.194318101485657,
            5.2383807723129845,
            5.185400289752312,
            5.2361141475661075,
            5.258240707491524,
            5.322387477904639,
            5.299030415474004,
            5.418565580847759,
            5.3783100751721715,
            5.407891302106468,
            5.3940493585707765,
            5.395218986144858,
            5.502176652022687
        ],
        "avg_delay": [
            1.4813017635455508,
            1.3266799775310885,
            1.2924185540351134,
            1.0643446915583288,
            1.1814085153748648,
            0.9845070961457205,
            0.8298779096749266,
            0.7078370406050845,
            0.5869868141603141,
            0.7075865832695031,
            0.5996496468385619,
            0.5756613742376981,
            0.5018488266731118,
            0.41901940867852056,
            0.44332315654865395,
            0.6155486926418274,
            0.5789801903074028,
            0.6040528579553155,
            0.6473015332571316,
            0.6335186554503214,
            0.9180594909838727,
            0.9717576291367622,
            0.8611817209790993,
            0.8630390095328986,
            0.9231646205649999,
            0.9690020456435694,
            0.9248633126179271,
            0.9268518660395697,
            0.9466038962900025,
            0.9635541796868672,
            0.9465158944579212,
            1.0665606441356885,
            1.0288488939349252,
            1.0479789590623634,
            1.0388891770063442,
            1.028856315258696,
            1.101705958751537
        ],
        "avg_number": [
            2.216166816011978,
            1.9202611151617741,
            2.0061565840995037,
            1.3368900264879424,
            1.2390478683435393,
            1.325464427362023,
            1.3416237199818604,
            1.1478955074678927,
            1.005211606341468,
            1.1269062482845267,
            0.9511370659072159,
            0.9908135719915574,
            0.9231615685303624,
            0.8562965903677037,
            0.8930679710410847,
            0.9174774814658998,
            0.9005640079564085,
            0.9074800572239379,
            0.8832022550966194,
            0.8906187200906649,
            0.9732351280920672,
            1.0124852471570793,
            0.9767669028674889,
            0.9583484539538262,
            0.999039225799232,
            1.0311545705956169,
            1.0289228497787655,
            1.0449825591903885,
            1.0634201286506522,
            1.070392696056248,
            1.0560962885060623,
            1.0773539909315109,
            1.062932653796754,
            1.0703802450508275,
            1.0486086228617193,
            1.0605383707800962,
            1.0808578867253111
        ]
    },