{
    "seed": 841198816,
    "arrival_stream": 0,
    "service_stream": 1,
    "observation_period": 90000.0,
    "interarrivals": 2,
    "batch_size": 2048,
    "k": 8,
    "servers": 3,
    "acquisition_time": [],
    "avg_utilization1": [
        0.6922095059384055,
        0.7254018777543999,
        0.7663469169944834,
        0.7612894167081838,
        0.6933341857523194,
        0.7654685154932385,
        0.711562041480027,
        0.7188783857086845
    ],
    "avg_utilization2": [
        0.7589675095832563,
        0.7781747213340721,
        0.6631253497307099,
        0.7433671410796411,
        0.7674507699799188,
        0.7025396246736477,
        0.7539231889057606,
        0.7014627796439084
    ],
    "avg_utilization3": [
        0.7192498627113274,
        0.7679818933622505,
        0.747809776855858,
        0.8285144057910144,
        0.7586995838715257,
        0.7492258169478607,
        0.7543340653264337,
        0.7377814346180721
    ],
    "avg_utilization4": [],
    "avg_utilization5": [],
    "avg_utilization6": [],
    "avg_utilization7": [],
    "avg_utilization8": [],
    "avg_utilization9": [],
    "global": {
        "avg_wait": [
            13.772151158438804,
            17.48064666227322,
            13.490328290489199,
            17.727328973639633,
            18.896712850640753,
            14.482761468247512,
            15.272369842555946,
            13.36867674876783
        ],
        "avg_delay": [
            9.456819180709454,
            12.930999007437464,
            9.1077890772998,
            13.313941026336344,
            14.425916891269981,
            9.98083573445437,
            10.77678119432433,
            8.984281923839822
        ],
        "avg_number": [
            6.92241055449593,
            4.376499435089695,
            2.245978303814508,
            2.2449024233744326,
            1.906665227060149,
            1.21283455225167,
            1.093367661896528,
            0.8356547372424198
        ]
    },
    "c1": {
        "avg_wait": [
            11.327304303059181,
            12.028222848894478,
            14.154339068360208,
            15.554299505589674,
            14.153325828615122,
            15.64465155662624,
            18.704880377127573,
            13.5497164735929
        ],
        "avg_delay": [
            7.088621910974634,
            7.620924429501056,
            9.68899019693895,
            11.146221120508807,
            9.773519305873586,
            10.825063260890067,
            14.136292624013013,
            9.116206868279848
        ],
        "avg_number": [
            1.1569353150140143,
            0.6297871294798358,
            0.5552911083858876,
            0.46246022577924945,
            0.31442884949605865,
            0.2921424111873564,
            0.31971988430565634,
            0.18753510382031527
        ]
    },
    "c2": {
        "avg_wait": [
            16.520555772129367,
            21.73790496924627,
            11.729975290197634,
            13.730729644418485,
            20.812956637373127,
            11.92626067772532,
            13.67413784409674,
            13.047612619663436
        ],
        "avg_delay": [
            12.09222526517688,
            17.122273540553145,
            7.401838273763525,
            9.472332829933169,
            16.30520149033305,
            7.606938762737821,
            9.256729913623246,
            8.650691400837339
        ],
        "avg_number": [
            2.0715111320343387,
            1.4463683448334461,
            0.3808872083735761,
            0.39535290529530603,
            0.5647285252371874,
            0.21026977349596737,
            0.22877409503094856,
            0.1755823954516745
        ]
    },
    "c3": {
        "avg_wait": [
            13.345051506572325,
            18.57326488213476,
            14.400435122581431,
            23.64728242134015,
            21.426065947909215,
            15.832968035751783,
            13.700490457891416,
            13.49771323864417
        ],
        "avg_delay": [
            9.07045091416258,
            13.949265839011733,
            10.051620160810874,
            19.07978944426002,
            16.90695525849904,
            11.452133747702723,
            9.193311973066534,
            9.17175764350706
        ],
        "avg_number": [
            1.5249130067788732,
            1.1612825303878587,
            0.5801596271996686,
            0.8281993820982213,
            0.5764076392692532,
            0.33341615272553726,
            0.22302898525111595,
            0.19847568541400887
        ]
    },
    "c4": {
        "avg_wait": [],
        "avg_delay": [],
        "avg_number": []
    },
    "c5": {
        "avg_wait": [],
        "avg_delay": [],
        "avg_number": []
    },
    "c6": {
        "avg_wait": [],
        "avg_delay": [],
        "avg_number": []
    },
    "mean_conditional_slowdown": {
        "(1.24)": [
            12.106573514870004,
            15.097295695381629,
            11.879297008459032,
            15.296233043257768,
            16.23928455696835,
            12.679646345360897,
            13.316427292383828,
            11.78119092642567
        ],
        "(2.65)": [
            6.197038172995775,
            7.596470438593668,
            6.090689920939321,
            7.689558103260239,
            8.130835037977644,
            6.465193006885854,
            6.763158431153188,
            6.0447836787803135
        ],
        "(4.42)": [
            4.1158713028142095,
            4.954897434903444,
            4.052110472961357,
            5.010707912588153,
            5.275274400597455,
            4.276642866119347,
            4.455287294695916,
            4.024587499721228
        ],
        "(8.26)": [
            2.6673306487214052,
            3.1163010487013585,
            2.633211657444213,
            3.1461657353074615,
            3.287737633249486,
            2.753360952572338,
            2.8489551867501146,
            2.6184838678895677
        ]
    }
}