{
    "seed": 5256563,
    "arrival_stream": 0,
    "service_stream": 1,
    "observation_period": 20000.0,
    "interarrivals": 2,
    "batch_size": 512,
    "k": 114,
    "servers": 3,
    "acquisition_time": [],
    "avg_utilization1": [
        0.8142894937886904,
        0.894988976275764,
        0.8224573274834914,
        0.833831579644527,
        0.8057200516763067,
        0.8852802781041847,
        0.8762428024381549,
        0.8153571770512296,
        0.8411141453792444,
        0.9265728267874749,
        0.8403259903756667,
        0.832994766006964,
        0.8665104930224219,
        0.8108436596376962,
        0.862192078656914,
        0.8553632074478438,
        0.8322284425994989,
        0.826052646843076,
        0.8631811398138319
    ],
    "avg_utilization2": [
        0.6762718736045029,
        0.8369562389713392,
        0.7084644570689652,
        0.7352041618240149,
        0.6892811562283097,
        0.8011447840383149,
        0.7640297379099361,
        0.7311924472198101,
        0.7676071407241376,
        0.8768108555667865,
        0.7084110982146374,
        0.7170995844845997,
        0.7846874136694956,
        0.7317687391382174,
        0.7600299362583663,
        0.7517152392680209,
        0.6977720476953523,
        0.7010178512919066,
        0.7429864587660311
    ],
    "avg_utilization3": [
        0.5605625445704937,
        0.7746304246550507,
        0.6221320117704916,
        0.5730989137876916,
        0.6104626007013388,
        0.6551706325734518,
        0.6453111468300352,
        0.6136095915855726,
        0.5993106965610558,
        0.765668650266217,
        0.5651654304802106,
        0.6377979602187805,
        0.6599663560485057,
        0.5863711746603026,
        0.6745897555295879,
        0.5817994092338172,
        0.5825970427305976,
        0.6015680256309605,
        0.6009596351922173
    ],
    "avg_utilization4": [],
    "avg_utilization5": [],
    "avg_utilization6": [],
    "avg_utilization7": [],
    "avg_utilization8": [],
    "avg_utilization9": [],
    "global": {
        "avg_wait": [
            6.297298062736229,
            8.758351885299938,
            6.745264645518528,
            6.779518243613743,
            6.652765931070001,
            8.478614472553694,
            6.935285876246208,
            8.261864008410758,
            7.150504589138285,
            12.860084140297097,
            7.443697720258005,
            7.0139420815559,
            7.876623696661582,
            7.905926672273495,
            8.190617734741085,
            6.565053699396984,
            7.064826635902506,
            6.337222559706468,
            7.26266316161589
        ],
        "avg_delay": [
            1.8314517186695785,
            4.3834931783852715,
            2.552576962397547,
            2.291030769203576,
            2.181051535643624,
            3.7703786510843895,
            2.529703416087854,
            4.014060281496168,
            2.643601414311924,
            8.278849663626383,
            3.0266164349474507,
            2.3604647129401446,
            3.3901891425584822,
            3.2138415109457354,
            3.778812288453157,
            2.288198634463361,
            2.4719285808446805,
            2.1660226782751075,
            2.9045102497776285
        ],
        "avg_number": [
            2.9219233192530947,
            2.247246187464455,
            1.1596198192682776,
            0.8619640485345144,
            0.6669377203638643,
            0.7089970857088741,
            0.4999179582072753,
            0.5224151192123173,
            0.40105113417328975,
            0.6559313407667466,
            0.3434452490813834,
            0.29514666911087295,
            0.30670622251414065,
            0.28385079261166174,
            0.2752251990621536,
            0.20720071820307207,
            0.20882794591274323,
            0.1771915313989138,
            0.1925547442382838
        ]
    },
    "c1": {
        "avg_wait": [
            7.008011733015402,
            8.83742342268038,
            7.6629722482070255,
            8.060054719386923,
            7.369485873981826,
            9.680090566882408,
            8.152061184555153,
            8.112971957929854,
            7.8872627985648425,
            13.527311028464268,
            7.877097325059794,
            7.632194796814103,
            8.552002977293872,
            8.038410570267665,
            8.56708316209398,
            6.982718405571118,
            7.347025907661151,
            7.040648336496533,
            8.341366410644275
        ],
        "avg_delay": [
            2.504961071611894,
            4.72848182712325,
            3.3877439551694084,
            3.3962345012320005,
            2.8283285146293102,
            4.858930193576867,
            3.4781656052760836,
            4.160598135948471,
            3.396601193335649,
            8.915773550241303,
            3.4767028783846308,
            3.038526664597621,
            4.1318640846913395,
            3.6020792887184947,
            4.3230269564882375,
            2.839845921170053,
            2.8863312526391116,
            2.8002963996701142,
            3.8145406349999047
        ],
        "avg_number": [
            0.45175052009694255,
            0.4549684217557753,
            0.21499039518963106,
            0.1593968854758022,
            0.10632714600577414,
            0.14760572591730217,
            0.09010159695163328,
            0.10584996646765976,
            0.07181165983978628,
            0.16253793217376475,
            0.06266086651643812,
            0.04894686413949203,
            0.06033367567254635,
            0.05152889198704347,
            0.05617650419374077,
            0.035536432606607146,
            0.03415994631199925,
            0.029514494684060248,
            0.03753048759097455
        ]
    },
    "c2": {
        "avg_wait": [
            5.905645503401852,
            9.152514899216317,
            6.300229302792226,
            6.43042566813154,
            6.028821535060648,
            8.029288152742607,
            6.029787492659589,
            8.723721356330449,
            7.412578509658985,
            13.039261149314333,
            7.845286521777548,
            6.610321886737748,
            8.07980908150972,
            8.440024190379948,
            7.508370590837074,
            6.951864254947037,
            7.3282885010986565,
            6.1316251160536925,
            6.6112858408703294
        ],
        "avg_delay": [
            1.6035170899499864,
            4.587614939594736,
            2.3415259758511033,
            2.1070537029513132,
            1.9133940861802028,
            3.412656420166012,
            2.0651896542070816,
            4.200124534324855,
            2.774058427697272,
            8.343671882411718,
            3.16783441023047,
            2.2293442297127513,
            3.4798314335765177,
            3.433174350006854,
            3.407849357814334,
            2.4734255219433456,
            2.6759705033404866,
            2.045237018864303,
            2.5108015157820973
        ],
        "avg_number": [
            0.2513994364221711,
            0.37474242616247067,
            0.13916144228736607,
            0.0931356531564704,
            0.06781036442275805,
            0.09753943064008953,
            0.05466158231686443,
            0.08455075813994761,
            0.051660383232111966,
            0.1404716011720933,
            0.045960756824976814,
            0.03224746278802112,
            0.044196431640854704,
            0.03924197275547363,
            0.040481867565082194,
            0.025157402291354224,
            0.02549073820742258,
            0.018987448428903323,
            0.023533109585849254
        ]
    },