{
    "interarrival": 5.0,
    "servers": 2,
    "seed": 1819633024,
    "GLOBAL AVG WAIT": {
        "mean": 5.199686487836379,
        "half_confidence_interval": 0.04339127502569986,
        "stdev": 0.1605744097551318,
        "confidence": 95
    },
    "GLOBAL AVG DELAY": {
        "mean": 0.7671633798034774,
        "half_confidence_interval": 0.026258333889254408,
        "stdev": 0.09717198821474811,
        "confidence": 95
    },
    "GLOBAL AVG NUMBER": {
        "mean": 1.038745810700588,
        "half_confidence_interval": 0.013651077773340342,
        "stdev": 0.05051738522726596,
        "confidence": 95
    },
    "QUEUE1 AVG WAIT": {
        "mean": 1.7714537391791105,
        "half_confidence_interval": 0.021789839725199878,
        "stdev": 0.080635811011789,
        "confidence": 95
    },
    "QUEUE1 AVG DELAY": {
        "mean": 0.5414431019959522,
        "half_confidence_interval": 0.021529912522257524,
        "stdev": 0.07967392046658031,
        "confidence": 95
    },
    "QUEUE1 AVG NUMBER": {
        "mean": 0.02164138582279395,
        "half_confidence_interval": 0.0008994150502226482,
        "stdev": 0.0033283889613486776,
        "confidence": 95
    },
    "QUEUE2 AVG WAIT": {
        "mean": 3.30747888565054,
        "half_confidence_interval": 0.02355174075715566,
        "stdev": 0.08715592866414403,
        "confidence": 95
    },
    "QUEUE2 AVG DELAY": {
        "mean": 0.6537451442757352,
        "half_confidence_interval": 0.022692239554161216,
        "stdev": 0.08397524549055865,
        "confidence": 95
    },
    "QUEUE2 AVG NUMBER": {
        "mean": 0.057968029733316,
        "half_confidence_interval": 0.0022144252253355535,
        "stdev": 0.00819473553829722,
        "confidence": 95
    },
    "QUEUE3 AVG WAIT": {
        "mean": 9.479878327843723,
        "half_confidence_interval": 0.05923294546216637,
        "stdev": 0.21919833537991015,
        "confidence": 95
    },
    "QUEUE3 AVG DELAY": {
        "mean": 1.0339382935961345,
        "half_confidence_interval": 0.04402068118065739,
        "stdev": 0.16290359970792054,
        "confidence": 95
    },
    "QUEUE3 AVG NUMBER": {
        "mean": 0.07387638846303374,
        "half_confidence_interval": 0.0037317270543336476,
        "stdev": 0.013809685674412084,
        "confidence": 95
    },
    "QUEUE4 AVG WAIT": {
        "mean": 0.0,
        "half_confidence_interval": 0.0,
        "stdev": 0.0,
        "confidence": 95
    },
    "QUEUE4 AVG DELAY": {
        "mean": 0.0,
        "half_confidence_interval": 0.0,
        "stdev": 0.0,
        "confidence": 95
    },
    "QUEUE4 AVG NUMBER": {
        "mean": 0.0,
        "half_confidence_interval": 0.0,
        "stdev": 0.0,
        "confidence": 95
    },
    "QUEUE5 AVG WAIT": {
        "mean": 0.0,
        "half_confidence_interval": 0.0,
        "stdev": 0.0,
        "confidence": 95
    },
    "QUEUE5 AVG DELAY": {
        "mean": 0.0,
        "half_confidence_interval": 0.0,
        "stdev": 0.0,
        "confidence": 95
    },
    "QUEUE5 AVG NUMBER": {
        "mean": 0.0,
        "half_confidence_interval": 0.0,
        "stdev": 0.0,
        "confidence": 95
    },
    "QUEUE6 AVG WAIT": {
        "mean": 0.0,
        "half_confidence_interval": 0.0,
        "stdev": 0.0,
        "confidence": 95
    },
    "QUEUE6 AVG DELAY": {
        "mean": 0.0,
        "half_confidence_interval": 0.0,
        "stdev": 0.0,
        "confidence": 95
    },
    "QUEUE6 AVG NUMBER": {
        "mean": 0.0,
        "half_confidence_interval": 0.0,
        "stdev": 0.0,
        "confidence": 95
    },
    "UTILIZATION1": {
        "mean": 0.44176079829885506,
        "half_confidence_interval": 0.0043216328220029585,
        "stdev": 0.015992699895555487,
        "confidence": 95
    },
    "UTILIZATION2": {
        "mean": 0.4435006596713205,
        "half_confidence_interval": 0.00442005292561443,
        "stdev": 0.016356914822083707,
        "confidence": 95
    },
    "UTILIZATION3": {
        "mean": 0.0,
        "half_confidence_interval": 0.0,
        "stdev": 0.0,
        "confidence": 95
    },
    "UTILIZATION4": {
        "mean": 0.0,
        "half_confidence_interval": 0.0,
        "stdev": 0.0,
        "confidence": 95
    },
    "UTILIZATION5": {
        "mean": 0.0,
        "half_confidence_interval": 0.0,
        "stdev": 0.0,
        "confidence": 95
    },
    "UTILIZATION6": {
        "mean": 0.0,
        "half_confidence_interval": 0.0,
        "stdev": 0.0,
        "confidence": 95
    }
}