{
    "seed": 753287282,
    "arrival_stream": 0,
    "service_stream": 1,
    "observation_period": 40000.0,
    "interarrivals": 5.0,
    "batch_size": 0,
    "k": 0,
    "servers": 2,
    "acquisition_time": [
        78.22446646055414,
        85.36146337602551,
        103.74005881482279,
        141.307667193641,
        167.473588449153,
        185.99689360285387,
        230.38028888749656,
        253.63360314848703,
        281.9143322927162,
        314.87964744229646,
        348.4806883872012,
        423.91464129428476,
        488.72557374925856,
        590.3732026966104,
        745.305089829352,
        879.2954621412028,
        1077.142717513724,
        1261.2686114913452,
        1483.7136940557352,
        1788.5623546326367,
        2074.269231115477,
        2460.9387055966304,
        3063.066008847263,
        3588.1416271753797,
        4261.259859032422,
        5032.481595415396,
        5956.293159442914,
        6996.749948865808,
        8391.156471159577,
        10195.171931333147,
        12062.923849131548,
        14313.779190486779,
        17028.022489450017,
        20468.31667858557,
        24190.489964544347,
        28522.738106177316,
        34416.7516228963
    ],
    "avg_utilization1": [
        0.2168763822458367,
        0.23599769356359643,
        0.23109683554816426,
        0.17769367857700796,
        0.1941084943677928,
        0.18498966227660749,
        0.19775336703593732,
        0.2390051728506267,
        0.24964099809143644,
        0.29706095115838416,
        0.3191881968094309,
        0.34282288606424205,
        0.3543620551066494,
        0.3534522051180057,
        0.3497959257547861,
        0.37965730352616966,
        0.3637945948158823,
        0.3790684452614983,
        0.3719785511143334,
        0.36074269028259254,
        0.3906621736400731,
        0.38904917668870875,
        0.37551770908639587,
        0.3892407799947123,
        0.39629548714229423,
        0.4045764954049297,
        0.41013070203414353,
        0.42017811709735664,
        0.42463038473787396,
        0.41600571424598487,
        0.4168548940820888,
        0.4184679493457985,
        0.4250888954384466,
        0.4256519949534048,
        0.42898873071318744,
        0.43483251280423224,
        0.4334261840318166
    ],
    "avg_utilization2": [
        0.36377534994608535,
        0.3488243062374343,
        0.2998498038658412,
        0.3296077219843179,
        0.27811011105643807,
        0.27731138898859875,
        0.28537316958206876,
        0.3261103043601469,
        0.3914535417946418,
        0.42399435026939775,
        0.4484434775816224,
        0.44783601328006417,
        0.4733141823827276,
        0.48340485535080036,
        0.48371861559499485,
        0.4838231819694329,
        0.4502953088354263,
        0.44315602166756934,
        0.44598926058034083,
        0.4454149171039677,
        0.458012638005721,
        0.446315128163499,
        0.4265242908600309,
        0.42549820673732636,
        0.4254150391587278,
        0.41539379810980204,
        0.41329623592559617,
        0.4245644389987433,
        0.42573103869552603,
        0.4189292122354011,
        0.4163863482266385,
        0.41533620477678734,
        0.4226213696926049,
        0.42094003722248063,
        0.42524841577971917,
        0.4349037794068306,
        0.4353468654655691
    ],
    "avg_utilization3": [],
    "avg_utilization4": [],
    "avg_utilization5": [],
    "avg_utilization6": [],
    "global": {
        "avg_wait": [
            4.547748859205064,
            4.164798196620888,
            3.9383394458773147,
            4.220111418784046,
            3.9570230512395796,
            3.5851198369417943,
            3.9901376823979082,
            4.1186537620189565,
            4.857335837519002,
            5.330101662332965,
            5.640402327219468,
            5.952483834001393,
            6.0341756976209755,
            6.191142587667304,
            6.3362628352225325,
            6.3709226033970845,
            6.245559991874905,
            6.103267553995227,
            5.885104386809819,
            5.824244722306644,
            6.32493613793676,
            6.06134243529457,
            5.867171880985909,
            5.760966524903344,
            5.8397954184199605,
            5.668891382425079,
            5.612886133900437,
            5.654201387996858,
            5.68180975315295,
            5.569729177274827,
            5.422861905719437,
            5.3753002393472595,
            5.477990679707411,
            5.450502832311806,
            5.452023011018225,
            5.467750540225874,
            5.490623053025183
        ],
        "avg_delay": [
            0.005631664194095975,
            0.00469305349507998,
            0.004022617281497125,
            0.003312743643585868,
            0.002815832097047988,
            0.00234652674753999,
            0.1854964259155817,
            0.2014901647006082,
            0.514029471762078,
            0.843287932840644,
            1.1948078503392476,
            1.3135639909692678,
            1.3591666440399504,
            1.4042831286368413,
            1.2856723464845692,
            1.240824815939203,
            1.2913734883751502,
            1.2480869117808457,
            1.1443620293559498,
            1.1308420462499622,
            1.5458191838333437,
            1.4102556681347953,
            1.231874545695763,
            1.1879980894856519,
            1.2506445908040362,
            1.1654398669845654,
            1.1506987903438368,
            1.1735949119959614,
            1.174271541406005,
            1.087209363187033,
            1.0138126987213885,
            1.0137046809838075,
            1.0784693571870791,
            1.053550367972686,
            1.0786018216896158,
            1.092599762866068,
            1.0960983232753683
        ],
        "avg_number": [
            0.5813716686068207,
            0.5854817429651432,
            0.5314895024370687,
            0.5076999397422451,
            0.4725548772057248,
            0.46260383396684235,
            0.5022738418652077,
            0.552112283902157,
            0.7064230034658103,
            0.8463712573404316,
            0.9549560374381163,
            0.9969609705476261,
            1.061821066604643,
            1.0801433459665963,
            1.045693018024091,
            1.0723318678418838,
            1.0262930813044961,
            1.0307050989430764,
            1.015416066495319,
            0.9997096970742161,
            1.1221187991633228,
            1.0886550527680352,
            1.0151923229668762,
            1.0211343616118194,
            1.0456447275351501,
            1.031837753968527,
            1.0356377189690777,
            1.065907983745625,
            1.071879051493625,
            1.0374435839712055,
            1.0245196303733894,
            1.027083480817255,
            1.0555123139669127,
            1.048649016462605,
            1.064914715031335,
            1.0869273997353857,
            1.0854655797303716
        ]
    },