{
    "seed": 1235402313,
    "arrival_stream": 0,
    "service_stream": 1,
    "observation_period": 600000.0,
    "interarrivals": 6,
    "batch_size": 2048,
    "k": 48,
    "servers": 1,
    "acquisition_time": [],
    "avg_utilization1": [
        0.769868622522514,
        0.7276694173661489,
        0.7327322654921621,
        0.757508285443588,
        0.7277606034293808,
        0.7310370107064523,
        0.8040564667893388,
        0.7466897033111264,
        0.7532524899463423,
        0.7461028884800778,
        0.7313070501474431,
        0.745329714086018,
        0.7439010379483412,
        0.7271039011311722,
        0.7441544575691782,
        0.7139700426496,
        0.7455378512303247,
        0.7774170286260944,
        0.7738049961178675,
        0.7399665640024309,
        0.8008007298644512,
        0.7411617933319988,
        0.7327003275109795,
        0.7161409288216524,
        0.7459895707985928,
        0.7215525594966562,
        0.7293734924880402,
        0.7203270181089491,
        0.7219892147286493,
        0.7376206233938878,
        0.7573490554709564,
        0.7269189175661405,
        0.736088440995301,
        0.7222010159304619,
        0.7360297160772878,
        0.711990880286397,
        0.7444357504627895,
        0.7265865527797408,
        0.7253383141946639,
        0.7261304547510037,
        0.78406756677767,
        0.7644451799912472,
        0.715059510968996,
        0.7598551473283025,
        0.7341166303413023,
        0.7517650632813675,
        0.7206919303430093,
        0.7382270233407467
    ],
    "avg_utilization2": [],
    "avg_utilization3": [],
    "avg_utilization4": [],
    "avg_utilization5": [],
    "avg_utilization6": [],
    "avg_utilization7": [],
    "avg_utilization8": [],
    "avg_utilization9": [],
    "global": {
        "avg_wait": [
            15.132099696709833,
            12.769207826186618,
            13.094534039631839,
            16.54963535813383,
            12.562592992868087,
            14.140609743203228,
            22.94069079200709,
            15.382498733828832,
            14.19594508403194,
            15.058606140685015,
            13.170959314610194,
            17.12077457170598,
            15.045526506768752,
            15.044278390910833,
            15.914380765042253,
            11.835004312246198,
            17.267295034389264,
            18.543113375771185,
            15.773338056460531,
            15.1628912023657,
            18.270204574600413,
            15.371587373512199,
            14.156357269420056,
            13.20487918313151,
            12.887827585680668,
            12.876704146494632,
            16.190395630751965,
            14.233911211730401,
            13.130569749140108,
            15.74480765451301,
            15.55621319842885,
            14.041506020828791,
            13.605397114403843,
            13.995276249802714,
            16.097670762183355,
            14.459033076313744,
            16.51832790666313,
            13.582838581919646,
            14.166759023991261,
            15.049792022642038,
            18.882668874461217,
            19.473767666042704,
            12.629418287077755,
            16.31926635336623,
            15.189253310556012,
            14.434258609186259,
            13.083427696143247,
            14.226415386596898
        ],
        "avg_delay": [
            10.665560624791686,
            8.434049946600416,
            8.721428430625409,
            12.05408487683836,
            8.270623544735038,
            9.592176979550963,
            18.32034342282983,
            10.815490630815887,
            9.721718411464828,
            10.569274733653181,
            8.79854686704693,
            12.714922449315964,
            10.625325891124604,
            10.605684770117904,
            11.511976490249737,
            7.328331253667088,
            12.814969520053864,
            13.864319715994682,
            11.30441307639046,
            10.671543325203672,
            13.695176726914084,
            11.010774413264002,
            9.687940049838858,
            8.79699543617636,
            8.432401495698258,
            8.486810864561534,
            11.737594039642374,
            9.845898442423845,
            8.698239308241142,
            11.277999381600978,
            11.024768678279798,
            9.54650762881812,
            9.022741619763394,
            9.698605054085903,
            11.586705322498545,
            9.928865351568902,
            11.986651419523355,
            9.238029698257492,
            9.790895846937474,
            10.639237488453574,
            14.260286365835412,
            15.086492236951358,
            8.238057935391367,
            11.994106538892993,
            10.70273419341396,
            9.997955144249374,
            8.69254689682765,
            9.764455466903371
        ],
        "avg_number": [
            2.6082227339335535,
            2.1433503178425024,
            2.1940443360579214,
            2.785633568019797,
            2.132568291670046,
            2.2712562832613648,
            3.993861422177228,
            2.5155747709878624,
            2.387612185044341,
            2.501722128192335,
            2.205955693513305,
            2.891656719048518,
            2.535247301430523,
            2.464822492689522,
            2.6902088002849274,
            1.875012323393673,
            2.8894273290579,
            3.0827795911508424,
            2.7287506865226923,
            2.500251108098062,
            3.198482637497123,
            2.6110144985760897,
            2.3220138018384135,
            2.1456630546517586,
            2.157755145198394,
            2.1157776577834113,
            2.6531557351080255,
            2.3356785113764755,
            2.138372096736025,
            2.6020667995969893,
            2.598983241447006,
            2.270887604020455,
            2.1855548355342056,
            2.3525250528364268,
            2.6265662881455896,
            2.269928658808987,
            2.7162505882998067,
            2.271514654418795,
            2.347240663600562,
            2.478305211211033,
            3.2014227345902837,
            3.3944778876772714,
            2.0564338850917085,
            2.867858398719246,
            2.484438732788273,
            2.447190661115589,
            2.1460589573122633,
            2.3557151214279095
        ]
    },