{
    "interarrival": 2.5,
    "servers": 3,
    "seed": 1177746677,
    "GLOBAL AVG WAIT": {
        "mean": 5.274418489646103,
        "half_confidence_interval": 0.04047682256118806,
        "stdev": 0.1580968001492006,
        "confidence": 95
    },
    "GLOBAL AVG DELAY": {
        "mean": 0.8388178122517137,
        "half_confidence_interval": 0.03043110374421056,
        "stdev": 0.11885962935196452,
        "confidence": 95
    },
    "GLOBAL AVG NUMBER": {
        "mean": 2.117845188091453,
        "half_confidence_interval": 0.023838776968995223,
        "stdev": 0.09311092422265428,
        "confidence": 95
    },
    "QUEUE1 AVG WAIT": {
        "mean": 1.693937283896586,
        "half_confidence_interval": 0.015548014851596662,
        "stdev": 0.06072836851246982,
        "confidence": 95
    },
    "QUEUE1 AVG DELAY": {
        "mean": 0.465162503654052,
        "half_confidence_interval": 0.015166349070744874,
        "stdev": 0.059237635424715746,
        "confidence": 95
    },
    "QUEUE1 AVG NUMBER": {
        "mean": 0.037468912557440906,
        "half_confidence_interval": 0.00132052781399839,
        "stdev": 0.0051577967016943746,
        "confidence": 95
    },
    "QUEUE2 AVG WAIT": {
        "mean": 3.3098252347167048,
        "half_confidence_interval": 0.02321739831537049,
        "stdev": 0.09068390622561204,
        "confidence": 95
    },
    "QUEUE2 AVG DELAY": {
        "mean": 0.645937048383465,
        "half_confidence_interval": 0.020333668338642436,
        "stdev": 0.07942046080259631,
        "confidence": 95
    },
    "QUEUE2 AVG NUMBER": {
        "mean": 0.11496315546668534,
        "half_confidence_interval": 0.004001980124685019,
        "stdev": 0.015631173890118456,
        "confidence": 95
    },
    "QUEUE3 AVG WAIT": {
        "mean": 9.730088802186806,
        "half_confidence_interval": 0.07138445959572637,
        "stdev": 0.27881770179474746,
        "confidence": 95
    },
    "QUEUE3 AVG DELAY": {
        "mean": 1.2880202900917184,
        "half_confidence_interval": 0.06278958744344743,
        "stdev": 0.24524733487889905,
        "confidence": 95
    },
    "QUEUE3 AVG NUMBER": {
        "mean": 0.18480630702239856,
        "half_confidence_interval": 0.009852968891120917,
        "stdev": 0.038484316581447416,
        "confidence": 95
    },
    "QUEUE4 AVG WAIT": {
        "mean": 0.0,
        "half_confidence_interval": 0.0,
        "stdev": 0.0,
        "confidence": 95
    },
    "QUEUE4 AVG DELAY": {
        "mean": 0.0,
        "half_confidence_interval": 0.0,
        "stdev": 0.0,
        "confidence": 95
    },
    "QUEUE4 AVG NUMBER": {
        "mean": 0.0,
        "half_confidence_interval": 0.0,
        "stdev": 0.0,
        "confidence": 95
    },
    "QUEUE5 AVG WAIT": {
        "mean": 0.0,
        "half_confidence_interval": 0.0,
        "stdev": 0.0,
        "confidence": 95
    },
    "QUEUE5 AVG DELAY": {
        "mean": 0.0,
        "half_confidence_interval": 0.0,
        "stdev": 0.0,
        "confidence": 95
    },
    "QUEUE5 AVG NUMBER": {
        "mean": 0.0,
        "half_confidence_interval": 0.0,
        "stdev": 0.0,
        "confidence": 95
    },
    "QUEUE6 AVG WAIT": {
        "mean": 0.0,
        "half_confidence_interval": 0.0,
        "stdev": 0.0,
        "confidence": 95
    },
    "QUEUE6 AVG DELAY": {
        "mean": 0.0,
        "half_confidence_interval": 0.0,
        "stdev": 0.0,
        "confidence": 95
    },
    "QUEUE6 AVG NUMBER": {
        "mean": 0.0,
        "half_confidence_interval": 0.0,
        "stdev": 0.0,
        "confidence": 95
    },
    "UTILIZATION1": {
        "mean": 0.5950334256825202,
        "half_confidence_interval": 0.004496290860781074,
        "stdev": 0.017561882397142344,
        "confidence": 95
    },
    "UTILIZATION2": {
        "mean": 0.5921740174922867,
        "half_confidence_interval": 0.004965360583630876,
        "stdev": 0.019394003041427656,
        "confidence": 95
    },
    "UTILIZATION3": {
        "mean": 0.5933839324315275,
        "half_confidence_interval": 0.004240911526437238,
        "stdev": 0.0165644064830446,
        "confidence": 95
    },
    "UTILIZATION4": {
        "mean": 0.0,
        "half_confidence_interval": 0.0,
        "stdev": 0.0,
        "confidence": 95
    },
    "UTILIZATION5": {
        "mean": 0.0,
        "half_confidence_interval": 0.0,
        "stdev": 0.0,
        "confidence": 95
    },
    "UTILIZATION6": {
        "mean": 0.0,
        "half_confidence_interval": 0.0,
        "stdev": 0.0,
        "confidence": 95
    }
}