{
    "seed": 1195026707,
    "arrival_stream": 0,
    "service_stream": 1,
    "observation_period": 40000.0,
    "interarrivals": 5.0,
    "batch_size": 0,
    "k": 0,
    "servers": 2,
    "acquisition_time": [
        53.61929485000202,
        62.681598993901005,
        72.6016938834494,
        81.08570341349292,
        101.35352008375209,
        118.24285049564487,
        139.94089486717834,
        163.45883512785997,
        210.78221007923727,
        278.24785197238015,
        315.82191844663674,
        378.7440279001449,
        457.91835101036713,
        571.7989222351283,
        707.2594904402918,
        847.5131116366518,
        958.6733602419808,
        1134.8109587310933,
        1377.3477786107642,
        1652.6590155073195,
        1949.4879522655692,
        2449.8956295159983,
        2903.4145799015655,
        3477.465991928234,
        4149.391870252132,
        4860.252321745634,
        5664.998797094731,
        6768.6829608267935,
        8138.051177523335,
        9879.891565579126,
        11749.230047439845,
        14042.784021039777,
        16838.33297210961,
        20169.575636255067,
        24243.49761978201,
        28991.84865140289,
        34813.94170269823
    ],
    "avg_utilization1": [
        0.24104765359184496,
        0.28445693416940115,
        0.39454662064217816,
        0.35326514747661764,
        0.37446643286759584,
        0.4023775364343328,
        0.34778288359028586,
        0.3438105166745532,
        0.3248511973579909,
        0.32508624849712875,
        0.3213935972442533,
        0.32115441205626966,
        0.310569071926037,
        0.33706518209843,
        0.3347116148148152,
        0.3441123088670694,
        0.3561760028009209,
        0.3781562483434697,
        0.39585841605873645,
        0.39507043932402897,
        0.417127868830666,
        0.4075865120550842,
        0.4146942596199656,
        0.41221831062649195,
        0.41732132008022116,
        0.42143970376083373,
        0.43688609676034557,
        0.44043340162447414,
        0.4375959037002885,
        0.4297158585609413,
        0.4377810805066793,
        0.43569532172711284,
        0.4316828382495957,
        0.4285932744589101,
        0.4311172369481268,
        0.42872693442452703,
        0.4296100009478137
    ],
    "avg_utilization2": [
        0.20732064025974567,
        0.21356383803578674,
        0.3841929059010648,
        0.3744206099415523,
        0.36795196313881523,
        0.3357229258244893,
        0.3816078141022385,
        0.34391361538882703,
        0.38765680479878106,
        0.39547967932773587,
        0.41269933824787675,
        0.38325263223659656,
        0.38798220550939305,
        0.36708460398205855,
        0.3402941404146898,
        0.3797478557390069,
        0.4047318742897179,
        0.406630779030675,
        0.43347165846117713,
        0.4229425451705561,
        0.42054339402284996,
        0.416762353619132,
        0.422084426054201,
        0.41053009979778743,
        0.4098617275626355,
        0.4184177581678924,
        0.430653230130157,
        0.4275978542556494,
        0.42288840152293555,
        0.41592617019958916,
        0.42898371045219436,
        0.4278307257521313,
        0.4222765492771063,
        0.4238969347504297,
        0.42240402009392997,
        0.42276558451145096,
        0.4255375860352062
    ],
    "avg_utilization3": [],
    "avg_utilization4": [],
    "avg_utilization5": [],
    "avg_utilization6": [],
    "global": {
        "avg_wait": [
            2.404119174942079,
            2.486318719719848,
            3.998944873785768,
            4.207849413875391,
            4.794478322690796,
            4.588763944415935,
            4.310178227218561,
            3.9805343283191026,
            4.310578617357556,
            4.501343443418785,
            4.306015571799345,
            4.1746678124640315,
            4.063847703577301,
            4.194190957550021,
            4.103632480785096,
            4.45380178876439,
            4.660144136519482,
            4.798562609285098,
            5.473104882431615,
            5.372462653444907,
            5.439420502892213,
            5.467985419053674,
            5.463250030895217,
            5.382421199801283,
            5.35105782161074,
            5.4457821304209775,
            5.758932469310505,
            5.747908249914602,
            5.711735689644353,
            5.592123330957082,
            5.726190696077593,
            5.623659899058025,
            5.516719563825258,
            5.501727231043099,
            5.536434902344233,
            5.483850631231931,
            5.5242339347962295
        ],
        "avg_delay": [
            0.0,
            0.0,
            0.465115841771663,
            0.7369722665675859,
            1.124848195990677,
            0.9551492352687849,
            0.7904683326362361,
            0.6742229896014953,
            0.6475539492174006,
            0.5309942383582686,
            0.4989341882799535,
            0.41706272462296085,
            0.3443192261422119,
            0.28748983930320604,
            0.2508191096600432,
            0.36326756367979024,
            0.5388892700501307,
            0.6174127551340262,
            1.011089507919492,
            0.9738598580905082,
            1.0130759439910353,
            0.9161807177085619,
            0.8875484969244507,
            0.8950190676855934,
            0.852621893564012,
            0.9941444045622103,
            1.287040528212163,
            1.2978883047469862,
            1.2883906968304313,
            1.2000228921879934,
            1.2576435587380055,
            1.1912665546407402,
            1.1341372682344586,
            1.137414166492432,
            1.1571035661468794,
            1.1311016111612053,
            1.1489292407339038
        ],
        "avg_number": [
            0.44836829385159077,
            0.4759901648255852,
            0.7711284026358425,
            0.8821954675671995,
            0.9460901444229948,
            0.9313910668115934,
            0.8931997234116198,
            0.8279648332070024,
            0.8384660320490142,
            0.8088729906647408,
            0.8044245946757748,
            0.7825903323895892,
            0.7632166340058635,
            0.7555132614433465,
            0.713665637519188,
            0.7777610230291372,
            0.8604030803106361,
            0.9006732160223376,
            1.0172556791108354,
            0.9979953633092813,
            1.026785901773889,
            0.9865112317863097,
            0.9972817993056411,
            0.9844006788332275,
            0.983965179851983,
            1.026353386869836,
            1.11722297046525,
            1.1200836300820451,
            1.1110372003655398,
            1.0748541251692394,
            1.1107101098258285,
            1.0952749683310201,
            1.0749494572230773,
            1.0741823341539805,
            1.0790379888185342,
            1.0724888037652083,
            1.0796504461728447
        ]
    },