{
    "seed": 642091712,
    "arrival_stream": 0,
    "service_stream": 1,
    "observation_period": 600000.0,
    "interarrivals": 6,
    "batch_size": 2048,
    "k": 48,
    "servers": 1,
    "acquisition_time": [],
    "avg_utilization1": [
        0.7044909484601258,
        0.7864897635429795,
        0.7718398999974005,
        0.7532199807017618,
        0.7337402477507355,
        0.7395498553254692,
        0.7290084493293656,
        0.7268816352035703,
        0.7025046361670698,
        0.7376688183037788,
        0.7524172845831717,
        0.7699846285097783,
        0.714216772550406,
        0.7165311298130046,
        0.7495679494915429,
        0.6982445253846836,
        0.7279642909116341,
        0.6977106126244879,
        0.7573799903555134,
        0.7646520132923182,
        0.7919243618956249,
        0.7208550657303622,
        0.7580748576581535,
        0.7466151991442663,
        0.7360513882344932,
        0.728839499713215,
        0.7585753421662592,
        0.7369838852313538,
        0.7427347545164292,
        0.7044371540482166,
        0.7452995938398694,
        0.7112918958193397,
        0.7299786459048548,
        0.7353902655065702,
        0.7103406252216847,
        0.7246137322845213,
        0.7553278517954546,
        0.7611667107460857,
        0.7111332462401672,
        0.7261902069340821,
        0.7627190906657186,
        0.701363305727438,
        0.7364112398369723,
        0.7605065513869773,
        0.7720784435532546,
        0.7526160576174835,
        0.7625164703204582,
        0.7410692292025907
    ],
    "avg_utilization2": [],
    "avg_utilization3": [],
    "avg_utilization4": [],
    "avg_utilization5": [],
    "avg_utilization6": [],
    "avg_utilization7": [],
    "avg_utilization8": [],
    "avg_utilization9": [],
    "global": {
        "avg_wait": [
            12.56728226329854,
            17.661510860920053,
            19.43161889551686,
            12.744059055081017,
            13.365246881123326,
            15.416868056875543,
            15.321367726601274,
            13.489242089663293,
            12.09036748795016,
            13.989411100675134,
            17.90567844921707,
            16.369784956873232,
            11.947417284450779,
            14.01847336169051,
            15.335555384066211,
            12.610203911000497,
            14.88177688046271,
            12.617101506670636,
            16.16007797419492,
            15.384427671485426,
            18.685676141643256,
            13.128179329237781,
            14.415166976125562,
            13.954197981585878,
            15.573638596791398,
            14.434477391062188,
            17.16893774135832,
            13.929843947051666,
            13.515100545261873,
            12.0766553068608,
            15.51759879611268,
            12.872790469578263,
            13.942987151579814,
            13.620571344739432,
            12.14503251612399,
            14.537371394884104,
            15.7355188895732,
            17.006929047892612,
            11.842384806382569,
            12.225376537590677,
            14.400956576541489,
            12.508226146676435,
            12.511511835742056,
            17.275193792966604,
            16.450335149129103,
            18.782738268030926,
            14.362210319899589,
            14.620137097560416
        ],
        "avg_delay": [
            8.201787264256566,
            13.142346259639615,
            14.871768356624539,
            8.298915609817417,
            8.844357051621486,
            10.879162644982426,
            10.934150981676197,
            9.13243233085285,
            7.740458156969233,
            9.560053386495618,
            13.518887928336817,
            11.865483745134895,
            7.543986774828852,
            9.616104077731876,
            10.928003600433357,
            8.178874023114773,
            10.408892190160586,
            8.297408393253619,
            11.669133307380648,
            10.908247846820998,
            14.022301011903338,
            8.731821200474897,
            9.848269327895537,
            9.519254474621818,
            11.063693026554205,
            9.986140366075858,
            12.709206402307046,
            9.652565849254103,
            9.080085016580625,
            7.765848092606802,
            10.947709874799187,
            8.560458150542246,
            9.660644068313132,
            9.330685538975843,
            7.843223648947969,
            10.219493795928571,
            11.262860373900281,
            12.515177614150645,
            7.581227629030394,
            7.881859636108004,
            9.942260644499356,
            8.157939379077959,
            8.085679817661372,
            12.738085321185395,
            11.931719918665578,
            14.370049168387709,
            9.759466704089505,
            10.213274287884417
        ],
        "avg_number": [
            2.02752442180539,
            3.073346350636872,
            3.289454305894558,
            2.16008994949404,
            2.169179061566676,
            2.5126229021282334,
            2.5454394590762934,
            2.2503295143158675,
            1.952351861827877,
            2.33068224032064,
            3.07036715020937,
            2.7984904704378333,
            1.938197541063654,
            2.281651517219717,
            2.608033068660693,
            1.986738044269792,
            2.4223205717565106,
            2.037485894226874,
            2.7246742729356654,
            2.628308795735885,
            3.172154802771689,
            2.152840503746341,
            2.3933928318551723,
            2.348244949515,
            2.5434949950490138,
            2.3642504977428063,
            2.9203187497026737,
            2.4000174522484663,
            2.263543219446292,
            1.9731123066032585,
            2.5315818051802714,
            2.120926731406087,
            2.3793751565601835,
            2.3344048190317546,
            2.0040922257553295,
            2.441924409576161,
            2.657670848823548,
            2.881438072623092,
            1.9764628740827688,
            2.043723232493468,
            2.46064037949128,
            2.0194856656483644,
            2.08178211589461,
            2.89446704521872,
            2.8119638564000824,
            3.202986761555934,
            2.379713092291152,
            2.458559342018819
        ]
    },