{
    "seed": 845034748,
    "arrival_stream": 0,
    "service_stream": 1,
    "observation_period": 40000.0,
    "interarrivals": 5.0,
    "batch_size": 0,
    "k": 0,
    "servers": 2,
    "acquisition_time": [
        58.82278659701881,
        69.86880967148333,
        81.81721679348944,
        96.44718083703407,
        107.75344038373676,
        111.21546950765583,
        132.85019700678419,
        161.46212849689383,
        212.3211167817766,
        264.58735006874593,
        330.54023266828045,
        392.1410933550924,
        452.56598679665547,
        516.7313792013919,
        682.5922606379523,
        814.4819780998389,
        959.3173104751056,
        1210.8315097385148,
        1395.3693052224196,
        1716.5334855540261,
        2036.8794738556076,
        2368.3333850150484,
        2831.6146140978135,
        3295.618036201936,
        3960.527600471956,
        4681.636880141315,
        5560.137138934325,
        6598.056201664854,
        7924.609804936459,
        9454.304588554447,
        11398.210996746626,
        13656.903121752806,
        16503.86462875794,
        19696.077371733893,
        23881.367024485295,
        28679.077650552812,
        34666.67065098292
    ],
    "avg_utilization1": [
        0.5145965159572519,
        0.4689198653040783,
        0.490488365098673,
        0.5596097886934225,
        0.5875601061855983,
        0.5867970764288811,
        0.5387524403920204,
        0.5406664256369459,
        0.5156641938000714,
        0.4695940771670198,
        0.43440804172670777,
        0.4094361293646755,
        0.4368491639978989,
        0.46014301830932863,
        0.38541533156891505,
        0.39019292548184137,
        0.38844647991440556,
        0.3681442336721038,
        0.38769770049545665,
        0.38058240998311615,
        0.3964108506010539,
        0.40372863954825877,
        0.4140997386006851,
        0.42875177518412805,
        0.418790253412804,
        0.4291016285200015,
        0.43568736505434114,
        0.45533070316793856,
        0.44930626097113596,
        0.45400896357608606,
        0.4508846139343455,
        0.4443953634146431,
        0.4428485478305573,
        0.45178844045627287,
        0.44951869849337295,
        0.4423497763384698,
        0.43795149694078267
    ],
    "avg_utilization2": [
        0.4180217199258613,
        0.4881021859852574,
        0.4168208119192909,
        0.6282571720156486,
        0.5623359483072456,
        0.5802220183016829,
        0.5511024966621625,
        0.4975970251226838,
        0.4813720036451415,
        0.5018880700532226,
        0.45567021915926803,
        0.43255748199512767,
        0.45787575920878876,
        0.4706638024337175,
        0.4250167877227192,
        0.41577229545161276,
        0.4232442980048692,
        0.396910460144077,
        0.4141369333390585,
        0.39881783751686223,
        0.41253040081357434,
        0.4283128060467487,
        0.4250211636148682,
        0.4294737791801167,
        0.42313885226377734,
        0.43392232513383044,
        0.4406370721771642,
        0.45339593372070514,
        0.44773559315294753,
        0.4509061797758384,
        0.44801979619656257,
        0.44774497532321195,
        0.44471310744237336,
        0.4492878678087602,
        0.4435931938512328,
        0.4486966426324774,
        0.4463395718960982
    ],
    "avg_utilization3": [],
    "avg_utilization4": [],
    "avg_utilization5": [],
    "avg_utilization6": [],
    "global": {
        "avg_wait": [
            6.194978254638512,
            5.9046571130228065,
            5.999049761435787,
            7.414280632234319,
            9.608971724473125,
            8.547751452331644,
            7.67450485707418,
            7.2180418958490105,
            7.012848072420103,
            6.872481707009431,
            6.436949177099776,
            5.912509618565831,
            6.865439152176196,
            6.618357618449647,
            6.199775619912354,
            6.033171339029519,
            5.955378577693111,
            5.8520454976259675,
            5.841284007630379,
            5.711411752036165,
            5.699647114532525,
            5.677215660475887,
            5.71491747450347,
            5.674305171491063,
            5.482675893317468,
            5.472649953435393,
            5.736205350699223,
            5.950507770375791,
            5.935451747302999,
            5.935842850159369,
            5.874681795849283,
            5.73152189721968,
            5.733849768598892,
            5.8706275496694715,
            5.804810900011752,
            5.728247668111284,
            5.698136642366024
        ],
        "avg_delay": [
            0.9753185025299793,
            0.8127654187749828,
            0.6966560732356994,
            1.6592065289384814,
            3.586532782001395,
            3.240549906611945,
            2.681834405471955,
            2.2874469929025496,
            2.1117609360578586,
            1.7316439675674442,
            1.5099230686269531,
            1.2620829234019437,
            2.1616203012290427,
            1.98360045030975,
            1.7122968064621833,
            1.627227413156596,
            1.6410894976586576,
            1.507346166941109,
            1.47075496107983,
            1.353540014307145,
            1.2221584445283806,
            1.218954272876706,
            1.2317721731666764,
            1.2316609521807365,
            1.1124485529861883,
            1.062295326489333,
            1.3052842035557488,
            1.4047690121186553,
            1.445083953233997,
            1.4339607934688614,
            1.37889323394575,
            1.2773039182908632,
            1.2692970687205725,
            1.3638554101508416,
            1.2907933560934293,
            1.2217989196238728,
            1.1946302649344913
        ],
        "avg_number": [
            1.0531596024307488,
            1.0141275583401446,
            1.0265161777879521,
            1.3068580092657842,
            1.7835108912074067,
            1.844581835280007,
            1.6752752037227754,
            1.5199441921365948,
            1.3542071336443842,
            1.298716984244296,
            1.1489675504343877,
            1.0705029134451016,
            1.3046224955311119,
            1.319236381103595,
            1.1171711799611053,
            1.0962911177721804,
            1.0988043233887155,
            1.0294460302437256,
            1.0716651859523438,
            1.0214792910428871,
            1.029746808817151,
            1.0595338214659324,
            1.0696746112294964,
            1.0950474385761575,
            1.0562435434366695,
            1.0707680851137487,
            1.1338011136946005,
            1.1895503022761826,
            1.1856508203252771,
            1.192278656443852,
            1.174605367154718,
            1.1478233571070329,
            1.1399003514602137,
            1.173763224741191,
            1.1484992242878804,
            1.1325037950641665,
            1.1183687670785647
        ]
    },