{
    "seed": 758946080,
    "arrival_stream": 0,
    "service_stream": 1,
    "observation_period": 20000.0,
    "interarrivals": 2,
    "batch_size": 512,
    "k": 305,
    "servers": 3,
    "acquisition_time": [],
    "avg_utilization1": [
        0.830863497116163,
        0.8127854452291093,
        0.8402599353204396,
        0.8509443087493956,
        0.8240959132080036,
        0.8478545530425963,
        0.8923658921096796,
        0.8164758805016401,
        0.814829953910104,
        0.8205387342301925,
        0.805381843408016,
        0.8177836715136594,
        0.8738067799681777,
        0.8821055716022561,
        0.8922339416733385,
        0.8718418087623298,
        0.8338589883031392,
        0.8548296172796364,
        0.8456855884538093
    ],
    "avg_utilization2": [
        0.6901089736112369,
        0.6588597496731526,
        0.6949782383152431,
        0.7608875917938704,
        0.7128144630059429,
        0.7899569345390005,
        0.775166166879796,
        0.6903819061268838,
        0.7338595587778785,
        0.7398158021260741,
        0.7040794395951231,
        0.716314329686279,
        0.7729459499140964,
        0.7820043525453999,
        0.8246631938855428,
        0.719487169650643,
        0.7594340018721364,
        0.7934956141774083,
        0.7511160397241073
    ],
    "avg_utilization3": [
        0.5573585211221607,
        0.5204266100744225,
        0.5425010025600847,
        0.6476440587862504,
        0.5811691979633331,
        0.6315151802360468,
        0.6883760180154915,
        0.5784399277937692,
        0.6150502417764737,
        0.6426161835266271,
        0.5178223040431765,
        0.6081952118727874,
        0.5899866392430617,
        0.6319917558785774,
        0.6455729671440729,
        0.6196714677787741,
        0.5743560116898956,
        0.6602326024570214,
        0.5950388633678192
    ],
    "avg_utilization4": [],
    "avg_utilization5": [],
    "avg_utilization6": [],
    "avg_utilization7": [],
    "avg_utilization8": [],
    "avg_utilization9": [],
    "global": {
        "avg_wait": [
            6.324850403247648,
            6.1694003598913625,
            6.170069497408124,
            7.450987703429638,
            6.052317152532876,
            7.417166220639562,
            7.739197060823425,
            6.1934478454159585,
            6.902735084716404,
            8.072279283193048,
            6.23726002251021,
            6.535282085960187,
            7.4738793134582195,
            7.692177850159457,
            8.510966056885852,
            7.708974254067236,
            6.780647730128045,
            7.756688742920865,
            7.741893501926086
        ],
        "avg_delay": [
            1.922279831064543,
            1.815633525363235,
            1.7395205693524645,
            3.0196124492123597,
            1.7226577117621016,
            2.5662249432920494,
            3.063579173873892,
            1.7611020342117822,
            2.427122773288561,
            3.6858550092656936,
            1.8117608662901101,
            2.1213595401161505,
            2.935892202791711,
            3.0646050452530473,
            3.6305509366556663,
            3.0607848982931145,
            2.318921002971654,
            3.306885444814577,
            3.165195756535945
        ],
        "avg_number": [
            3.021231851339064,
            1.45569786557333,
            0.9705429491080676,
            0.9005278178561609,
            0.5877408936089894,
            0.5981879950733612,
            0.5387962220355785,
            0.3766313683046611,
            0.37337688602460084,
            0.3941866884557092,
            0.2757420539297289,
            0.26503240189779104,
            0.28030292336346935,
            0.26839266413281887,
            0.277242861589221,
            0.23518500190256028,
            0.19487077326814847,
            0.21126724879678466,
            0.19970822287285933
        ]
    },
    "c1": {
        "avg_wait": [
            7.056723666672894,
            6.961944674289799,
            6.931983439451042,
            8.457327502338677,
            6.98757016597735,
            7.977180785869103,
            7.969533211416299,
            6.91012667704209,
            7.592358713673093,
            7.879529918967819,
            6.921764965837128,
            7.2214661119341015,
            7.744511199834402,
            8.37150294309042,
            9.580569975856193,
            8.657755753574925,
            7.613843591772087,
            8.613449126767962,
            8.794698461223982
        ],
        "avg_delay": [
            2.5408649045641485,
            2.472245690561489,
            2.441826905560354,
            3.9451891743869476,
            2.5405961803999966,
            3.247170495539564,
            3.4470255224272237,
            2.572809508325144,
            3.23770053658546,
            3.8280119915524957,
            2.390646029671968,
            2.807406467832741,
            3.304717149126947,
            3.6451317789402946,
            4.569442289758724,
            3.947362081149512,
            3.0532050371987998,
            4.105512700863044,
            4.01156649899918
        ],
        "avg_number": [
            0.46462383127099505,
            0.22786622312498755,
            0.15078761575874652,
            0.17414971362128245,
            0.09251904467342983,
            0.09871703927329765,
            0.09280435678427512,
            0.06142112005159626,
            0.06670026367713894,
            0.0752101273509908,
            0.04045857145082128,
            0.042916794696940236,
            0.048898692769713016,
            0.04744582079170485,
            0.054073900093332676,
            0.045865342688281636,
            0.03273368528239981,
            0.040622457729575075,
            0.03759289167651129
        ]
    },
    "c2": {
        "avg_wait": [
            6.4540978300141845,
            5.597233387724975,
            6.056560531802905,
            7.5884687239526665,
            5.753707792972465,
            7.309530309516209,
            8.130555480779897,
            5.453765207759224,
            6.736758750945217,
            7.725411957383409,
            5.987618946210946,
            6.075258238886335,
            8.311359289747305,
            7.632699948007834,
            8.802170334183264,
            6.970960707681844,
            6.550327480965832,
            7.214864023910235,
            7.498922017111522
        ],
        "avg_delay": [
            2.0511396828329747,
            1.622157182667724,
            1.6187573425770592,
            3.171376216780352,
            1.547107248739116,
            2.46944888273281,
            3.4578942429183,
            1.411850294443364,
            2.3048289108897246,
            3.4201586861337216,
            1.7822283677354513,
            1.9599622719081642,
            3.3344850226521543,
            3.0012334199305495,
            3.7229116725727556,
            2.7495106465150094,
            2.2054373762425485,
            2.9930195241046778,
            3.0522302383069064
        ],
        "avg_number": [
            0.32149065558557666,
            0.13605755166894806,
            0.083052548707588,
            0.1280139212009248,
            0.05135145338635037,
            0.06846087236062155,
            0.07852118651246491,
            0.03068695388995013,
            0.04188161324511441,
            0.05741095068618735,
            0.028315248064417445,
            0.028099006182000355,
            0.03908052049347258,
            0.03517868360974535,
            0.040266437443207195,
            0.02965357418868067,
            0.02240675009320245,
            0.029137111157280876,
            0.027526380875786533
        ]
    },