{
    "interarrival": 2.5,
    "servers": 3,
    "seed": 123456789,
    "GLOBAL AVG WAIT": {
        "mean": 5.948777533126852,
        "half_confidence_interval": 0.06156431670829586,
        "stdev": 0.2404615989864364,
        "confidence": 95
    },
    "GLOBAL AVG DELAY": {
        "mean": 1.5009114093201972,
        "half_confidence_interval": 0.05198271242426121,
        "stdev": 0.20303719455568287,
        "confidence": 95
    },
    "GLOBAL AVG NUMBER": {
        "mean": 2.3818364943474974,
        "half_confidence_interval": 0.03165835589403275,
        "stdev": 0.12365310437263377,
        "confidence": 95
    },
    "QUEUE1 AVG WAIT": {
        "mean": 5.869018798349855,
        "half_confidence_interval": 0.07957417642724991,
        "stdev": 0.31080558876968595,
        "confidence": 95
    },
    "QUEUE1 AVG DELAY": {
        "mean": 1.4199325876364053,
        "half_confidence_interval": 0.05655818194064912,
        "stdev": 0.22090833769266302,
        "confidence": 95
    },
    "QUEUE1 AVG NUMBER": {
        "mean": 0.18524615943886652,
        "half_confidence_interval": 0.007687685533140635,
        "stdev": 0.030027023032886055,
        "confidence": 95
    },
    "QUEUE2 AVG WAIT": {
        "mean": 6.083285246028331,
        "half_confidence_interval": 0.07083700890167374,
        "stdev": 0.2766794360541909,
        "confidence": 95
    },
    "QUEUE2 AVG DELAY": {
        "mean": 1.626283014968231,
        "half_confidence_interval": 0.05420287542898369,
        "stdev": 0.21170884031853043,
        "confidence": 95
    },
    "QUEUE2 AVG NUMBER": {
        "mean": 0.22751254492299,
        "half_confidence_interval": 0.00798194622411354,
        "stdev": 0.03117636408064699,
        "confidence": 95
    },
    "QUEUE3 AVG WAIT": {
        "mean": 5.891247017174929,
        "half_confidence_interval": 0.07025953462281546,
        "stdev": 0.27442390239618325,
        "confidence": 95
    },
    "QUEUE3 AVG DELAY": {
        "mean": 1.4497425684398193,
        "half_confidence_interval": 0.055757212242532425,
        "stdev": 0.2177798622275423,
        "confidence": 95
    },
    "QUEUE3 AVG NUMBER": {
        "mean": 0.18883811879721096,
        "half_confidence_interval": 0.00797365785480527,
        "stdev": 0.03114399087091415,
        "confidence": 95
    },
    "QUEUE4 AVG WAIT": {
        "mean": 0.0,
        "half_confidence_interval": 0.0,
        "stdev": 0.0,
        "confidence": 95
    },
    "QUEUE4 AVG DELAY": {
        "mean": 0.0,
        "half_confidence_interval": 0.0,
        "stdev": 0.0,
        "confidence": 95
    },
    "QUEUE4 AVG NUMBER": {
        "mean": 0.0,
        "half_confidence_interval": 0.0,
        "stdev": 0.0,
        "confidence": 95
    },
    "QUEUE5 AVG WAIT": {
        "mean": 0.0,
        "half_confidence_interval": 0.0,
        "stdev": 0.0,
        "confidence": 95
    },
    "QUEUE5 AVG DELAY": {
        "mean": 0.0,
        "half_confidence_interval": 0.0,
        "stdev": 0.0,
        "confidence": 95
    },
    "QUEUE5 AVG NUMBER": {
        "mean": 0.0,
        "half_confidence_interval": 0.0,
        "stdev": 0.0,
        "confidence": 95
    },
    "QUEUE6 AVG WAIT": {
        "mean": 0.0,
        "half_confidence_interval": 0.0,
        "stdev": 0.0,
        "confidence": 95
    },
    "QUEUE6 AVG DELAY": {
        "mean": 0.0,
        "half_confidence_interval": 0.0,
        "stdev": 0.0,
        "confidence": 95
    },
    "QUEUE6 AVG NUMBER": {
        "mean": 0.0,
        "half_confidence_interval": 0.0,
        "stdev": 0.0,
        "confidence": 95
    },
    "UTILIZATION1": {
        "mean": 0.5798548393105994,
        "half_confidence_interval": 0.00457839293983429,
        "stdev": 0.017882561619536556,
        "confidence": 95
    },
    "UTILIZATION2": {
        "mean": 0.6229905443187991,
        "half_confidence_interval": 0.003904135062089703,
        "stdev": 0.015249004778812018,
        "confidence": 95
    },
    "UTILIZATION3": {
        "mean": 0.5773993278734977,
        "half_confidence_interval": 0.00461727861309164,
        "stdev": 0.018034443613345257,
        "confidence": 95
    },
    "UTILIZATION4": {
        "mean": 0.0,
        "half_confidence_interval": 0.0,
        "stdev": 0.0,
        "confidence": 95
    },
    "UTILIZATION5": {
        "mean": 0.0,
        "half_confidence_interval": 0.0,
        "stdev": 0.0,
        "confidence": 95
    },
    "UTILIZATION6": {
        "mean": 0.0,
        "half_confidence_interval": 0.0,
        "stdev": 0.0,
        "confidence": 95
    }
}