{
    "interarrival": 2,
    "servers": 3,
    "seed": 1984484221,
    "GLOBAL AVG WAIT": {
        "mean": 15.08072454864923,
        "half_confidence_interval": 0.7004861279540991,
        "stdev": 2.736000712779172,
        "confidence": 95
    },
    "GLOBAL AVG DELAY": {
        "mean": 10.648002837360593,
        "half_confidence_interval": 0.6845956515528832,
        "stdev": 2.6739347374155935,
        "confidence": 95
    },
    "GLOBAL AVG NUMBER": {
        "mean": 0.47905333531884536,
        "half_confidence_interval": 0.17782724618218435,
        "stdev": 0.6945683189002352,
        "confidence": 95
    },
    "QUEUE1 AVG WAIT": {
        "mean": 0.0,
        "half_confidence_interval": 0.0,
        "stdev": 0.0,
        "confidence": 95
    },
    "QUEUE1 AVG DELAY": {
        "mean": 0.0,
        "half_confidence_interval": 0.0,
        "stdev": 0.0,
        "confidence": 95
    },
    "QUEUE1 AVG NUMBER": {
        "mean": 0.0,
        "half_confidence_interval": 0.0,
        "stdev": 0.0,
        "confidence": 95
    },
    "QUEUE2 AVG WAIT": {
        "mean": 0.0,
        "half_confidence_interval": 0.0,
        "stdev": 0.0,
        "confidence": 95
    },
    "QUEUE2 AVG DELAY": {
        "mean": 0.0,
        "half_confidence_interval": 0.0,
        "stdev": 0.0,
        "confidence": 95
    },
    "QUEUE2 AVG NUMBER": {
        "mean": 0.0,
        "half_confidence_interval": 0.0,
        "stdev": 0.0,
        "confidence": 95
    },
    "QUEUE3 AVG WAIT": {
        "mean": 0.0,
        "half_confidence_interval": 0.0,
        "stdev": 0.0,
        "confidence": 95
    },
    "QUEUE3 AVG DELAY": {
        "mean": 0.0,
        "half_confidence_interval": 0.0,
        "stdev": 0.0,
        "confidence": 95
    },
    "QUEUE3 AVG NUMBER": {
        "mean": 0.0,
        "half_confidence_interval": 0.0,
        "stdev": 0.0,
        "confidence": 95
    },
    "UTILIZATION1": {
        "mean": 0.7346193945097881,
        "half_confidence_interval": 0.014891323990402218,
        "stdev": 0.058163425978131296,
        "confidence": 95
    },
    "UTILIZATION2": {
        "mean": 0.7392559904796311,
        "half_confidence_interval": 0.012483166653410547,
        "stdev": 0.04875750068202701,
        "confidence": 95
    },
    "UTILIZATION3": {
        "mean": 0.7587439472329099,
        "half_confidence_interval": 0.014101507868871436,
        "stdev": 0.05507851482109793,
        "confidence": 95
    },
    "UTILIZATION4": {
        "mean": 0.0,
        "half_confidence_interval": 0.0,
        "stdev": 0.0,
        "confidence": 95
    },
    "UTILIZATION5": {
        "mean": 0.0,
        "half_confidence_interval": 0.0,
        "stdev": 0.0,
        "confidence": 95
    },
    "UTILIZATION6": {
        "mean": 0.0,
        "half_confidence_interval": 0.0,
        "stdev": 0.0,
        "confidence": 95
    }
}