{
    "interarrival": 2.5,
    "servers": 2,
    "seed": 620949217,
    "GLOBAL AVG WAIT": {
        "mean": 12.344834338532122,
        "half_confidence_interval": 0.6424160656981777,
        "stdev": 2.5091871823137364,
        "confidence": 95
    },
    "GLOBAL AVG DELAY": {
        "mean": 7.90821612070746,
        "half_confidence_interval": 0.6314706669306686,
        "stdev": 2.4664359876298074,
        "confidence": 95
    },
    "GLOBAL AVG NUMBER": {
        "mean": 4.942219112987097,
        "half_confidence_interval": 0.26429177756661815,
        "stdev": 1.0322866691391843,
        "confidence": 95
    },
    "QUEUE1 AVG WAIT": {
        "mean": 3.0656130114375864,
        "half_confidence_interval": 0.0352023702823509,
        "stdev": 0.13749552823455707,
        "confidence": 95
    },
    "QUEUE1 AVG DELAY": {
        "mean": 1.8367037370604629,
        "half_confidence_interval": 0.03482461694260328,
        "stdev": 0.13602007659381893,
        "confidence": 95
    },
    "QUEUE1 AVG NUMBER": {
        "mean": 0.1474248014963071,
        "half_confidence_interval": 0.0032959095585266937,
        "stdev": 0.012873361143813569,
        "confidence": 95
    },
    "QUEUE2 AVG WAIT": {
        "mean": 5.419128143883284,
        "half_confidence_interval": 0.0590312833604634,
        "stdev": 0.23056792548086033,
        "confidence": 95
    },
    "QUEUE2 AVG DELAY": {
        "mean": 2.7577111173159627,
        "half_confidence_interval": 0.0571293052055888,
        "stdev": 0.22313906517976342,
        "confidence": 95
    },
    "QUEUE2 AVG NUMBER": {
        "mean": 0.4891602580831779,
        "half_confidence_interval": 0.011892103046546317,
        "stdev": 0.04644888901201214,
        "confidence": 95
    },
    "QUEUE3 AVG WAIT": {
        "mean": 26.130396352422476,
        "half_confidence_interval": 1.6586650593158727,
        "stdev": 6.478513425818341,
        "confidence": 95
    },
    "QUEUE3 AVG DELAY": {
        "mean": 17.67622779766836,
        "half_confidence_interval": 1.649243336781101,
        "stdev": 6.441713497108785,
        "confidence": 95
    },
    "QUEUE3 AVG NUMBER": {
        "mean": 2.531512378644967,
        "half_confidence_interval": 0.24878874142990856,
        "stdev": 0.9717339811877993,
        "confidence": 95
    },
    "QUEUE4 AVG WAIT": {
        "mean": 0.0,
        "half_confidence_interval": 0.0,
        "stdev": 0.0,
        "confidence": 95
    },
    "QUEUE4 AVG DELAY": {
        "mean": 0.0,
        "half_confidence_interval": 0.0,
        "stdev": 0.0,
        "confidence": 95
    },
    "QUEUE4 AVG NUMBER": {
        "mean": 0.0,
        "half_confidence_interval": 0.0,
        "stdev": 0.0,
        "confidence": 95
    },
    "QUEUE5 AVG WAIT": {
        "mean": 0.0,
        "half_confidence_interval": 0.0,
        "stdev": 0.0,
        "confidence": 95
    },
    "QUEUE5 AVG DELAY": {
        "mean": 0.0,
        "half_confidence_interval": 0.0,
        "stdev": 0.0,
        "confidence": 95
    },
    "QUEUE5 AVG NUMBER": {
        "mean": 0.0,
        "half_confidence_interval": 0.0,
        "stdev": 0.0,
        "confidence": 95
    },
    "QUEUE6 AVG WAIT": {
        "mean": 0.0,
        "half_confidence_interval": 0.0,
        "stdev": 0.0,
        "confidence": 95
    },
    "QUEUE6 AVG DELAY": {
        "mean": 0.0,
        "half_confidence_interval": 0.0,
        "stdev": 0.0,
        "confidence": 95
    },
    "QUEUE6 AVG NUMBER": {
        "mean": 0.0,
        "half_confidence_interval": 0.0,
        "stdev": 0.0,
        "confidence": 95
    },
    "UTILIZATION1": {
        "mean": 0.886745572558045,
        "half_confidence_interval": 0.005782869757166139,
        "stdev": 0.022587079381181464,
        "confidence": 95
    },
    "UTILIZATION2": {
        "mean": 0.8873995523447754,
        "half_confidence_interval": 0.005629890245198521,
        "stdev": 0.021989562832200726,
        "confidence": 95
    },
    "UTILIZATION3": {
        "mean": 0.0,
        "half_confidence_interval": 0.0,
        "stdev": 0.0,
        "confidence": 95
    },
    "UTILIZATION4": {
        "mean": 0.0,
        "half_confidence_interval": 0.0,
        "stdev": 0.0,
        "confidence": 95
    },
    "UTILIZATION5": {
        "mean": 0.0,
        "half_confidence_interval": 0.0,
        "stdev": 0.0,
        "confidence": 95
    },
    "UTILIZATION6": {
        "mean": 0.0,
        "half_confidence_interval": 0.0,
        "stdev": 0.0,
        "confidence": 95
    }
}