{
    "seed": 75793176,
    "arrival_stream": 0,
    "service_stream": 1,
    "observation_period": 40000.0,
    "interarrivals": 5.0,
    "batch_size": 0,
    "k": 0,
    "servers": 2,
    "acquisition_time": [
        58.81583130872283,
        61.38416969186733,
        77.98066248992143,
        111.31489585529202,
        128.45707197151438,
        132.98827246163336,
        175.38255383248182,
        189.11876395982898,
        227.5535850407275,
        279.93443083064335,
        317.56958555778175,
        374.9004995904164,
        465.4833859126492,
        528.7317997067289,
        631.8467546743598,
        779.6020136625366,
        926.1714144635943,
        1082.7386672487185,
        1248.3690255835775,
        1486.0133988207153,
        1700.7353797785033,
        2141.9070877451327,
        2574.0856357315397,
        3032.6459600399035,
        3655.2722031517483,
        4360.621943728862,
        5286.678083135907,
        6317.2954508834755,
        7636.580679682209,
        9133.087533794613,
        11090.024603019881,
        13320.36415747795,
        16158.125035802785,
        19438.818422576933,
        23191.253970274127,
        27743.800739043516,
        33280.67986612285
    ],
    "avg_utilization1": [
        0.5237152255127469,
        0.5018027695444816,
        0.4225082784615673,
        0.3170497373940734,
        0.31308398848131824,
        0.3471968503369439,
        0.3148389201554047,
        0.34350826905543685,
        0.38656454010014285,
        0.3821118744007062,
        0.4168038215617347,
        0.3784844321486718,
        0.3958729894151696,
        0.37851698209805296,
        0.37296687994890326,
        0.3726841384022122,
        0.37870092160993274,
        0.3969167741491175,
        0.44065962151774024,
        0.42265079585042487,
        0.4388759729053309,
        0.43470506573661716,
        0.44997441511958364,
        0.4526073773131719,
        0.4461287603812293,
        0.4582005606908031,
        0.44905456805354,
        0.44813619830445,
        0.4486960879438611,
        0.4529940129224276,
        0.44771011538704164,
        0.4472382039559695,
        0.44947846582841605,
        0.44392022105319795,
        0.44681158161800416,
        0.45085383745502544,
        0.45298472834387576
    ],
    "avg_utilization2": [
        0.5978403506726477,
        0.5728264696128774,
        0.46850492277193556,
        0.40648800937009677,
        0.3859914571950572,
        0.38811792314841415,
        0.3504393754600447,
        0.35039344715811,
        0.3779394226929296,
        0.3776230713149933,
        0.3801857577709616,
        0.3884602280404079,
        0.3840895006208466,
        0.4001200815515248,
        0.3947622650400414,
        0.39130185611421536,
        0.4059889332875942,
        0.42001940597329557,
        0.4360747401410345,
        0.42595111001418656,
        0.4431403865660352,
        0.4395145537784909,
        0.4640042663390669,
        0.4713179196870988,
        0.4630659555637139,
        0.4735790562848118,
        0.46211897696494725,
        0.4706271993344933,
        0.47033993985601874,
        0.46902540532743264,
        0.45671966691556654,
        0.4566338710850558,
        0.4523188154677798,
        0.44545865070353535,
        0.4481268411153201,
        0.4494399809691135,
        0.45121497808795485
    ],
    "avg_utilization3": [],
    "avg_utilization4": [],
    "avg_utilization5": [],
    "avg_utilization6": [],
    "global": {
        "avg_wait": [
            11.734573320983552,
            10.139816045810294,
            8.942454906921439,
            7.781532767155063,
            7.282520057080163,
            6.324577612751174,
            5.912518690012128,
            5.591841621981139,
            5.93090210481582,
            5.557986344279545,
            5.435260768184227,
            5.308758167775225,
            5.152696463233454,
            4.982707033464157,
            4.755488473119437,
            4.864786604623577,
            4.917991712626386,
            5.144819605162819,
            5.447914573766476,
            5.149043692902053,
            5.131195766555124,
            5.2490696113763615,
            5.560582744341029,
            5.719173239085904,
            5.68400532980865,
            5.763587259724269,
            5.623980021762515,
            5.680046041929688,
            5.70560111676397,
            5.721966509729842,
            5.609248918490723,
            5.569050727111019,
            5.635806263047066,
            5.568614865204123,
            5.58047220175358,
            5.626396119844376,
            5.6297451697168235
        ],
        "avg_delay": [
            5.571256897744592,
            4.642714081453827,
            3.979469212674709,
            3.2772099398497603,
            2.897644321428359,
            2.414703601190299,
            1.9983753940885236,
            1.7321405961014322,
            1.687838263074195,
            1.4207013770326078,
            1.239453658888384,
            1.2590689246331381,
            1.0735445751451624,
            1.003772791182342,
            0.8681928520879276,
            0.8404283631709923,
            0.8120181938372608,
            0.9921041549609364,
            1.1971674403852417,
            1.0414417307534918,
            1.077140136589509,
            1.0201210297495795,
            1.1268230727821504,
            1.3241039625536557,
            1.3283642125792887,
            1.3278463814457195,
            1.2408306037620602,
            1.279667093982188,
            1.272910136740889,
            1.2926414579572783,
            1.2118860043816833,
            1.167659290461022,
            1.1952794933102133,
            1.1784486902535427,
            1.1882425690554066,
            1.2232313772203471,
            1.2073756666469557
        ],
        "avg_number": [
            1.9951385638654107,
            1.982234070453581,
            1.6054540279531586,
            1.188394922577175,
            1.1338449406187736,
            1.14137780645146,
            0.9776516435843792,
            1.0053080464704336,
            1.0686141739051336,
            0.9927300346347988,
            1.0097956476519117,
            1.0053916447799693,
            0.9519821958183345,
            0.970660029775918,
            0.9257388407338557,
            0.9235332963056558,
            0.9398741091993474,
            1.012106253380855,
            1.1171905921265954,
            1.0637565011024814,
            1.110272688240429,
            1.0831883331927334,
            1.1449148441649242,
            1.1994127332986715,
            1.186476909408969,
            1.2107093891732477,
            1.1691186689866986,
            1.1859474972406907,
            1.182723910960268,
            1.1897416248087094,
            1.1527006244656426,
            1.14346376409671,
            1.1443827986282649,
            1.1281141097395342,
            1.1369687549919922,
            1.1498664620461603,
            1.1509616476839033
        ]
    },