{
    "interarrival": 1.0,
    "servers": 5,
    "seed": 1568847612,
    "GLOBAL AVG WAIT": {
        "mean": 9.787159021218752,
        "half_confidence_interval": 0.4051428487452049,
        "stdev": 1.5824312269848402,
        "confidence": 95
    },
    "GLOBAL AVG DELAY": {
        "mean": 5.3528620226803225,
        "half_confidence_interval": 0.39800249589312586,
        "stdev": 1.5545420087502955,
        "confidence": 95
    },
    "GLOBAL AVG NUMBER": {
        "mean": 9.816190158965917,
        "half_confidence_interval": 0.42671513102696584,
        "stdev": 1.6666895403815032,
        "confidence": 95
    },
    "QUEUE1 AVG WAIT": {
        "mean": 9.575087350541684,
        "half_confidence_interval": 0.4254840822794765,
        "stdev": 1.6618812363820592,
        "confidence": 95
    },
    "QUEUE1 AVG DELAY": {
        "mean": 5.1474509852967705,
        "half_confidence_interval": 0.40795074114761154,
        "stdev": 1.5933984614636008,
        "confidence": 95
    },
    "QUEUE1 AVG NUMBER": {
        "mean": 1.0207259624509555,
        "half_confidence_interval": 0.08176546930156464,
        "stdev": 0.3193644718464196,
        "confidence": 95
    },
    "QUEUE2 AVG WAIT": {
        "mean": 9.945680869357009,
        "half_confidence_interval": 0.4525293177174143,
        "stdev": 1.7675161383202271,
        "confidence": 95
    },
    "QUEUE2 AVG DELAY": {
        "mean": 5.508890800101674,
        "half_confidence_interval": 0.4297612652938909,
        "stdev": 1.6785873142173244,
        "confidence": 95
    },
    "QUEUE2 AVG NUMBER": {
        "mean": 1.1100617781227808,
        "half_confidence_interval": 0.08363797306106137,
        "stdev": 0.3266782092870566,
        "confidence": 95
    },
    "QUEUE3 AVG WAIT": {
        "mean": 9.973414183029886,
        "half_confidence_interval": 0.4065424437469477,
        "stdev": 1.587897849048513,
        "confidence": 95
    },
    "QUEUE3 AVG DELAY": {
        "mean": 5.5246987573481325,
        "half_confidence_interval": 0.39557686037067075,
        "stdev": 1.545067816109589,
        "confidence": 95
    },
    "QUEUE3 AVG NUMBER": {
        "mean": 1.1183031737088593,
        "half_confidence_interval": 0.08265289986184199,
        "stdev": 0.32283065133030503,
        "confidence": 95
    },
    "QUEUE4 AVG WAIT": {
        "mean": 9.960612272739478,
        "half_confidence_interval": 0.417084085948014,
        "stdev": 1.6290720271299812,
        "confidence": 95
    },
    "QUEUE4 AVG DELAY": {
        "mean": 5.500343563838524,
        "half_confidence_interval": 0.40403732108799406,
        "stdev": 1.5781131907848083,
        "confidence": 95
    },
    "QUEUE4 AVG NUMBER": {
        "mean": 1.1058958099944198,
        "half_confidence_interval": 0.08329130611512844,
        "stdev": 0.3253241767469124,
        "confidence": 95
    },
    "QUEUE5 AVG WAIT": {
        "mean": 9.525775796731592,
        "half_confidence_interval": 0.38001503374503376,
        "stdev": 1.4842855007420552,
        "confidence": 95
    },
    "QUEUE5 AVG DELAY": {
        "mean": 5.107226274954656,
        "half_confidence_interval": 0.37794755285322273,
        "stdev": 1.4762102099291257,
        "confidence": 95
    },
    "QUEUE5 AVG NUMBER": {
        "mean": 1.0187694216175684,
        "half_confidence_interval": 0.08027549254360392,
        "stdev": 0.3135448313009153,
        "confidence": 95
    },
    "QUEUE6 AVG WAIT": {
        "mean": 0.0,
        "half_confidence_interval": 0.0,
        "stdev": 0.0,
        "confidence": 95
    },
    "QUEUE6 AVG DELAY": {
        "mean": 0.0,
        "half_confidence_interval": 0.0,
        "stdev": 0.0,
        "confidence": 95
    },
    "QUEUE6 AVG NUMBER": {
        "mean": 0.0,
        "half_confidence_interval": 0.0,
        "stdev": 0.0,
        "confidence": 95
    },
    "UTILIZATION1": {
        "mean": 0.8764722927122871,
        "half_confidence_interval": 0.006127971237498905,
        "stdev": 0.023934997431934734,
        "confidence": 95
    },
    "UTILIZATION2": {
        "mean": 0.8950947121035545,
        "half_confidence_interval": 0.0055965677175392956,
        "stdev": 0.021859409705980333,
        "confidence": 95
    },
    "UTILIZATION3": {
        "mean": 0.8987157291343102,
        "half_confidence_interval": 0.005232292144876595,
        "stdev": 0.02043660033591598,
        "confidence": 95
    },
    "UTILIZATION4": {
        "mean": 0.8954307715038707,
        "half_confidence_interval": 0.00589608854395605,
        "stdev": 0.023029296106103516,
        "confidence": 95
    },
    "UTILIZATION5": {
        "mean": 0.8767525489436669,
        "half_confidence_interval": 0.005905032705884408,
        "stdev": 0.02306423074996673,
        "confidence": 95
    },
    "UTILIZATION6": {
        "mean": 0.0,
        "half_confidence_interval": 0.0,
        "stdev": 0.0,
        "confidence": 95
    }
}