{
    "seed": 1076854312,
    "arrival_stream": 0,
    "service_stream": 1,
    "observation_period": 40000.0,
    "interarrivals": 5.0,
    "batch_size": 0,
    "k": 0,
    "servers": 2,
    "acquisition_time": [
        68.5540230646161,
        73.13860212634621,
        81.488407939134,
        103.7301060930227,
        133.9455435291767,
        146.56833247407815,
        157.35022219988954,
        169.6755701454681,
        222.2400361849873,
        253.90946273129293,
        281.191875464917,
        372.85188720722954,
        490.71234680594335,
        567.5801388299116,
        678.7468475322394,
        798.5042632725018,
        909.4346801010802,
        1148.2524968529763,
        1372.3261113747376,
        1590.440224773502,
        1876.1878999280714,
        2272.7476370211743,
        2627.018109111746,
        3137.1357077957173,
        3783.5181781276137,
        4646.73057842709,
        5498.106354796379,
        6532.635846369566,
        7879.996150045088,
        9471.602362683358,
        11416.662673716137,
        13650.395841373556,
        16556.149950778763,
        19778.63659062342,
        23669.366659518026,
        28303.175952775735,
        33937.234112846
    ],
    "avg_utilization1": [
        0.48138436677921603,
        0.5053408095154278,
        0.5377247480259846,
        0.4894329966306138,
        0.3996905527460231,
        0.4797231666595662,
        0.48144614437870326,
        0.5176405521892874,
        0.4774865374049979,
        0.5300512329846776,
        0.5059075530892784,
        0.43654600504740226,
        0.4232515648608074,
        0.4655320838829438,
        0.4307107093257534,
        0.4320671908302173,
        0.439774721064949,
        0.40658097395134485,
        0.4026265820297601,
        0.4104739161077454,
        0.42534063451568155,
        0.4188014950859839,
        0.4430745358689977,
        0.443712203435808,
        0.4357012827506413,
        0.43332262347762573,
        0.43960820956232227,
        0.44130813486430104,
        0.43837337555875266,
        0.4386277488941337,
        0.44335948556635413,
        0.44485792358353665,
        0.4414669634902774,
        0.4458342287748707,
        0.4464225548941825,
        0.4474443187633084,
        0.44671412042970504
    ],
    "avg_utilization2": [
        0.3981369767002631,
        0.3944179802948718,
        0.36924639223139555,
        0.44574048179774567,
        0.4169315352544216,
        0.42076312675576466,
        0.4772839059683535,
        0.4848320880112607,
        0.42550044125360703,
        0.49834736538137325,
        0.4910837736141282,
        0.4213664067724414,
        0.40650749861756796,
        0.4271304737911995,
        0.4090434817270409,
        0.4067026525407722,
        0.441622249390049,
        0.41737203335390505,
        0.41451862581922744,
        0.41028758034986357,
        0.41917611700696594,
        0.41987410116664486,
        0.4361744475051273,
        0.4348140560110308,
        0.43768544319081254,
        0.4295613954152355,
        0.43002457321429066,
        0.4397650728287569,
        0.4488595429372438,
        0.4519245808179188,
        0.4533594769280282,
        0.4552773184643111,
        0.4549504970390563,
        0.45649855613352575,
        0.45550297034266146,
        0.45753813297061297,
        0.4575098512708164
    ],
    "avg_utilization3": [],
    "avg_utilization4": [],
    "avg_utilization5": [],
    "avg_utilization6": [],
    "global": {
        "avg_wait": [
            6.4630059324866265,
            5.852625091530612,
            5.359995183301833,
            5.88463707571789,
            5.622344851522103,
            5.812367966972102,
            5.975468802581545,
            5.924849069029488,
            5.662203739689012,
            6.193608956130978,
            5.710310659514791,
            5.354578927005739,
            5.476710998318385,
            5.556907628934383,
            5.444828159927045,
            5.216353616838123,
            5.423320057865655,
            5.5559846195445735,
            5.37620570490514,
            5.211046944026598,
            5.382336638177853,
            5.270030496884127,
            5.543144546339881,
            5.51366671976273,
            5.465936219323252,
            5.49074690426416,
            5.438986910882249,
            5.437108436544698,
            5.544987993794712,
            5.579166531456536,
            5.66305829963654,
            5.695586908578212,
            5.773401039103251,
            5.774250527642619,
            5.865193077498315,
            5.836290486047751,
            5.788419410221846
        ],
        "avg_delay": [
            0.7088656360865926,
            0.5907213634054939,
            0.506332597204709,
            0.6105009332860751,
            0.518925793293164,
            0.6994919088363928,
            1.0286461648105663,
            1.0030275368837527,
            0.831778933025551,
            1.1099129667571879,
            0.9586858971760324,
            0.849307633970038,
            0.7808233920233575,
            0.7885801637505769,
            0.810840274731351,
            0.6934867724280843,
            0.9639986265613032,
            1.1219765498262542,
            1.0244097695948418,
            0.9590205632074553,
            1.0910504799283385,
            0.9760481958448018,
            1.1915840535844717,
            1.1802451808525338,
            1.1350390317284278,
            1.118571732850505,
            1.088961657771348,
            1.0746328871885824,
            1.1284422060867372,
            1.1378360646440266,
            1.1709398670243978,
            1.2030083474360938,
            1.250017346625357,
            1.242276876929477,
            1.347502120933322,
            1.3188517619561115,
            1.2785140098032994
        ],
        "avg_number": [
            0.9427609998022833,
            0.9602521658404561,
            0.9208663473002823,
            0.9644146145718938,
            0.8394971125407267,
            0.9517528708461062,
            1.1012923455216224,
            1.1872355470755023,
            1.0445928524508208,
            1.2196491004129186,
            1.198143894998158,
            1.0196410876850617,
            0.9598233036545974,
            1.0084240913718137,
            0.9866916746736215,
            0.9668330787966981,
            1.0555212718911584,
            1.03063109133785,
            1.0029020427782933,
            1.005879621816026,
            1.0557044328691094,
            1.0249063475766282,
            1.1183275057641286,
            1.117800554516988,
            1.1022834142711961,
            1.0823791221414985,
            1.0871827915524135,
            1.097802815962558,
            1.1139238937479436,
            1.118589742003737,
            1.1304625733214135,
            1.1411705840608024,
            1.1441385144259795,
            1.1496747247298456,
            1.1708398323381186,
            1.169189179020222,
            1.1605072333293525
        ]
    },