{
    "seed": 1872346325,
    "arrival_stream": 0,
    "service_stream": 1,
    "observation_period": 20000.0,
    "interarrivals": 2,
    "batch_size": 512,
    "k": 133,
    "servers": 3,
    "acquisition_time": [],
    "avg_utilization1": [
        0.8074049644412846,
        0.7724135150024827,
        0.6554585321906213,
        0.8105390573213593,
        0.6948789127427204,
        0.7077022605424009,
        0.7762431565047839,
        0.7055642187110215,
        0.7599031912738945,
        0.8587402187729042,
        0.7205005659183613,
        0.7048836086281918,
        0.785000494356428,
        0.6906523604840419,
        0.6902084071234296,
        0.7334499440649175,
        0.7014680199117037,
        0.7612193523491332,
        0.7549011009723463
    ],
    "avg_utilization2": [
        0.7954699222095201,
        0.7483953710972228,
        0.6493657680293591,
        0.7930801413129291,
        0.7073596594430944,
        0.7252402255050595,
        0.7941308132971152,
        0.7040998459746772,
        0.7618294352085276,
        0.8652158590220476,
        0.7270605220070563,
        0.7006172484862887,
        0.772618645698103,
        0.7000612336824248,
        0.7023312902119885,
        0.7456911451122552,
        0.7026306386708431,
        0.7536186686190773,
        0.7714099716164348
    ],
    "avg_utilization3": [
        0.8050002794269865,
        0.7785054646533975,
        0.6676272029279564,
        0.775482749739376,
        0.6995272763172471,
        0.7148456592544775,
        0.7822900858113652,
        0.7147357980256575,
        0.7655076894479812,
        0.8613472793166225,
        0.7258223853604765,
        0.7347887548551751,
        0.7616263255712487,
        0.6797665229465466,
        0.7119488468903407,
        0.7466112719100674,
        0.7073801046206155,
        0.7446268436190048,
        0.762747514637201
    ],
    "avg_utilization4": [],
    "avg_utilization5": [],
    "avg_utilization6": [],
    "avg_utilization7": [],
    "avg_utilization8": [],
    "avg_utilization9": [],
    "global": {
        "avg_wait": [
            7.304753428610248,
            6.90482025365632,
            5.659720740334841,
            7.860495997541916,
            5.781088053327521,
            5.962653808095935,
            8.25996638952344,
            5.350580298923854,
            7.126754392684928,
            11.425679089712641,
            6.463679497415722,
            6.520912012532886,
            6.070920703330749,
            6.325688794397138,
            6.029271030444583,
            6.073327734557598,
            5.782181795189917,
            6.580213209386798,
            6.89442020687698
        ],
        "avg_delay": [
            2.654633766472781,
            2.3430184602114386,
            1.4643912683980989,
            3.399456062782802,
            1.5394813630971562,
            1.6523891219683957,
            3.7458896789673095,
            1.0008540219057487,
            2.5658411769792604,
            6.765591318153792,
            1.9313158324803759,
            2.1212867220120373,
            1.5054645641295998,
            1.8966634507583784,
            1.741664780401571,
            1.6497938510382397,
            1.4429519308810583,
            2.06436095782518,
            2.463595848077688
        ],
        "avg_number": [
            3.773489196730083,
            1.7619424935127677,
            0.9353628851082584,
            0.992207251332568,
            0.5815234715957628,
            0.4990639281236488,
            0.5956285560395697,
            0.3363093206451605,
            0.39789272150570565,
            0.5796742948103051,
            0.29649554741465506,
            0.273354173745608,
            0.23511387925450766,
            0.22626813216648556,
            0.20094683489177084,
            0.18987153714471305,
            0.16983866318158664,
            0.1825425009910447,
            0.18152509910422238
        ]
    },
    "q1": {
        "avg_wait": [
            2.353694000687635,
            2.336593067938078,
            1.85880292556925,
            2.4098336105866522,
            2.053465927784117,
            2.0909754936556046,
            2.0584448737105587,
            1.6949843021075546,
            2.072310711977666,
            2.5026069738656775,
            1.970491141199902,
            1.919690655727294,
            2.248430957497504,
            1.7412893364191326,
            1.656756320993106,
            1.9227487749486003,
            1.6957265463421867,
            1.8847234028227073,
            2.2208913971766835
        ],
        "avg_delay": [
            1.1184620675747652,
            1.1343322846999184,
            0.6459478598594489,
            1.1863899338541923,
            0.8186668867558009,
            0.8400970416953402,
            0.7970769086281002,
            0.494224132931927,
            0.8387752570952599,
            1.2798227625149683,
            0.7316442124291705,
            0.7148548051896523,
            0.9995621308840493,
            0.5202571977727096,
            0.4416330912208838,
            0.6694420198172156,
            0.4990697768491055,
            0.6265625558430459,
            0.9986864036558116
        ],
        "avg_number": [
            0.1083328283303722,
            0.053707296240293904,
            0.02272684400291451,
            0.03305128746408512,
            0.015118990055060602,
            0.015656004281930036,
            0.010103457220052334,
            0.007341374434646663,
            0.008689073239314254,
            0.01039909969882671,
            0.006948230349507186,
            0.005443123616301734,
            0.006653439501694575,
            0.003889085435348157,
            0.0027885583965637332,
            0.004087673096231499,
            0.002948990372587487,
            0.0031232470215340927,
            0.004981611365297202
        ]
    },
    "q2": {
        "avg_wait": [
            4.777242271599205,
            4.072642205179778,
            4.012479271082724,
            4.100511978583151,
            3.593105964216211,
            3.7229859290741567,
            4.066454550260345,
            3.707072779803368,
            3.7007662303333904,
            4.655206213402821,
            3.5841363584603836,
            3.6015403256671696,
            3.978017381131134,
            3.637110627782403,
            3.648710041181104,
            4.199088107406029,
            3.7775588205890456,
            3.828193607146609,
            4.0541909696931455
        ],
        "avg_delay": [
            1.9477080149594046,
            1.4230972690591892,
            1.3216604047294638,
            1.48523064626825,
            0.9429426937917978,
            1.0944939357704284,
            1.4390666486675254,
            0.9569015609720086,
            1.0731445278222551,
            1.9259339112757856,
            0.9591650840857296,
            0.9712776878234025,
            1.3069581299371584,
            1.0153624791374314,
            0.9770173356502498,
            1.4041776073968362,
            1.0858614718187922,
            1.1976651596945511,
            1.4732338764651045
        ],
        "avg_number": [
            0.44018927685784853,
            0.16241998230878632,
            0.10153411919526267,
            0.079823888557166,
            0.04631407682860132,
            0.03936249923011693,
            0.04823753814422647,
            0.025961369198740276,
            0.02574454009728835,
            0.04694707582169746,
            0.018991271205238833,
            0.0185287764424043,
            0.023132963785579774,
            0.015747792873457386,
            0.0158360921013265,
            0.020063240920237237,
            0.014639193320335446,
            0.015184669481178057,
            0.017803628805875195
        ]
    },