{
    "GLOBAL AVG WAIT": {
        "mean": 6.716350223591576,
        "half_confidence_interval": 0.7377922600387864,
        "stdev": 1.3921230543897845,
        "confidence": 95
    },
    "GLOBAL AVG DELAY": {
        "mean": 2.284142033058261,
        "half_confidence_interval": 0.6943363408406602,
        "stdev": 1.3101270912412541,
        "confidence": 95
    },
    "GLOBAL AVG NUMBER": {
        "mean": 0.49729624655671273,
        "half_confidence_interval": 0.21186649943505056,
        "stdev": 0.39976596976076795,
        "confidence": 95
    },
    "QUEUE1 AVG WAIT": {
        "mean": 2.0069338248909165,
        "half_confidence_interval": 0.13054251530353023,
        "stdev": 0.24631763570211743,
        "confidence": 95
    },
    "QUEUE1 AVG DELAY": {
        "mean": 0.7787269916494581,
        "half_confidence_interval": 0.12856553098127652,
        "stdev": 0.24258730996919112,
        "confidence": 95
    },
    "QUEUE1 AVG NUMBER": {
        "mean": 0.012510339672170153,
        "half_confidence_interval": 0.006833432325249365,
        "stdev": 0.012893844508604532,
        "confidence": 95
    },
    "QUEUE2 AVG WAIT": {
        "mean": 3.8756223759588133,
        "half_confidence_interval": 0.14710906594053988,
        "stdev": 0.2775766747604622,
        "confidence": 95
    },
    "QUEUE2 AVG DELAY": {
        "mean": 1.2105856796412267,
        "half_confidence_interval": 0.13729212069464056,
        "stdev": 0.2590533091185128,
        "confidence": 95
    },
    "QUEUE2 AVG NUMBER": {
        "mean": 0.042262887618331954,
        "half_confidence_interval": 0.02026018438158021,
        "stdev": 0.03822847065690673,
        "confidence": 95
    },
    "QUEUE3 AVG WAIT": {
        "mean": 12.940492354027187,
        "half_confidence_interval": 1.7786865289592158,
        "stdev": 3.3561622391735226,
        "confidence": 95
    },
    "QUEUE3 AVG DELAY": {
        "mean": 4.454303439360683,
        "half_confidence_interval": 1.7359189644679345,
        "stdev": 3.2754651165101802,
        "confidence": 95
    },
    "QUEUE3 AVG NUMBER": {
        "mean": 0.11549874296920243,
        "half_confidence_interval": 0.05798688732376609,
        "stdev": 0.10941410891390178,
        "confidence": 95
    },
    "UTILIZATION1": {
        "mean": 0.7369897538763762,
        "half_confidence_interval": 0.026846978425682122,
        "stdev": 0.050656939129630395,
        "confidence": 95
    },
    "UTILIZATION2": {
        "mean": 0.7384321477281216,
        "half_confidence_interval": 0.025749135844767276,
        "stdev": 0.0485854454995644,
        "confidence": 95
    },
    "UTILIZATION3": {
        "mean": 0.7395553094863269,
        "half_confidence_interval": 0.02380193418781237,
        "stdev": 0.04491131598504441,
        "confidence": 95
    },
    "UTILIZATION4": {
        "mean": 0.0,
        "half_confidence_interval": 0.0,
        "stdev": 0.0,
        "confidence": 95
    },
    "UTILIZATION5": {
        "mean": 0.0,
        "half_confidence_interval": 0.0,
        "stdev": 0.0,
        "confidence": 95
    },
    "UTILIZATION6": {
        "mean": 0.0,
        "half_confidence_interval": 0.0,
        "stdev": 0.0,
        "confidence": 95
    }
}