{
    "interarrival": 2,
    "servers": 3,
    "seed": 1183964609,
    "GLOBAL AVG WAIT": {
        "mean": 14.71069178134873,
        "half_confidence_interval": 0.5761658704102018,
        "stdev": 2.250423197851879,
        "confidence": 95
    },
    "GLOBAL AVG DELAY": {
        "mean": 10.277985180632477,
        "half_confidence_interval": 0.5651043114403083,
        "stdev": 2.2072182976856607,
        "confidence": 95
    },
    "GLOBAL AVG NUMBER": {
        "mean": 0.45029572930418943,
        "half_confidence_interval": 0.17325351703849518,
        "stdev": 0.6767039734152772,
        "confidence": 95
    },
    "QUEUE1 AVG WAIT": {
        "mean": 0.0,
        "half_confidence_interval": 0.0,
        "stdev": 0.0,
        "confidence": 95
    },
    "QUEUE1 AVG DELAY": {
        "mean": 0.0,
        "half_confidence_interval": 0.0,
        "stdev": 0.0,
        "confidence": 95
    },
    "QUEUE1 AVG NUMBER": {
        "mean": 0.0,
        "half_confidence_interval": 0.0,
        "stdev": 0.0,
        "confidence": 95
    },
    "QUEUE2 AVG WAIT": {
        "mean": 0.0,
        "half_confidence_interval": 0.0,
        "stdev": 0.0,
        "confidence": 95
    },
    "QUEUE2 AVG DELAY": {
        "mean": 0.0,
        "half_confidence_interval": 0.0,
        "stdev": 0.0,
        "confidence": 95
    },
    "QUEUE2 AVG NUMBER": {
        "mean": 0.0,
        "half_confidence_interval": 0.0,
        "stdev": 0.0,
        "confidence": 95
    },
    "QUEUE3 AVG WAIT": {
        "mean": 0.0,
        "half_confidence_interval": 0.0,
        "stdev": 0.0,
        "confidence": 95
    },
    "QUEUE3 AVG DELAY": {
        "mean": 0.0,
        "half_confidence_interval": 0.0,
        "stdev": 0.0,
        "confidence": 95
    },
    "QUEUE3 AVG NUMBER": {
        "mean": 0.0,
        "half_confidence_interval": 0.0,
        "stdev": 0.0,
        "confidence": 95
    },
    "UTILIZATION1": {
        "mean": 0.7308235893413612,
        "half_confidence_interval": 0.012784624184807738,
        "stdev": 0.04993495158056844,
        "confidence": 95
    },
    "UTILIZATION2": {
        "mean": 0.7229622923063077,
        "half_confidence_interval": 0.015125374287350462,
        "stdev": 0.05907759365929133,
        "confidence": 95
    },
    "UTILIZATION3": {
        "mean": 0.7594425711905818,
        "half_confidence_interval": 0.012282822347297858,
        "stdev": 0.04797498388055013,
        "confidence": 95
    },
    "UTILIZATION4": {
        "mean": 0.0,
        "half_confidence_interval": 0.0,
        "stdev": 0.0,
        "confidence": 95
    },
    "UTILIZATION5": {
        "mean": 0.0,
        "half_confidence_interval": 0.0,
        "stdev": 0.0,
        "confidence": 95
    },
    "UTILIZATION6": {
        "mean": 0.0,
        "half_confidence_interval": 0.0,
        "stdev": 0.0,
        "confidence": 95
    }
}