{
    "seed": 1721684610,
    "arrival_stream": 0,
    "service_stream": 1,
    "observation_period": 20000.0,
    "interarrivals": 2,
    "batch_size": 512,
    "k": 228,
    "servers": 3,
    "acquisition_time": [],
    "avg_utilization1": [
        0.8370614503971946,
        0.8525894175409368,
        0.8866782680541568,
        0.8292709825340225,
        0.816893895703116,
        0.8595843411495655,
        0.8520582826506442,
        0.826594827059025,
        0.8419504271621967,
        0.7963634279121569,
        0.8502555276082867,
        0.8069630556596536,
        0.8685525908333319,
        0.8467092594058289,
        0.863861552210464,
        0.8295144151313039,
        0.8025017522311456,
        0.7969498383220253,
        0.7844040589165377
    ],
    "avg_utilization2": [
        0.761614281144239,
        0.7376055710681044,
        0.8205316165319746,
        0.7195322873970197,
        0.7177983805941442,
        0.7656294530556469,
        0.7232317426564715,
        0.7047872550382991,
        0.7407512324648234,
        0.7103128784396668,
        0.7290697087175347,
        0.724262867840733,
        0.8404751774025105,
        0.7533894196785416,
        0.8130050629777283,
        0.6983070088629081,
        0.6732816493545442,
        0.7122445115014283,
        0.6788739536627693
    ],
    "avg_utilization3": [
        0.6771009620385634,
        0.6692290213669794,
        0.6801660087147715,
        0.589242714653844,
        0.5758940193356302,
        0.6586089167123688,
        0.6384586247940274,
        0.5832434596320353,
        0.6336906812325702,
        0.5651927435656385,
        0.656274347769076,
        0.5520339168801406,
        0.7178264367515389,
        0.6195788942606999,
        0.683302069952936,
        0.5712501950939075,
        0.5615165807114192,
        0.6179351342793571,
        0.5634764834973685
    ],
    "avg_utilization4": [],
    "avg_utilization5": [],
    "avg_utilization6": [],
    "avg_utilization7": [],
    "avg_utilization8": [],
    "avg_utilization9": [],
    "global": {
        "avg_wait": [
            8.38772623186348,
            8.088343007494625,
            8.392057294066571,
            7.19946182053245,
            6.379774021864749,
            7.676164471010205,
            7.312829976234692,
            6.981718742104343,
            7.407626221396399,
            6.231963273760055,
            7.495871310178099,
            7.053920112706141,
            8.15486279773053,
            8.095452195410473,
            8.924357511633477,
            6.454631467065262,
            5.818648129361534,
            7.967779084653387,
            6.558736580817033
        ],
        "avg_delay": [
            3.738347484236874,
            3.714727918193981,
            3.6157920364987883,
            2.7147694334264956,
            1.9654115450822658,
            3.024146908752456,
            2.805493353101728,
            2.476907485956478,
            2.780583007009053,
            1.726465191789847,
            3.0412421894132113,
            2.6550819598708015,
            3.345218921985721,
            3.6558210448718946,
            4.386692399860713,
            1.8601190678968518,
            1.53007926985491,
            3.500993947215852,
            2.1421450778020152
        ],
        "avg_number": [
            4.091052312011339,
            2.0379068807041216,
            1.4142121382799753,
            0.8988326822995848,
            0.6331721957628199,
            0.6346755597963897,
            0.5185929186523021,
            0.4309379495324697,
            0.40569522136351377,
            0.3052544147332112,
            0.33462290661935784,
            0.2882806845310292,
            0.30837132673735124,
            0.2850290534029667,
            0.2945080848657121,
            0.1989607956854979,
            0.1685095853068591,
            0.21760653880448272,
            0.1692077096775993
        ]
    },
    "c1": {
        "avg_wait": [
            9.280350599684558,
            9.03344024096511,
            9.078540913147988,
            7.685618318032832,
            7.094992970461265,
            8.710708056313877,
            7.635965081397941,
            7.45265409100342,
            8.110510368245075,
            6.5367323013835374,
            8.014913163841653,
            7.580415883793275,
            8.323892924599589,
            8.61234232352339,
            9.482545086565814,
            7.144054320323849,
            6.577178201858185,
            7.759277298336071,
            7.092807105939862
        ],
        "avg_delay": [
            4.5487934926947355,
            4.496889147709412,
            4.350558534150715,
            3.2119303941861332,
            2.6964149401012167,
            3.937851864397412,
            3.267722606382286,
            3.1040369263248397,
            3.506430785388785,
            2.101727408162296,
            3.6407590144981348,
            3.274677548671316,
            3.8893127664305953,
            4.190482459465784,
            5.167372653128491,
            2.5824109111396045,
            2.1556138475271958,
            3.7452698149787986,
            2.6839352411258504
        ],
        "avg_number": [
            0.8016573417614943,
            0.4071784822961239,
            0.27206631632979916,
            0.1542912198616955,
            0.10244467167909739,
            0.11827960382567679,
            0.0909729724560063,
            0.0759635666508231,
            0.0727642188658326,
            0.03981151323648719,
            0.06221736143207257,
            0.052277352425688824,
            0.05630102612336247,
            0.05590411980390969,
            0.06461328375128399,
            0.03109434700886529,
            0.023654035739197495,
            0.04195339403773015,
            0.026642087876782242
        ]
    },
    "c2": {
        "avg_wait": [
            7.447795832739748,
            7.722985953386573,
            8.21981520550866,
            6.899508518240853,
            5.853140903880436,
            7.118841159612554,
            7.07186151244924,
            6.820604657622599,
            7.0094611637791076,
            6.344640630974402,
            6.790265970841665,
            6.959714433513951,
            8.622829298502163,
            8.391990046104867,
            9.128147968620567,
            6.01289793690532,
            5.2740213509862075,
            8.43558828000264,
            6.362793728335413
        ],
        "avg_delay": [
            3.205298443585737,
            3.5569282409019225,
            3.427582317396577,
            2.550494451343432,
            1.603471905986195,
            2.767404153011106,
            2.64677142202319,
            2.4177331998499265,
            2.4977196013668843,
            1.7315217887440133,
            2.6868982953675085,
            2.5355211165594285,
            3.6173529309233547,
            3.78967508033355,
            4.515712792224772,
            1.7015405673717081,
            1.2661885425042387,
            3.7256217403453684,
            2.0645179255541923
        ],
        "avg_number": [
            0.5648862789581107,
            0.30981553042821086,
            0.19404055132458745,
            0.10945759769277834,
            0.055636649055229005,
            0.08088885828102162,
            0.06195470401128185,
            0.05013248720994783,
            0.046221140361549895,
            0.02816073525107328,
            0.04216841887873499,
            0.03521531089704798,
            0.04515074883293279,
            0.04299955658612829,
            0.049479526424935964,
            0.018336710822373148,
            0.01281988012529703,
            0.03219426167637962,
            0.01799677796821411
        ]
    },