{
    "interarrival": 2,
    "servers": 3,
    "seed": 1979767418,
    "GLOBAL AVG WAIT": {
        "mean": 15.099620460017183,
        "half_confidence_interval": 0.6226884550838868,
        "stdev": 2.0494762275549183,
        "confidence": 95
    },
    "GLOBAL AVG DELAY": {
        "mean": 10.65239955554338,
        "half_confidence_interval": 0.6002521913555336,
        "stdev": 1.9756309703143327,
        "confidence": 95
    },
    "GLOBAL AVG NUMBER": {
        "mean": 0.5922990787577108,
        "half_confidence_interval": 0.22560734197111584,
        "stdev": 0.7425493123513344,
        "confidence": 95
    },
    "QUEUE1 AVG WAIT": {
        "mean": 0.0,
        "half_confidence_interval": 0.0,
        "stdev": 0.0,
        "confidence": 95
    },
    "QUEUE1 AVG DELAY": {
        "mean": 0.0,
        "half_confidence_interval": 0.0,
        "stdev": 0.0,
        "confidence": 95
    },
    "QUEUE1 AVG NUMBER": {
        "mean": 0.0,
        "half_confidence_interval": 0.0,
        "stdev": 0.0,
        "confidence": 95
    },
    "QUEUE2 AVG WAIT": {
        "mean": 0.0,
        "half_confidence_interval": 0.0,
        "stdev": 0.0,
        "confidence": 95
    },
    "QUEUE2 AVG DELAY": {
        "mean": 0.0,
        "half_confidence_interval": 0.0,
        "stdev": 0.0,
        "confidence": 95
    },
    "QUEUE2 AVG NUMBER": {
        "mean": 0.0,
        "half_confidence_interval": 0.0,
        "stdev": 0.0,
        "confidence": 95
    },
    "QUEUE3 AVG WAIT": {
        "mean": 0.0,
        "half_confidence_interval": 0.0,
        "stdev": 0.0,
        "confidence": 95
    },
    "QUEUE3 AVG DELAY": {
        "mean": 0.0,
        "half_confidence_interval": 0.0,
        "stdev": 0.0,
        "confidence": 95
    },
    "QUEUE3 AVG NUMBER": {
        "mean": 0.0,
        "half_confidence_interval": 0.0,
        "stdev": 0.0,
        "confidence": 95
    },
    "UTILIZATION1": {
        "mean": 0.7414919562127205,
        "half_confidence_interval": 0.018104698249356743,
        "stdev": 0.059588624722636124,
        "confidence": 95
    },
    "UTILIZATION2": {
        "mean": 0.7392633877430852,
        "half_confidence_interval": 0.014035412247978196,
        "stdev": 0.046195241795978496,
        "confidence": 95
    },
    "UTILIZATION3": {
        "mean": 0.766864956347101,
        "half_confidence_interval": 0.015350011612195201,
        "stdev": 0.050522028528131105,
        "confidence": 95
    },
    "UTILIZATION4": {
        "mean": 0.0,
        "half_confidence_interval": 0.0,
        "stdev": 0.0,
        "confidence": 95
    },
    "UTILIZATION5": {
        "mean": 0.0,
        "half_confidence_interval": 0.0,
        "stdev": 0.0,
        "confidence": 95
    },
    "UTILIZATION6": {
        "mean": 0.0,
        "half_confidence_interval": 0.0,
        "stdev": 0.0,
        "confidence": 95
    }
}