{
    "interarrival": 4,
    "servers": 2,
    "seed": 1295200369,
    "GLOBAL AVG WAIT": {
        "mean": 6.444268201843421,
        "half_confidence_interval": 0.07815673441772521,
        "stdev": 0.3052692587930888,
        "confidence": 95
    },
    "GLOBAL AVG DELAY": {
        "mean": 2.0145516405944326,
        "half_confidence_interval": 0.06608760283985782,
        "stdev": 0.258128921130564,
        "confidence": 95
    },
    "GLOBAL AVG NUMBER": {
        "mean": 1.6057041994104904,
        "half_confidence_interval": 0.023540215758616322,
        "stdev": 0.09194478594838083,
        "confidence": 95
    },
    "QUEUE1 AVG WAIT": {
        "mean": 6.4429411951461955,
        "half_confidence_interval": 0.08484938793075247,
        "stdev": 0.3314098261095432,
        "confidence": 95
    },
    "QUEUE1 AVG DELAY": {
        "mean": 2.0159254254920125,
        "half_confidence_interval": 0.06731660654356676,
        "stdev": 0.26292923747540997,
        "confidence": 95
    },
    "QUEUE1 AVG NUMBER": {
        "mean": 0.25097712354157387,
        "half_confidence_interval": 0.008915019706372316,
        "stdev": 0.03482081842550539,
        "confidence": 95
    },
    "QUEUE2 AVG WAIT": {
        "mean": 6.447463730534543,
        "half_confidence_interval": 0.08175310295801097,
        "stdev": 0.3193161706404041,
        "confidence": 95
    },
    "QUEUE2 AVG DELAY": {
        "mean": 2.013866259584389,
        "half_confidence_interval": 0.06824149464852201,
        "stdev": 0.266541720882882,
        "confidence": 95
    },
    "QUEUE2 AVG NUMBER": {
        "mean": 0.2513753354744278,
        "half_confidence_interval": 0.009015976597685209,
        "stdev": 0.035215141903971396,
        "confidence": 95
    },
    "QUEUE3 AVG WAIT": {
        "mean": 0.0,
        "half_confidence_interval": 0.0,
        "stdev": 0.0,
        "confidence": 95
    },
    "QUEUE3 AVG DELAY": {
        "mean": 0.0,
        "half_confidence_interval": 0.0,
        "stdev": 0.0,
        "confidence": 95
    },
    "QUEUE3 AVG NUMBER": {
        "mean": 0.0,
        "half_confidence_interval": 0.0,
        "stdev": 0.0,
        "confidence": 95
    },
    "QUEUE4 AVG WAIT": {
        "mean": 0.0,
        "half_confidence_interval": 0.0,
        "stdev": 0.0,
        "confidence": 95
    },
    "QUEUE4 AVG DELAY": {
        "mean": 0.0,
        "half_confidence_interval": 0.0,
        "stdev": 0.0,
        "confidence": 95
    },
    "QUEUE4 AVG NUMBER": {
        "mean": 0.0,
        "half_confidence_interval": 0.0,
        "stdev": 0.0,
        "confidence": 95
    },
    "QUEUE5 AVG WAIT": {
        "mean": 0.0,
        "half_confidence_interval": 0.0,
        "stdev": 0.0,
        "confidence": 95
    },
    "QUEUE5 AVG DELAY": {
        "mean": 0.0,
        "half_confidence_interval": 0.0,
        "stdev": 0.0,
        "confidence": 95
    },
    "QUEUE5 AVG NUMBER": {
        "mean": 0.0,
        "half_confidence_interval": 0.0,
        "stdev": 0.0,
        "confidence": 95
    },
    "QUEUE6 AVG WAIT": {
        "mean": 0.0,
        "half_confidence_interval": 0.0,
        "stdev": 0.0,
        "confidence": 95
    },
    "QUEUE6 AVG DELAY": {
        "mean": 0.0,
        "half_confidence_interval": 0.0,
        "stdev": 0.0,
        "confidence": 95
    },
    "QUEUE6 AVG NUMBER": {
        "mean": 0.0,
        "half_confidence_interval": 0.0,
        "stdev": 0.0,
        "confidence": 95
    },
    "UTILIZATION1": {
        "mean": 0.5504850146411197,
        "half_confidence_interval": 0.0043133773698442335,
        "stdev": 0.016847447918558474,
        "confidence": 95
    },
    "UTILIZATION2": {
        "mean": 0.5528863613627387,
        "half_confidence_interval": 0.003743706252630691,
        "stdev": 0.014622392317103236,
        "confidence": 95
    },
    "UTILIZATION3": {
        "mean": 0.0,
        "half_confidence_interval": 0.0,
        "stdev": 0.0,
        "confidence": 95
    },
    "UTILIZATION4": {
        "mean": 0.0,
        "half_confidence_interval": 0.0,
        "stdev": 0.0,
        "confidence": 95
    },
    "UTILIZATION5": {
        "mean": 0.0,
        "half_confidence_interval": 0.0,
        "stdev": 0.0,
        "confidence": 95
    },
    "UTILIZATION6": {
        "mean": 0.0,
        "half_confidence_interval": 0.0,
        "stdev": 0.0,
        "confidence": 95
    }
}