{
    "seed": 705612813,
    "arrival_stream": 0,
    "service_stream": 1,
    "observation_period": 840.0,
    "interarrivals": 5,
    "batch_size": 0,
    "k": 0,
    "servers": 3,
    "acquisition_time": [
        73.09579588260094,
        139.1875535169444,
        223.55824894695903,
        268.61997291645685,
        318.1692303004272,
        387.26650820175047,
        459.5794655225226,
        501.4644332214444,
        540.9963199288663,
        567.2792129216864,
        593.4633198766888,
        630.9740573642796,
        655.7105564554364,
        674.5794535675516,
        702.4343861504839,
        749.5584104832051,
        818.2371784662284
    ],
    "avg_utilization1": [
        0.5106348021059648,
        0.7561992438690386,
        0.5471115984357355,
        0.4331223128263958,
        0.772368218991993,
        0.5023681346430195,
        0.5193824064168394,
        0.49691367514933543,
        0.6909610348002377,
        1.0177232928166473,
        0.8288172852713761,
        0.805999358953181,
        1.2515002734005523,
        0.6834529712349947,
        0.8776179201040809,
        0.7236616592433596,
        0.5905747093072276
    ],
    "avg_utilization2": [
        0.2420835733152386,
        0.49169519260203853,
        0.2591906841671695,
        0.5288307705384002,
        0.4224876973601156,
        0.27387665706984365,
        0.37286017788611964,
        0.4008153681380792,
        0.33285603419213694,
        0.7062140961560854,
        0.6936490671565478,
        0.4844184247622054,
        0.9503857157958855,
        1.1744854551419885,
        0.7699152989283974,
        0.43324129945699874,
        0.261078588027866
    ],
    "avg_utilization3": [
        0.2104165775900076,
        0.18488011120844228,
        0.02088522760554076,
        0.40977009164858963,
        0.41838855537619685,
        0.055590561929439626,
        0.06809441442601219,
        0.36190626667614056,
        0.34082873945047343,
        0.506422734117147,
        0.5883702972244773,
        0.3461202477223557,
        0.5799670598178582,
        1.0745356788006095,
        0.8984471042184073,
        0.24668028186332575,
        0.07344913651629953
    ],
    "avg_utilization4": [],
    "avg_utilization5": [],
    "avg_utilization6": [],
    "avg_utilization7": [],
    "avg_utilization8": [],
    "avg_utilization9": [],
    "global": {
        "avg_wait": [
            4.883889317535802,
            6.112587302928808,
            4.908631352190637,
            4.096403191365037,
            7.067872019379828,
            3.8191419274339222,
            5.027541401798795,
            3.6706633769523656,
            4.8564965578513615,
            5.317073651886834,
            6.764023916374647,
            4.426711730602611,
            5.7067713921285605,
            10.399670237583791,
            9.803719129270723,
            3.9748338922441206,
            3.590401975102865
        ],
        "avg_delay": [
            0.08990796222060737,
            0.0,
            0.0,
            0.8397696650783818,
            2.918978882441213,
            0.0,
            0.28505158408760795,
            0.22355766105689226,
            1.291238901953493,
            9.46808533054242,
            7.604456927485971,
            17.67894699439547,
            14.480552538873779,
            7.3080564432320685,
            1.8769322155881734,
            2.7812407426080235,
            6.813404494374257,
            2.3310847822540914,
            1.6043761932821117,
            1.8342802251844381,
            0.0,
            0.09936229714499802,
            0.0,
            0.33278667571234677,
            1.0992382142401975,
            0.0,
            0.07067569142863779,
            0.409211473508968,
            1.1205656333000198,
            1.6358177550017354,
            3.0163739747971445,
            0.132590727793657,
            2.5153271750456065,
            7.47050427573361,
            6.4314058304368436,
            0.1056829741247564,
            0.0
        ],
        "avg_number": [
            0.9354087963597433,
            0.6587428777011309,
            0.32935250937812066,
            0.22874713001920305,
            0.3332128634519158,
            0.14792688677757931,
            0.15315214213315143,
            0.11711820448351255,
            0.1346542401200601,
            0.13122115076811755,
            0.18236069363896232,
            0.09821951236365523,
            0.1305478004573594,
            0.18499828625229328,
            0.23726518587872447,
            0.08484641274975184,
            0.06581958268810907
        ]
    },
    "c1": {
        "avg_wait": [
            5.332179609327134,
            8.989218611180565,
            5.555474537044508,
            3.925886923498569,
            10.736732208556248,
            3.8569189564664534,
            4.872414945448547,
            2.8517710498582574,
            5.043881726637218,
            9.673386253452009,
            6.4646099952086615,
            6.145813045946556,
            14.626463908995447,
            23.676180269102588,
            5.086785140606594,
            4.441665094293782,
            3.835386624228085
        ],
        "avg_delay": [
            0.0,
            0.29808689143499406,
            0.0,
            0.754310943441242,
            3.082677872949648,
            0.0,
            0.21202707428591339,
            0.2157475433754783,
            1.1417398199277986,
            4.268434303237598,
            2.779022915016136,
            0.3149058801483989,
            6.3809642119431755,
            14.241731713044999,
            2.5338980023510658,
            0.15952370072086808,
            0.0
        ],
        "avg_number": [
            0.0,
            0.010708101547266063,
            0.0,
            0.019656679087414232,
            0.048443997397844996,
            0.0,
            0.0036908015295217334,
            0.0034418798875046866,
            0.014773074132085508,
            0.030097590082694324,
            0.032779044219876936,
            0.002495394830207691,
            0.029194119947236995,
            0.04222403050590051,
            0.036073091698108066,
            0.0017025886013929791,
            0.0
        ]
    },
    "c2": {
        "avg_wait": [
            3.133725194875328,
            4.315458123328808,
            4.373619654433076,
            3.098942217077274,
            4.569447665023882,
            4.587786293221953,
            5.296430315484713,
            4.580205999495126,
            3.7693948100326224,
            3.751677021917127,
            7.880870226600905,
            3.6523346494501086,
            3.3998742710657694,
            8.191727379155987,
            16.76828330452645,
            4.84889180619237,
            2.9483312824187067
        ],
        "avg_delay": [
            0.0,
            0.0,
            0.0,
            0.24232189710425586,
            0.21503676977094496,
            0.0,
            0.0,
            1.0118868771514258,
            0.5084377620426466,
            0.6390189617676091,
            4.248353953867945,
            0.08286630323257213,
            0.8891218452332197,
            4.4179479567329505,
            9.804550158793376,
            0.1575252216534011,
            0.0
        ],
        "avg_number": [
            0.0,
            0.0,
            0.0,
            0.0045104966409109885,
            0.004730996102216719,
            0.0,
            0.0,
            0.010089318505113016,
            0.0037592696535126095,
            0.006758777129975603,
            0.03579289411475909,
            0.0006566538058531543,
            0.01084773562334614,
            0.03274594218196525,
            0.05583183484239582,
            0.0008406294663646132,
            0.0
        ]
    },