{
    "interarrival": 2,
    "servers": 3,
    "seed": 123456789,
    "GLOBAL AVG WAIT": {
        "mean": 14.99558376111203,
        "half_confidence_interval": 0.698309953063632,
        "stdev": 2.7275008784300745,
        "confidence": 95
    },
    "GLOBAL AVG DELAY": {
        "mean": 10.557302625271639,
        "half_confidence_interval": 0.6868464450049704,
        "stdev": 2.6827260214160566,
        "confidence": 95
    },
    "GLOBAL AVG NUMBER": {
        "mean": 0.4430312661409382,
        "half_confidence_interval": 0.15286484132087227,
        "stdev": 0.597068661494161,
        "confidence": 95
    },
    "QUEUE1 AVG WAIT": {
        "mean": 0.0,
        "half_confidence_interval": 0.0,
        "stdev": 0.0,
        "confidence": 95
    },
    "QUEUE1 AVG DELAY": {
        "mean": 0.0,
        "half_confidence_interval": 0.0,
        "stdev": 0.0,
        "confidence": 95
    },
    "QUEUE1 AVG NUMBER": {
        "mean": 0.0,
        "half_confidence_interval": 0.0,
        "stdev": 0.0,
        "confidence": 95
    },
    "QUEUE2 AVG WAIT": {
        "mean": 0.0,
        "half_confidence_interval": 0.0,
        "stdev": 0.0,
        "confidence": 95
    },
    "QUEUE2 AVG DELAY": {
        "mean": 0.0,
        "half_confidence_interval": 0.0,
        "stdev": 0.0,
        "confidence": 95
    },
    "QUEUE2 AVG NUMBER": {
        "mean": 0.0,
        "half_confidence_interval": 0.0,
        "stdev": 0.0,
        "confidence": 95
    },
    "QUEUE3 AVG WAIT": {
        "mean": 0.0,
        "half_confidence_interval": 0.0,
        "stdev": 0.0,
        "confidence": 95
    },
    "QUEUE3 AVG DELAY": {
        "mean": 0.0,
        "half_confidence_interval": 0.0,
        "stdev": 0.0,
        "confidence": 95
    },
    "QUEUE3 AVG NUMBER": {
        "mean": 0.0,
        "half_confidence_interval": 0.0,
        "stdev": 0.0,
        "confidence": 95
    },
    "UTILIZATION1": {
        "mean": 0.7326338095724672,
        "half_confidence_interval": 0.013044875580671102,
        "stdev": 0.05095145708462975,
        "confidence": 95
    },
    "UTILIZATION2": {
        "mean": 0.7328311337385677,
        "half_confidence_interval": 0.01157981130796002,
        "stdev": 0.045229121217519645,
        "confidence": 95
    },
    "UTILIZATION3": {
        "mean": 0.7586475321544499,
        "half_confidence_interval": 0.011270176233252592,
        "stdev": 0.044019729980072524,
        "confidence": 95
    },
    "UTILIZATION4": {
        "mean": 0.0,
        "half_confidence_interval": 0.0,
        "stdev": 0.0,
        "confidence": 95
    },
    "UTILIZATION5": {
        "mean": 0.0,
        "half_confidence_interval": 0.0,
        "stdev": 0.0,
        "confidence": 95
    },
    "UTILIZATION6": {
        "mean": 0.0,
        "half_confidence_interval": 0.0,
        "stdev": 0.0,
        "confidence": 95
    }
}