{
    "interarrival": 2.5,
    "servers": 3,
    "seed": 394462969,
    "GLOBAL AVG WAIT": {
        "mean": 5.8456611982162485,
        "half_confidence_interval": 0.059492238922945875,
        "stdev": 0.2323683533511382,
        "confidence": 95
    },
    "GLOBAL AVG DELAY": {
        "mean": 1.4269783467744377,
        "half_confidence_interval": 0.04691537035119855,
        "stdev": 0.18324486609903165,
        "confidence": 95
    },
    "GLOBAL AVG NUMBER": {
        "mean": 2.3409681034546197,
        "half_confidence_interval": 0.03089687822998353,
        "stdev": 0.12067887926172535,
        "confidence": 95
    },
    "QUEUE1 AVG WAIT": {
        "mean": 5.78154164159807,
        "half_confidence_interval": 0.07385824491729945,
        "stdev": 0.2884799608074343,
        "confidence": 95
    },
    "QUEUE1 AVG DELAY": {
        "mean": 1.361832886501767,
        "half_confidence_interval": 0.05268323605351709,
        "stdev": 0.20577334174329473,
        "confidence": 95
    },
    "QUEUE1 AVG NUMBER": {
        "mean": 0.17758280076912059,
        "half_confidence_interval": 0.007304755586677651,
        "stdev": 0.028531352291300913,
        "confidence": 95
    },
    "QUEUE2 AVG WAIT": {
        "mean": 5.992716005699926,
        "half_confidence_interval": 0.07331689532462415,
        "stdev": 0.28636552511439894,
        "confidence": 95
    },
    "QUEUE2 AVG DELAY": {
        "mean": 1.5596236989232368,
        "half_confidence_interval": 0.054044299481115055,
        "stdev": 0.21108946487470057,
        "confidence": 95
    },
    "QUEUE2 AVG NUMBER": {
        "mean": 0.21772754051292084,
        "half_confidence_interval": 0.007769218915982294,
        "stdev": 0.03034548100752377,
        "confidence": 95
    },
    "QUEUE3 AVG WAIT": {
        "mean": 5.760624847112898,
        "half_confidence_interval": 0.0669211674082147,
        "stdev": 0.2613847075939347,
        "confidence": 95
    },
    "QUEUE3 AVG DELAY": {
        "mean": 1.3525025375102038,
        "half_confidence_interval": 0.04333526725017272,
        "stdev": 0.16926148477949263,
        "confidence": 95
    },
    "QUEUE3 AVG NUMBER": {
        "mean": 0.17662581430432248,
        "half_confidence_interval": 0.006131617338823262,
        "stdev": 0.02394923859307156,
        "confidence": 95
    },
    "QUEUE4 AVG WAIT": {
        "mean": 0.0,
        "half_confidence_interval": 0.0,
        "stdev": 0.0,
        "confidence": 95
    },
    "QUEUE4 AVG DELAY": {
        "mean": 0.0,
        "half_confidence_interval": 0.0,
        "stdev": 0.0,
        "confidence": 95
    },
    "QUEUE4 AVG NUMBER": {
        "mean": 0.0,
        "half_confidence_interval": 0.0,
        "stdev": 0.0,
        "confidence": 95
    },
    "QUEUE5 AVG WAIT": {
        "mean": 0.0,
        "half_confidence_interval": 0.0,
        "stdev": 0.0,
        "confidence": 95
    },
    "QUEUE5 AVG DELAY": {
        "mean": 0.0,
        "half_confidence_interval": 0.0,
        "stdev": 0.0,
        "confidence": 95
    },
    "QUEUE5 AVG NUMBER": {
        "mean": 0.0,
        "half_confidence_interval": 0.0,
        "stdev": 0.0,
        "confidence": 95
    },
    "QUEUE6 AVG WAIT": {
        "mean": 0.0,
        "half_confidence_interval": 0.0,
        "stdev": 0.0,
        "confidence": 95
    },
    "QUEUE6 AVG DELAY": {
        "mean": 0.0,
        "half_confidence_interval": 0.0,
        "stdev": 0.0,
        "confidence": 95
    },
    "QUEUE6 AVG NUMBER": {
        "mean": 0.0,
        "half_confidence_interval": 0.0,
        "stdev": 0.0,
        "confidence": 95
    },
    "UTILIZATION1": {
        "mean": 0.5754867017070054,
        "half_confidence_interval": 0.00484104969913998,
        "stdev": 0.018908462136332696,
        "confidence": 95
    },
    "UTILIZATION2": {
        "mean": 0.6186260419845743,
        "half_confidence_interval": 0.004632632966139812,
        "stdev": 0.018094415565975866,
        "confidence": 95
    },
    "UTILIZATION3": {
        "mean": 0.5749313381233141,
        "half_confidence_interval": 0.005307022988680725,
        "stdev": 0.02072848854576799,
        "confidence": 95
    },
    "UTILIZATION4": {
        "mean": 0.0,
        "half_confidence_interval": 0.0,
        "stdev": 0.0,
        "confidence": 95
    },
    "UTILIZATION5": {
        "mean": 0.0,
        "half_confidence_interval": 0.0,
        "stdev": 0.0,
        "confidence": 95
    },
    "UTILIZATION6": {
        "mean": 0.0,
        "half_confidence_interval": 0.0,
        "stdev": 0.0,
        "confidence": 95
    }
}