{
    "interarrival": 1.0,
    "servers": 5,
    "seed": 451788953,
    "GLOBAL AVG WAIT": {
        "mean": 9.87539603071091,
        "half_confidence_interval": 0.4157248765194511,
        "stdev": 1.6237631454591541,
        "confidence": 95
    },
    "GLOBAL AVG DELAY": {
        "mean": 5.443001815811588,
        "half_confidence_interval": 0.40511481025709417,
        "stdev": 1.582321712577067,
        "confidence": 95
    },
    "GLOBAL AVG NUMBER": {
        "mean": 9.905609057073749,
        "half_confidence_interval": 0.45152998618700474,
        "stdev": 1.7636128893187246,
        "confidence": 95
    },
    "QUEUE1 AVG WAIT": {
        "mean": 9.802958311232222,
        "half_confidence_interval": 0.41981882350951194,
        "stdev": 1.6397535290454803,
        "confidence": 95
    },
    "QUEUE1 AVG DELAY": {
        "mean": 5.320382434487373,
        "half_confidence_interval": 0.4048353101423358,
        "stdev": 1.5812300242727828,
        "confidence": 95
    },
    "QUEUE1 AVG NUMBER": {
        "mean": 1.0434950839465036,
        "half_confidence_interval": 0.08405864612383904,
        "stdev": 0.32832129935504734,
        "confidence": 95
    },
    "QUEUE2 AVG WAIT": {
        "mean": 9.928551837468845,
        "half_confidence_interval": 0.4389130862243214,
        "stdev": 1.7143330450600143,
        "confidence": 95
    },
    "QUEUE2 AVG DELAY": {
        "mean": 5.516034459456067,
        "half_confidence_interval": 0.4188043786723399,
        "stdev": 1.6357912495843807,
        "confidence": 95
    },
    "QUEUE2 AVG NUMBER": {
        "mean": 1.1216322165001584,
        "half_confidence_interval": 0.08681048923620242,
        "stdev": 0.33906961315659634,
        "confidence": 95
    },
    "QUEUE3 AVG WAIT": {
        "mean": 10.023504366792992,
        "half_confidence_interval": 0.42363164221891564,
        "stdev": 1.6546458649395468,
        "confidence": 95
    },
    "QUEUE3 AVG DELAY": {
        "mean": 5.591671046281559,
        "half_confidence_interval": 0.4076350642119481,
        "stdev": 1.5921654715634217,
        "confidence": 95
    },
    "QUEUE3 AVG NUMBER": {
        "mean": 1.1360202532648416,
        "half_confidence_interval": 0.08618276872812719,
        "stdev": 0.3366178247642465,
        "confidence": 95
    },
    "QUEUE4 AVG WAIT": {
        "mean": 9.942634902575564,
        "half_confidence_interval": 0.421073242642682,
        "stdev": 1.6446531144983734,
        "confidence": 95
    },
    "QUEUE4 AVG DELAY": {
        "mean": 5.53229703550204,
        "half_confidence_interval": 0.4035964954151117,
        "stdev": 1.5763913874441196,
        "confidence": 95
    },
    "QUEUE4 AVG NUMBER": {
        "mean": 1.1243731471331713,
        "half_confidence_interval": 0.0854314887311102,
        "stdev": 0.3336834303125838,
        "confidence": 95
    },
    "QUEUE5 AVG WAIT": {
        "mean": 9.734692702063816,
        "half_confidence_interval": 0.43876055636804023,
        "stdev": 1.7137372848031704,
        "confidence": 95
    },
    "QUEUE5 AVG DELAY": {
        "mean": 5.28187025169239,
        "half_confidence_interval": 0.417439941483724,
        "stdev": 1.6304619490149337,
        "confidence": 95
    },
    "QUEUE5 AVG NUMBER": {
        "mean": 1.0423965614211599,
        "half_confidence_interval": 0.08558592989671862,
        "stdev": 0.3342866558759811,
        "confidence": 95
    },
    "QUEUE6 AVG WAIT": {
        "mean": 0.0,
        "half_confidence_interval": 0.0,
        "stdev": 0.0,
        "confidence": 95
    },
    "QUEUE6 AVG DELAY": {
        "mean": 0.0,
        "half_confidence_interval": 0.0,
        "stdev": 0.0,
        "confidence": 95
    },
    "QUEUE6 AVG NUMBER": {
        "mean": 0.0,
        "half_confidence_interval": 0.0,
        "stdev": 0.0,
        "confidence": 95
    },
    "UTILIZATION1": {
        "mean": 0.8754049344687337,
        "half_confidence_interval": 0.006609339208392318,
        "stdev": 0.025815153310710028,
        "confidence": 95
    },
    "UTILIZATION2": {
        "mean": 0.8951624969635231,
        "half_confidence_interval": 0.006263339917639688,
        "stdev": 0.024463728538195024,
        "confidence": 95
    },
    "UTILIZATION3": {
        "mean": 0.8979891422321332,
        "half_confidence_interval": 0.006062894846996111,
        "stdev": 0.02368081816457256,
        "confidence": 95
    },
    "UTILIZATION4": {
        "mean": 0.8937126218538782,
        "half_confidence_interval": 0.005927599399725325,
        "stdev": 0.02315237309564622,
        "confidence": 95
    },
    "UTILIZATION5": {
        "mean": 0.8755021654636096,
        "half_confidence_interval": 0.006558522002916938,
        "stdev": 0.02561666842306755,
        "confidence": 95
    },
    "UTILIZATION6": {
        "mean": 0.0,
        "half_confidence_interval": 0.0,
        "stdev": 0.0,
        "confidence": 95
    }
}