{
    "seed": 2005545494,
    "arrival_stream": 0,
    "service_stream": 1,
    "observation_period": 6000.0,
    "interarrivals": 3.5,
    "batch_size": 0,
    "k": 0,
    "servers": 3,
    "acquisition_time": [
        37.78840368752129,
        55.12748918777176,
        58.23074355464277,
        60.898443965364145,
        67.96030776337678,
        75.64074571538185,
        84.42290368316489,
        88.54407923846367,
        107.69413550474495,
        128.91448260094646,
        147.81196984369936,
        172.6822900048295,
        198.6010903192003,
        252.49498937626353,
        305.51058677214127,
        358.71667757987717,
        434.50644271870186,
        522.3540557296178,
        634.5548543343092,
        777.8493416260859,
        896.2988323526542,
        1014.9847378565835,
        1204.3946695917887,
        1458.4693480609444,
        1660.0272185443278,
        2157.5635554774058,
        2790.762970231596,
        3564.9573480445406,
        4458.133935879525,
        5561.179523275938
    ],
    "avg_utilization1": [
        0.5692651251274401,
        0.46029765226484864,
        0.5641688720698015,
        0.5394550463340765,
        0.5770397223539777,
        0.6238817800583868,
        0.581160469220836,
        0.587812246095231,
        0.499453184383729,
        0.5297044410259776,
        0.5247145460722947,
        0.5606623939367243,
        0.508364169122163,
        0.5637179099014553,
        0.585195828846385,
        0.536124646006565,
        0.49308342079223344,
        0.475504239877423,
        0.43275791688728005,
        0.408644294526095,
        0.9230928459425322,
        0.7627513558637312,
        0.6469347442984716,
        0.6645608517429041,
        0.9862110338077884,
        0.7409898274779574,
        0.5795170404081944,
        0.4821685233034097,
        0.4540614194941952,
        0.4874677453776915
    ],
    "avg_utilization2": [
        0.7292327508474798,
        0.631432301683856,
        0.6182668877593425,
        0.7313625553052224,
        0.6947757734650547,
        0.7244754342048002,
        0.7336797488626325,
        0.7947994975278231,
        0.7825186481976613,
        0.8992728500692033,
        0.8240666490374554,
        0.7317473110887951,
        0.7383722721754739,
        0.7542029967651543,
        0.7923430339302102,
        0.7882173476393681,
        0.7385809505920312,
        0.7101638247849551,
        0.68107243420862,
        0.6594282511946089,
        0.8905203789764587,
        0.8586739988615772,
        0.8409803996085268,
        0.7237366512892959,
        1.0705231468067316,
        0.4818610556613558,
        0.43894847414823884,
        0.44931032721992775,
        0.44382549596281407,
        0.4263158280837879
    ],
    "avg_utilization3": [
        0.14987747645968116,
        0.1027369587763067,
        0.13743667668690418,
        0.13141616360032415,
        0.11776050077675247,
        0.105803291591955,
        0.16530046885965005,
        0.1576067613028845,
        0.14522224727144645,
        0.2860512824608094,
        0.32439823884712365,
        0.43740085102252624,
        0.466421249353962,
        0.43102223427428105,
        0.49774766131212517,
        0.548264806544629,
        0.6094501794494183,
        0.574163128214071,
        0.5783945746183762,
        0.5577902432287272,
        0.894397623194298,
        0.537119059099515,
        0.6822114299813754,
        0.6148515022345881,
        1.0046872339245014,
        0.4464602783528261,
        0.4495618147195021,
        0.44723680931139465,
        0.43949790043844744,
        0.4229662304616048
    ],
    "avg_utilization4": [],
    "avg_utilization5": [],
    "avg_utilization6": [],
    "global": {
        "avg_wait": [
            4.896754310167319,
            10.721210063853926,
            11.034355469160234,
            10.188376336786895,
            10.915337522429141,
            11.062787290581374,
            10.626206196794111,
            9.53847298284883,
            9.005802446244394,
            8.983101666295957,
            9.199308602815623,
            9.306753293524975,
            8.977770501122592,
            9.393423052626899,
            10.793802311167555,
            10.460291732056453,
            10.321832791972543,
            9.346542381369739,
            8.634797125891945,
            8.129948266522614,
            18.067571280524987,
            17.894895670973153,
            15.561958593539595,
            12.705826135615276,
            41.46439550505789,
            17.81258702723968,
            12.565632522231674,
            10.355586732612863,
            9.401890809374471,
            9.04818647945816
        ],
        "avg_delay": [
            0.7425354647239644,
            5.666347057543638,
            6.19993271107119,
            5.80368957667276,
            6.482167396530864,
            6.728442356332385,
            6.349660079855404,
            5.681853785065794,
            5.2570114065555815,
            5.108229465883658,
            5.086116135417459,
            5.281900690164538,
            5.021549742376887,
            5.139990737876674,
            6.146667914652645,
            5.996661827652764,
            5.802193616151156,
            5.057542094536457,
            4.440228605432919,
            4.0507997197000085,
            13.477116821995063,
            14.550811719481274,
            11.01079924489451,
            8.260206885338043,
            37.43922449725979,
            13.078472606826047,
            7.9605250087997295,
            5.853786190336679,
            4.969626716892343,
            4.559159544366318
        ],
        "avg_number": [
            1.295835185486905,
            2.333763475569008,
            2.6529109391035144,
            2.844118608742872,
            3.212268420100158,
            3.5101041437771157,
            3.650194038143237,
            3.662673825354777,
            3.4285794538900563,
            3.4841320715311177,
            3.6719570691064534,
            3.826561970088495,
            3.887633556571161,
            3.8318486113749595,
            4.345635607265552,
            4.315726792489672,
            4.204688871234785,
            3.811233980850422,
            3.4835570938107625,
            3.208711487246106,
            9.863609514620094,
            13.362610588676674,
            7.546915355334818,
            5.684430265763342,
            30.903826514248077,
            6.287960301372416,
            4.0072829270665045,
            3.1605624262698755,
            2.8411756410762825,
            2.6946768630942235
        ]
    },
    "c1": {
        "avg_wait": [
            5.8243841060251995,
            6.26865463628506,
            6.292898868425833,
            7.359979032714382,
            8.056251562229532,
            9.356114114037403,
            8.34991323072639,
            7.284616341088974,
            6.858175454982301,
            6.148790725312983,
            6.585585960916357,
            5.967992223060892,
            6.517628265635382,
            9.067261887617331,
            10.179393244592497,
            9.060494294188127,
            8.796330012435543,
            7.744074816059803,
            7.304959670349201,
            6.712330860267602,
            16.434634045831743,
            5.876565413373328,
            10.613145529750174,
            11.426638281601077,
            54.740698314279726,
            22.676108235824422,
            15.938894701593137,
            12.643817067764699,
            10.56784548975518,
            10.266772221749655
        ],