{
    "seed": 2032882275,
    "arrival_stream": 0,
    "service_stream": 1,
    "observation_period": 40000.0,
    "interarrivals": 5.0,
    "batch_size": 0,
    "k": 0,
    "servers": 2,
    "acquisition_time": [
        60.394736604248486,
        70.01345751355278,
        90.96099480077234,
        103.11215573639765,
        108.31801974257968,
        124.27311862406992,
        142.89387941763476,
        162.0039039228604,
        205.02461932596637,
        264.4494518386434,
        309.76050412514365,
        387.16584366561307,
        445.88587876498445,
        521.148992782983,
        593.9509341035177,
        708.8262001786113,
        842.1622336950985,
        1037.3768241574985,
        1266.1424816496353,
        1504.2371173623783,
        1812.2837265787587,
        2218.196147790947,
        2716.0924301454997,
        3244.15477591337,
        3828.163923499049,
        4589.384173951172,
        5551.065122636462,
        6678.038440109114,
        7941.639351143336,
        9585.568587487895,
        11617.755888597378,
        13712.697771584206,
        16319.589628362473,
        19401.736369610993,
        23147.375111726506,
        28033.524348646064,
        33742.143953810715
    ],
    "avg_utilization1": [
        0.37176047674459006,
        0.33528287109774757,
        0.33382947628426096,
        0.35831661374190193,
        0.38262274911114613,
        0.385804525320632,
        0.49556857291267564,
        0.45062145271492643,
        0.4386662395253245,
        0.44976389924492105,
        0.4210870720347079,
        0.38605162969732665,
        0.4257659793533043,
        0.4574949380160817,
        0.4795173376255073,
        0.5053082648085858,
        0.5158193326935001,
        0.4947729935503718,
        0.47970544979227997,
        0.4733824631057961,
        0.4833922505941138,
        0.4577242519927031,
        0.45874878231406574,
        0.4517029465497599,
        0.46967431367260926,
        0.4697812528483422,
        0.4648980935676127,
        0.46991921120858987,
        0.4565101678105068,
        0.4512091510625002,
        0.4523634256954386,
        0.46028728875383973,
        0.4560859165955574,
        0.4558600784925808,
        0.45969396899898274,
        0.45158470603588247,
        0.44886727765299084
    ],
    "avg_utilization2": [
        0.49221671928852967,
        0.4844395575728953,
        0.4034425188002125,
        0.4693113545520494,
        0.4467558176786714,
        0.4841773408724792,
        0.4905914421942716,
        0.47162277561675914,
        0.4196397409687075,
        0.37475509873553847,
        0.38030421485289023,
        0.36843073919122354,
        0.40977212365708837,
        0.4535274479756794,
        0.4982869734203973,
        0.5223712723627136,
        0.5257675916087372,
        0.5015701354209354,
        0.4872488548610167,
        0.4656834822863758,
        0.47124155498496173,
        0.4491590414874154,
        0.4428617146630435,
        0.4489442823472485,
        0.46795458194123674,
        0.4703215839728346,
        0.46803207971413957,
        0.46763183315443985,
        0.46271834622201513,
        0.45157502006815853,
        0.4495056077640358,
        0.4588223954772518,
        0.4585060036816021,
        0.45539846701454534,
        0.46029536959829187,
        0.4536109317509714,
        0.4509622833370406
    ],
    "avg_utilization3": [],
    "avg_utilization4": [],
    "avg_utilization5": [],
    "avg_utilization6": [],
    "global": {
        "avg_wait": [
            5.467215043613221,
            5.247052289819555,
            4.805145740981014,
            5.514156559060329,
            5.038369291419801,
            4.960254229791265,
            5.013753052505382,
            4.875770670858896,
            4.711886507601447,
            4.546886126888358,
            4.493233340204001,
            4.493127042755703,
            4.942093739425348,
            5.641966482768836,
            6.073593615246425,
            6.252793943569511,
            6.32668489655341,
            6.075651966161226,
            5.879373620303702,
            5.58902203667588,
            5.72048982969101,
            5.516014251896833,
            5.517105017431698,
            5.5866632211389,
            5.901564336239878,
            5.965808552594624,
            6.209183298078722,
            6.23783738854444,
            6.0435104775145385,
            5.897887779994379,
            5.914256885415548,
            5.9408272630159145,
            5.8409168320755445,
            5.7197748499064005,
            5.754272301163466,
            5.660913020534673,
            5.631223473838477
        ],
        "avg_delay": [
            0.5725830532534516,
            0.47715254437787635,
            0.40898789518103684,
            0.6013539919817465,
            0.5465370928392055,
            0.45544757736600455,
            0.564449567211846,
            0.4814422779159863,
            0.4198412169675626,
            0.3442697979134013,
            0.2917540660283062,
            0.4056779388792272,
            0.6438814142468601,
            1.0898654961205458,
            1.3557246273514956,
            1.3433617139175498,
            1.370836474191944,
            1.223148346896438,
            1.0969442338368158,
            0.9877912526045527,
            1.040691394209106,
            0.9647811566625175,
            0.9115250204162175,
            1.0015949272624756,
            1.1972430887704393,
            1.2566498681033362,
            1.4969393064868086,
            1.4910580755643439,
            1.4373681600012178,
            1.3415192664293976,
            1.3176099530772696,
            1.332922464467548,
            1.291873908525289,
            1.232036369265707,
            1.2477901831087932,
            1.1854590607135238,
            1.1690408825345568
        ],
        "avg_number": [
            0.9052469388911332,
            0.8993217834677905,
            0.7395701918286738,
            0.9091135844707783,
            0.9302919871307846,
            0.9579392778828424,
            1.0175302057389042,
            1.0232852344603887,
            0.9422641409932966,
            0.8596890814624732,
            0.8558249471499277,
            0.8239673650322802,
            0.9532036824485255,
            1.115079479712592,
            1.257767219110239,
            1.3055577000611718,
            1.3297001241394792,
            1.2474867749656453,
            1.1887442911138666,
            1.140664424148858,
            1.1615952990431524,
            1.0991265591036343,
            1.076570748029425,
            1.0952368348837436,
            1.1762541203918082,
            1.1907219851398774,
            1.2292942514332328,
            1.2320545305749515,
            1.2046476379625823,
            1.1684323983481664,
            1.160171686434816,
            1.1848990501357344,
            1.1742971828613809,
            1.1609514184622962,
            1.174601288127197,
            1.1449640233330778,
            1.1355189690508645
        ]
    },