{
    "interarrival": 2,
    "servers": 3,
    "seed": 1226319573,
    "GLOBAL AVG WAIT": {
        "mean": 14.911143476762787,
        "half_confidence_interval": 0.8977167735314426,
        "stdev": 2.3637212545803328,
        "confidence": 95
    },
    "GLOBAL AVG DELAY": {
        "mean": 10.464588064752373,
        "half_confidence_interval": 0.8703817470988381,
        "stdev": 2.2917471254581927,
        "confidence": 95
    },
    "GLOBAL AVG NUMBER": {
        "mean": 0.7680542461454192,
        "half_confidence_interval": 0.3046141128989406,
        "stdev": 0.8020601534177972,
        "confidence": 95
    },
    "QUEUE1 AVG WAIT": {
        "mean": 0.0,
        "half_confidence_interval": 0.0,
        "stdev": 0.0,
        "confidence": 95
    },
    "QUEUE1 AVG DELAY": {
        "mean": 0.0,
        "half_confidence_interval": 0.0,
        "stdev": 0.0,
        "confidence": 95
    },
    "QUEUE1 AVG NUMBER": {
        "mean": 0.0,
        "half_confidence_interval": 0.0,
        "stdev": 0.0,
        "confidence": 95
    },
    "QUEUE2 AVG WAIT": {
        "mean": 0.0,
        "half_confidence_interval": 0.0,
        "stdev": 0.0,
        "confidence": 95
    },
    "QUEUE2 AVG DELAY": {
        "mean": 0.0,
        "half_confidence_interval": 0.0,
        "stdev": 0.0,
        "confidence": 95
    },
    "QUEUE2 AVG NUMBER": {
        "mean": 0.0,
        "half_confidence_interval": 0.0,
        "stdev": 0.0,
        "confidence": 95
    },
    "QUEUE3 AVG WAIT": {
        "mean": 0.0,
        "half_confidence_interval": 0.0,
        "stdev": 0.0,
        "confidence": 95
    },
    "QUEUE3 AVG DELAY": {
        "mean": 0.0,
        "half_confidence_interval": 0.0,
        "stdev": 0.0,
        "confidence": 95
    },
    "QUEUE3 AVG NUMBER": {
        "mean": 0.0,
        "half_confidence_interval": 0.0,
        "stdev": 0.0,
        "confidence": 95
    },
    "UTILIZATION1": {
        "mean": 0.7455284353448125,
        "half_confidence_interval": 0.014424327562311719,
        "stdev": 0.03797978454601187,
        "confidence": 95
    },
    "UTILIZATION2": {
        "mean": 0.7420118515600244,
        "half_confidence_interval": 0.02232857706153572,
        "stdev": 0.05879196394790129,
        "confidence": 95
    },
    "UTILIZATION3": {
        "mean": 0.7462850039434227,
        "half_confidence_interval": 0.018167468968801132,
        "stdev": 0.04783561342466081,
        "confidence": 95
    },
    "UTILIZATION4": {
        "mean": 0.0,
        "half_confidence_interval": 0.0,
        "stdev": 0.0,
        "confidence": 95
    },
    "UTILIZATION5": {
        "mean": 0.0,
        "half_confidence_interval": 0.0,
        "stdev": 0.0,
        "confidence": 95
    },
    "UTILIZATION6": {
        "mean": 0.0,
        "half_confidence_interval": 0.0,
        "stdev": 0.0,
        "confidence": 95
    }
}