{
    "seed": 1513523776,
    "arrival_stream": 0,
    "service_stream": 1,
    "observation_period": 600000.0,
    "interarrivals": 6,
    "batch_size": 2048,
    "k": 48,
    "servers": 1,
    "acquisition_time": [],
    "avg_utilization1": [
        0.7511527175311692,
        0.7614574842862311,
        0.7470893774791166,
        0.7600291062456855,
        0.7407495283913397,
        0.7392168007585961,
        0.7383306257606441,
        0.7214630357946825,
        0.7201579153194541,
        0.7399380056877248,
        0.7271826982068077,
        0.711273435649054,
        0.7466806950655986,
        0.7511688354473881,
        0.7427354520413284,
        0.7516664892178729,
        0.7482072057039058,
        0.7223596069751855,
        0.7295517341220519,
        0.7502082242570816,
        0.7426299985449372,
        0.73712881467935,
        0.7676797031102611,
        0.7314165329620927,
        0.7242543087350508,
        0.7333165343512056,
        0.7713018900043059,
        0.7520012225243801,
        0.7360233666888528,
        0.7166036222139496,
        0.7352436721688069,
        0.727314914332535,
        0.725049481475813,
        0.7350974640926259,
        0.7253831933965991,
        0.7616351719360034,
        0.7507106150368968,
        0.7427032564320178,
        0.7767839213851471,
        0.7442064553539922,
        0.7507662248997673,
        0.7132280274092069,
        0.7530331135674722,
        0.7205238543145543,
        0.7488221806028046,
        0.7404040981561332,
        0.7465906418327722,
        0.7558964695732124
    ],
    "avg_utilization2": [],
    "avg_utilization3": [],
    "avg_utilization4": [],
    "avg_utilization5": [],
    "avg_utilization6": [],
    "avg_utilization7": [],
    "avg_utilization8": [],
    "avg_utilization9": [],
    "global": {
        "avg_wait": [
            16.20569227358906,
            16.738266936274584,
            17.544509543735636,
            16.332097217357035,
            14.304240799241768,
            15.1579006608438,
            13.506038460106971,
            15.064234159375253,
            13.113171406275846,
            15.619261902796623,
            14.252266302056064,
            13.798977531440272,
            14.595669893437858,
            16.74622451412543,
            16.247962573585937,
            15.252323833675788,
            14.885572308733103,
            12.877056307609877,
            14.525882253559757,
            14.022993930485498,
            13.818023275769463,
            13.537165904918822,
            17.179318505684677,
            14.42301245134405,
            14.390452538372188,
            13.647130124110078,
            16.33742866824514,
            13.419773772703053,
            15.223821725806005,
            12.613115888138964,
            13.326024490951255,
            12.877554141904,
            14.475707567501559,
            15.499652144167271,
            15.482578668004606,
            16.245193374365016,
            14.621118661219896,
            15.869148249097975,
            15.875912052752227,
            14.033611400419318,
            16.39309190460375,
            14.420569068057631,
            17.6326747140254,
            14.273870365788241,
            14.584466522287926,
            13.689509428414794,
            16.66010654900117,
            16.556885772046428
        ],
        "avg_delay": [
            11.707657057790119,
            12.24728369820749,
            13.130125590308618,
            11.816343285878403,
            9.828968427898673,
            10.667812708887581,
            9.087980584308838,
            10.65694692578436,
            8.769409394105217,
            11.111517937594002,
            9.799381209357286,
            9.361769037387958,
            10.159607997566141,
            12.197926524725972,
            11.808345058890069,
            10.769917215189963,
            10.408031250861939,
            8.535424097445656,
            10.102478184933602,
            9.675125383126186,
            9.434698161027399,
            8.977269407997767,
            12.649023199654579,
            10.01399921619776,
            10.011225564269978,
            9.165397470349404,
            11.757258294551207,
            9.031220311424534,
            10.815056943095414,
            8.179252616970757,
            8.978027817193066,
            8.560317025000614,
            9.99507223058339,
            10.998985766425704,
            11.023491248494224,
            11.775877572048216,
            10.061111627519523,
            11.345622247513234,
            11.360870387033088,
            9.582422347487721,
            12.005129336836688,
            10.09002584164179,
            13.140286076610238,
            9.936529186228313,
            10.16126158907116,
            9.358120774283918,
            12.191782179439485,
            12.063435750578037
        ],
        "avg_number": [
            2.705894250378116,
            2.837982729756023,
            2.9684000675210918,
            2.7457026966709868,
            2.3713597370791577,
            2.495491169130399,
            2.2553164117698192,
            2.4675957121291137,
            2.1732936411493506,
            2.5643674935525063,
            2.327541042251196,
            2.211963182898161,
            2.4563474123797437,
            2.765455434786668,
            2.7189473307436707,
            2.5577385707098386,
            2.4869235524603592,
            2.143155044189765,
            2.3947800319707784,
            2.419701432273161,
            2.341538663564244,
            2.1879335039195222,
            2.9124783100477862,
            2.3920458337115273,
            2.3805576933503483,
            2.2300663791393602,
            2.7541296763060754,
            2.296491608869303,
            2.5419929196478392,
            2.0410933889022855,
            2.2534613535786483,
            2.1663920082542467,
            2.345888309206796,
            2.5297504512138382,
            2.517403976906468,
            2.7686263445982044,
            2.409456397683157,
            2.6050386210633287,
            2.730872359539407,
            2.34378773127291,
            2.80851996363809,
            2.3756514830307975,
            2.951257113831036,
            2.3745393227000506,
            2.466164168727829,
            2.342311416583329,
            2.7842253568781925,
            2.783122903591551
        ]
    },