{
    "seed": 1612441518,
    "arrival_stream": 0,
    "service_stream": 1,
    "observation_period": 90000.0,
    "interarrivals": 2,
    "batch_size": 2048,
    "k": 8,
    "servers": 3,
    "acquisition_time": [],
    "avg_utilization1": [
        0.7850892580963166,
        0.6413986721690464,
        0.7435834731396741,
        0.7453764843173117,
        0.7466994764206369,
        0.673077361658266,
        0.7562158116190951,
        0.6879279111615363
    ],
    "avg_utilization2": [
        0.7385136742224219,
        0.7881152889017469,
        0.715060008649133,
        0.7220175720965812,
        0.7439466951047073,
        0.6815926361085517,
        0.7203168506834559,
        0.7038515853104652
    ],
    "avg_utilization3": [
        0.7264008515059887,
        0.7623161339201475,
        0.7946230503866725,
        0.7164136981899986,
        0.7368867960685298,
        0.7822302564630401,
        0.7664265697611835,
        0.7185820569187457
    ],
    "avg_utilization4": [],
    "avg_utilization5": [],
    "avg_utilization6": [],
    "avg_utilization7": [],
    "avg_utilization8": [],
    "avg_utilization9": [],
    "global": {
        "avg_wait": [
            16.47115649668902,
            17.217226431252993,
            16.028898154589,
            13.336723876732169,
            13.838443875759532,
            14.9389738826011,
            15.16405473390365,
            11.959590028147886
        ],
        "avg_delay": [
            11.923838489633708,
            12.795903550284827,
            11.549427063599204,
            8.9693260079791,
            9.360958590562387,
            10.594640464650542,
            10.726508176937052,
            7.542227759064055
        ],
        "avg_number": [
            8.143579749215334,
            4.258912245929647,
            2.6595727868728507,
            1.6611908860032691,
            1.3786693975280961,
            1.237444216079603,
            1.0793666285935006,
            0.7407949881633785
        ]
    },
    "c1": {
        "avg_wait": [
            24.14035933176949,
            9.24456370554647,
            14.76362891081609,
            12.362206390648323,
            13.006907490727551,
            11.052754048715833,
            16.665280886829848,
            10.615997172200483
        ],
        "avg_delay": [
            19.43633641226773,
            5.2084908867016395,
            10.307855437184699,
            7.85905884433313,
            8.349495814994611,
            6.913402859366979,
            12.083713484286712,
            6.117983838582781
        ],
        "avg_number": [
            3.2376120368902983,
            0.41457477281162897,
            0.5662083527003874,
            0.32407136783108276,
            0.26806932049680715,
            0.189022485993196,
            0.28096370937010423,
            0.1211996640906673
        ]
    },
    "c2": {
        "avg_wait": [
            12.109654636674058,
            24.448151542404872,
            12.585363191878514,
            13.745878549968623,
            14.931099752499168,
            14.2459531137376,
            15.10097386066623,
            12.093212320640516
        ],
        "avg_delay": [
            7.739475964841518,
            19.784893873537282,
            8.115817098881456,
            9.430869040405067,
            10.489120994281077,
            9.760365792645745,
            10.809842034631583,
            7.610157549633207
        ],
        "avg_number": [
            1.3078890499812228,
            1.6632154586485328,
            0.42936208485918304,
            0.3929006193681546,
            0.35207169606690886,
            0.2498876046035619,
            0.2554770844631381,
            0.15490324042026724
        ]
    },
    "c3": {
        "avg_wait": [
            13.068878906726722,
            17.536506169895105,
            20.36150746829614,
            13.892128116729129,
            13.544577771419645,
            19.0875080563454,
            13.788625116584367,
            13.056986580645122
        ],
        "avg_delay": [
            8.497440618413432,
            12.991816508896095,
            15.850588667043727,
            9.606704343366227,
            9.20212388183579,
            14.67666007026722,
            9.346483321644918,
            8.774398618594882
        ],
        "avg_number": [
            1.3498183873022989,
            1.0874484058803744,
            0.9207522956737959,
            0.4002261160052344,
            0.3124542417039168,
            0.4386787362833674,
            0.22706442760568774,
            0.1910740229883625
        ]
    },
    "c4": {
        "avg_wait": [],
        "avg_delay": [],
        "avg_number": []
    },
    "c5": {
        "avg_wait": [],
        "avg_delay": [],
        "avg_number": []
    },
    "c6": {
        "avg_wait": [],
        "avg_delay": [],
        "avg_number": []
    },
    "mean_conditional_slowdown": {
        "(1.24)": [
            14.283190723136306,
            14.884860025204027,
            13.92653076982984,
            11.75542248123562,
            12.160035383677043,
            13.047559582742823,
            13.229076398309395,
            10.644830667861198
        ],
        "(2.65)": [
            7.215530753467554,
            7.497066577831318,
            7.048640813052454,
            6.032725991219687,
            6.222054292739446,
            6.6373486349438116,
            6.722284805246661,
            5.5130528408105235
        ],
        "(4.42)": [
            4.726505994726022,
            4.89530009756855,
            4.626447546287104,
            4.0173583431520745,
            4.1308696551492154,
            4.379858344479887,
            4.430781614005351,
            3.7057895991284813
        ],
        "(8.26)": [
            2.994086742940559,
            3.08440997957058,
            2.940544570773487,
            2.614615481444573,
            2.675356401423672,
            2.8085924797337896,
            2.8358419774701757,
            2.447892255223715
        ]
    }
}