{
    "interarrival": 2,
    "servers": 3,
    "seed": 1612441518,
    "GLOBAL AVG WAIT": {
        "mean": 15.087386825806409,
        "half_confidence_interval": 1.489699226464075,
        "stdev": 1.2958423226310376,
        "confidence": 95
    },
    "GLOBAL AVG DELAY": {
        "mean": 10.666127309002185,
        "half_confidence_interval": 1.4772476911518282,
        "stdev": 1.28501112519688,
        "confidence": 95
    },
    "GLOBAL AVG NUMBER": {
        "mean": 2.0458593601678277,
        "half_confidence_interval": 1.281429482070322,
        "stdev": 1.1146750477110074,
        "confidence": 95
    },
    "QUEUE1 AVG WAIT": {
        "mean": 0.0,
        "half_confidence_interval": 0.0,
        "stdev": 0.0,
        "confidence": 95
    },
    "QUEUE1 AVG DELAY": {
        "mean": 0.0,
        "half_confidence_interval": 0.0,
        "stdev": 0.0,
        "confidence": 95
    },
    "QUEUE1 AVG NUMBER": {
        "mean": 0.0,
        "half_confidence_interval": 0.0,
        "stdev": 0.0,
        "confidence": 95
    },
    "QUEUE2 AVG WAIT": {
        "mean": 0.0,
        "half_confidence_interval": 0.0,
        "stdev": 0.0,
        "confidence": 95
    },
    "QUEUE2 AVG DELAY": {
        "mean": 0.0,
        "half_confidence_interval": 0.0,
        "stdev": 0.0,
        "confidence": 95
    },
    "QUEUE2 AVG NUMBER": {
        "mean": 0.0,
        "half_confidence_interval": 0.0,
        "stdev": 0.0,
        "confidence": 95
    },
    "QUEUE3 AVG WAIT": {
        "mean": 0.0,
        "half_confidence_interval": 0.0,
        "stdev": 0.0,
        "confidence": 95
    },
    "QUEUE3 AVG DELAY": {
        "mean": 0.0,
        "half_confidence_interval": 0.0,
        "stdev": 0.0,
        "confidence": 95
    },
    "QUEUE3 AVG NUMBER": {
        "mean": 0.0,
        "half_confidence_interval": 0.0,
        "stdev": 0.0,
        "confidence": 95
    },
    "UTILIZATION1": {
        "mean": 0.7177252132206717,
        "half_confidence_interval": 0.05048963017043618,
        "stdev": 0.043919335169513116,
        "confidence": 95
    },
    "UTILIZATION2": {
        "mean": 0.7285081752573627,
        "half_confidence_interval": 0.03719950373550593,
        "stdev": 0.032358673794681235,
        "confidence": 95
    },
    "UTILIZATION3": {
        "mean": 0.7598160841315953,
        "half_confidence_interval": 0.030319022557675074,
        "stdev": 0.02637356045642544,
        "confidence": 95
    },
    "UTILIZATION4": {
        "mean": 0.0,
        "half_confidence_interval": 0.0,
        "stdev": 0.0,
        "confidence": 95
    },
    "UTILIZATION5": {
        "mean": 0.0,
        "half_confidence_interval": 0.0,
        "stdev": 0.0,
        "confidence": 95
    },
    "UTILIZATION6": {
        "mean": 0.0,
        "half_confidence_interval": 0.0,
        "stdev": 0.0,
        "confidence": 95
    }
}