{
    "seed": 12345,
    "arrival_stream": 0,
    "service_stream": 1,
    "observation_period": 20000.0,
    "interarrivals": 2,
    "batch_size": 512,
    "k": 16,
    "servers": 3,
    "acquisition_time": [],
    "avg_utilization1": [
        0.6627857110648757,
        0.7554858931384726,
        0.7482834666906887,
        0.7998539077789466,
        0.7275021305597523,
        0.7332018483729085,
        0.7614129139139408,
        0.783989247755192,
        0.7183326305740779,
        0.7201201023019492,
        0.7413164441680594,
        0.771966171468,
        0.8361817372089866,
        0.6937753766677869,
        0.708839009962016,
        0.7083615612853517
    ],
    "avg_utilization2": [
        0.6999378896246764,
        0.7254878203477805,
        0.7612246161403556,
        0.776738842334412,
        0.7367390327370911,
        0.7503874845149522,
        0.7845614536601458,
        0.79602306989953,
        0.7093065693321529,
        0.754798597394269,
        0.7294179640356437,
        0.7501349466325054,
        0.8244549483582374,
        0.7095422661459883,
        0.7146023508935355,
        0.6895462931262767
    ],
    "avg_utilization3": [
        0.6701735181093095,
        0.7786604139168691,
        0.7684960447495074,
        0.7797101748078326,
        0.7121929998774486,
        0.7552151008996825,
        0.7643016441737416,
        0.7981494593628784,
        0.6836738571727269,
        0.759263886410056,
        0.763526060270085,
        0.7421342907043322,
        0.8269595499323448,
        0.7205638148259788,
        0.7148138992146021,
        0.6899170415579967
    ],
    "avg_utilization4": [],
    "avg_utilization5": [],
    "avg_utilization6": [],
    "avg_utilization7": [],
    "avg_utilization8": [],
    "avg_utilization9": [],
    "global": {
        "avg_wait": [
            5.162176893355685,
            7.210232875668494,
            6.7648434211309345,
            6.1897663267777485,
            6.081123136573096,
            7.180758434273118,
            6.224332236950472,
            7.334991358071608,
            5.579692601299438,
            5.985732157049188,
            6.620395800449494,
            6.540358376052605,
            8.135125503820827,
            5.711802908023021,
            6.128173863071428,
            5.606636023239776
        ],
        "avg_delay": [
            0.9922264455859693,
            2.739155759905225,
            2.1370352496958684,
            1.5779698860863913,
            1.5463075561611337,
            2.55130468005742,
            1.5545561799360819,
            2.8261852100366784,
            1.1032286375075486,
            1.447833101070934,
            2.2700835706296054,
            2.0776441699991963,
            3.445987238878363,
            1.353088703219715,
            1.8527569547677807,
            1.3727458096726117
        ],
        "avg_number": [
            2.5054250694877473,
            1.784118990081981,
            1.1131334265417483,
            0.7715245435778294,
            0.6009576023730314,
            0.5885927073262778,
            0.43806696311636995,
            0.45580794385597817,
            0.3063650856663457,
            0.29571553438727066,
            0.29824516016656966,
            0.27067222170179595,
            0.3121826579263751,
            0.20325761679462565,
            0.20356226289335225,
            0.17448589056733996
        ]
    },
    "q1": {
        "avg_wait": [
            1.6472146285344347,
            2.4833435856123547,
            2.1350217119459174,
            2.175590789932721,
            2.037316275127902,
            2.228949457221704,
            2.4854843982638135,
            2.093505758418272,
            2.039530052217957,
            1.8516693059343878,
            1.7212757640203133,
            1.9849899272909695,
            2.3757655814986416,
            2.115759013796797,
            2.1586622399057767,
            1.9450837664729814
        ],
        "avg_delay": [
            0.42098300938355726,
            1.245259745762353,
            0.9076781803695271,
            0.9287593761791731,
            0.8161279894655696,
            1.005335677520634,
            1.25709519015733,
            0.8752303883415319,
            0.8147530902402415,
            0.6159627767973912,
            0.4863074203551508,
            0.7602432579229556,
            1.1673083864609897,
            0.9046277511191378,
            0.9114173059759111,
            0.7128032061727473
        ],
        "avg_number": [
            0.04429616439764348,
            0.06981078180719195,
            0.02946271630536537,
            0.022610425871798775,
            0.014019688173233553,
            0.016255752105936553,
            0.01883529548446706,
            0.010410241059947872,
            0.009436453578968895,
            0.00630009694106131,
            0.00500629281210806,
            0.007189697527426177,
            0.007611660578709526,
            0.006916179344497789,
            0.007627868752981539,
            0.005112574412555952
        ]
    },
    "q2": {
        "avg_wait": [
            3.446196810863312,
            4.198392681973468,
            3.7877575472062976,
            3.7503134172770602,
            3.6887815540135414,
            4.028967833818152,
            3.946003940680227,
            3.9357649842352815,
            3.736162005564751,
            3.7151222437692004,
            3.6935051627835582,
            3.9206343189106474,
            4.354630182119434,
            3.9274630121447203,
            3.91904432079465,
            3.4807020692411985
        ],
        "avg_delay": [
            0.825596992945085,
            1.5584513710858832,
            1.1711974046053224,
            1.1272350372705497,
            0.9223508922029626,
            1.4052310295602113,
            1.2377933876720544,
            1.3123941651180333,
            0.9656574464329508,
            1.0422689312847708,
            1.0178931050058762,
            1.192740044251409,
            1.6360170613890659,
            1.2601861232222225,
            1.2003483686587644,
            0.8646428583889811
        ],
        "avg_number": [
            0.18782695563964819,
            0.1626865201164436,
            0.08318440022483597,
            0.06147068162643056,
            0.041480326703860544,
            0.048818233896089455,
            0.03556085706614794,
            0.035839268040463446,
            0.02236844947409348,
            0.0223264495596036,
            0.02015135156910446,
            0.019088999704343322,
            0.026976466600626872,
            0.019006321960474585,
            0.0165097082359165,
            0.011667497688725452
        ]
    },
    "q3": {
        "avg_wait": [
            10.202764510000536,
            13.885236887040387,
            12.716025151798494,
            11.156198238578197,
            10.983480312234082,
            13.361014927078473,
            10.702984723262684,
            14.020463757855056,
            9.73177677773208,
            11.093409987369837,
            13.927996933157143,
            11.847073724110968,
            14.701487762714796,
            9.885334801141816,
            11.886355099885332,
            10.86105599351409
        ],
        "avg_delay": [
            1.6344568185814967,
            5.118734013380509,
            3.9139575011009797,
            2.4603404027112337,
            2.6535069463619707,
            4.638113192501285,
            2.0629410844158023,
            5.639923610210326,
            1.4270091501510715,
            2.416384731861824,
            5.155052184438136,
            3.7494559649788006,
            6.355443332575714,
            1.728713376681982,
            3.3717244106114217,
            2.4813044282653443
        ],