{
    "seed": 1682265327,
    "arrival_stream": 0,
    "service_stream": 1,
    "observation_period": 20000.0,
    "interarrivals": 2,
    "batch_size": 512,
    "k": 38,
    "servers": 3,
    "acquisition_time": [],
    "avg_utilization1": [
        0.8375907673415811,
        0.8379492536939309,
        0.8783753817049034,
        0.8685810508642507,
        0.8611762901880876,
        0.8232231820309466,
        0.8118868201705179,
        0.8302755495466518,
        0.8433473719748743,
        0.7621553169861004,
        0.809359860240604,
        0.8168893660824057,
        0.835934445306397,
        0.8197963777289238,
        0.8191773644563135,
        0.8375855048874209,
        0.8671190436956534,
        0.834540162668532,
        0.8051326671373452
    ],
    "avg_utilization2": [
        0.6960510972215993,
        0.7184014483437767,
        0.753855002969514,
        0.8247740588539147,
        0.7576322287283676,
        0.7429355715047152,
        0.7392729418447637,
        0.7412169563736722,
        0.7188805006118546,
        0.6622925992730457,
        0.7056862649901883,
        0.8165501135680752,
        0.7230763168888096,
        0.6798913534691038,
        0.682713436800311,
        0.7173510239217946,
        0.7296505876944817,
        0.7829486251050797,
        0.6843032290851061
    ],
    "avg_utilization3": [
        0.5788395022954523,
        0.6299216001584702,
        0.6391598761645321,
        0.6681063309016315,
        0.6680852943751064,
        0.6406430659548895,
        0.5766736877176496,
        0.6106498201299416,
        0.6036763740773574,
        0.5081033789444049,
        0.5330353166111149,
        0.6234419363362196,
        0.6123897367961598,
        0.6231157727489308,
        0.5918303065431393,
        0.6098278897977397,
        0.6447488791174645,
        0.6902341845733205,
        0.5680215803846081
    ],
    "avg_utilization4": [],
    "avg_utilization5": [],
    "avg_utilization6": [],
    "avg_utilization7": [],
    "avg_utilization8": [],
    "avg_utilization9": [],
    "global": {
        "avg_wait": [
            6.240022814926489,
            6.277882036427099,
            7.522713792160985,
            8.007719752449137,
            7.396461121123235,
            6.757888843582979,
            7.129320032092652,
            6.438452412492687,
            6.52649266226064,
            5.570101145202596,
            7.640481379755592,
            7.961026807768327,
            7.114286391382169,
            7.967892282341534,
            6.080132473911956,
            8.056133625453572,
            8.058834315093506,
            8.228207492432027,
            6.820369244366411
        ],
        "avg_delay": [
            2.077867630230021,
            1.9033196328055606,
            3.140994808277631,
            3.085362946837361,
            2.834567326425241,
            2.347103357088264,
            2.599284040507771,
            2.2683518871495907,
            2.134489225633964,
            1.2471754248385596,
            3.0038663955087723,
            3.539471135077529,
            2.7227957496301456,
            3.6481402148324396,
            1.8916290295324438,
            3.618608049173398,
            3.540182555526151,
            3.75497671477295,
            2.323540260741797
        ],
        "avg_number": [
            3.1762430940404527,
            1.6028654866451908,
            1.2922989060504908,
            1.0163223563653163,
            0.752031221814961,
            0.5716935050301709,
            0.5120949999561221,
            0.4074141529064106,
            0.3663495242592356,
            0.2782642672930703,
            0.3431679121561169,
            0.32892864103080904,
            0.2714982003224592,
            0.2823618279082966,
            0.20133615059537177,
            0.2499219566699673,
            0.23557713532135127,
            0.22774667137910715,
            0.17815368674783544
        ]
    },
    "c1": {
        "avg_wait": [
            6.8358128156119164,
            6.4884366966917195,
            8.868042822356955,
            9.097109343865583,
            7.635146840681993,
            6.877985456336086,
            7.880857177753769,
            7.273695617365522,
            7.914392333355358,
            6.158642785563435,
            7.914312454676096,
            7.512276962849478,
            7.387342645942782,
            8.442455277280159,
            6.748520475558277,
            8.68464879705033,
            8.985653940616535,
            8.053742853142078,
            7.20394765440008
        ],
        "avg_delay": [
            2.604334550738102,
            2.379088122153518,
            4.329088404906517,
            4.175615810140701,
            3.3290957454997576,
            2.67258490792115,
            3.4436813176591468,
            3.067154439502168,
            3.0983964665336163,
            1.8741286785965467,
            3.3736709816448904,
            3.609935222289483,
            3.2579728134919828,
            4.106067361913769,
            2.5692422018572953,
            4.1447373672412136,
            4.3648914382516715,
            4.071547860315035,
            2.866244289738104
        ],
        "avg_number": [
            0.5074700770808903,
            0.24558104325943136,
            0.273069239381046,
            0.19252455572200952,
            0.1328814244073658,
            0.08787530416305235,
            0.09469160763840226,
            0.07240251832346001,
            0.06114420612737571,
            0.03675529073649373,
            0.06037385159186874,
            0.06088472354468614,
            0.05002422008843065,
            0.055702503003942284,
            0.032900992219699485,
            0.0484687830645356,
            0.04734978331345089,
            0.04534230636665671,
            0.029830486468536685
        ]
    },
    "c2": {
        "avg_wait": [
            5.680180506649893,
            6.2081283502065165,
            6.580292380597392,
            7.603003594695973,
            7.558617225294694,
            7.129684993878493,
            7.649294496193721,
            6.081581628926351,
            5.671654659151211,
            5.449445185387222,
            7.666227502654127,
            9.049537495132963,
            7.503256227117569,
            7.324608990137219,
            5.360393031750667,
            7.599926562632858,
            8.052037399605162,
            8.572367666006631,
            6.673950329858372
        ],
        "avg_delay": [
            1.8721967054134414,
            1.990058335199201,
            2.66265835699439,
            2.905443772433515,
            2.916178143882969,
            2.4676128488316986,
            2.691960532428516,
            2.036024274245582,
            1.7614485059639409,
            1.155037090497284,
            2.9947846883574702,
            4.006530254094609,
            2.7698062340704537,
            3.446778805841171,
            1.5434145257834477,
            3.458530604077707,
            3.5896194127478616,
            3.8507788705239943,
            2.318152862101212
        ],
        "avg_number": [
            0.3406121703855237,
            0.16969767156721835,
            0.16706117411821045,
            0.13252046483063085,
            0.09555203187637287,
            0.06605022337823747,
            0.06042562275094101,
            0.04453904271181972,
            0.03649871482861152,
            0.019496938965745128,
            0.04571206516178168,
            0.05205434018976289,
            0.032412661289973214,
            0.04318019091406893,
            0.018067577086520358,
            0.0375104646815298,
            0.03422597467779807,
            0.033932278826095175,
            0.020459976921888483
        ]
    },