{
    "seed": 1794379355,
    "arrival_stream": 0,
    "service_stream": 1,
    "observation_period": 90000.0,
    "interarrivals": 2,
    "batch_size": 2048,
    "k": 8,
    "servers": 3,
    "acquisition_time": [],
    "avg_utilization1": [
        0.6932097436310458,
        0.7257531968499277,
        0.7699842687441487,
        0.7188706648037255,
        0.7463463082750492,
        0.7567206355303698,
        0.6918295139259442,
        0.7445173471519858
    ],
    "avg_utilization2": [
        0.7641987614796695,
        0.6929265887127065,
        0.6991890774128068,
        0.74780201073989,
        0.667342382957472,
        0.7195201161993772,
        0.676617059798165,
        0.7253243034037457
    ],
    "avg_utilization3": [
        0.7409967341020006,
        0.7504195118417797,
        0.7946160598632172,
        0.7525553806506144,
        0.8008166108605073,
        0.8010178148048339,
        0.6745814400893062,
        0.696113427675503
    ],
    "avg_utilization4": [],
    "avg_utilization5": [],
    "avg_utilization6": [],
    "avg_utilization7": [],
    "avg_utilization8": [],
    "avg_utilization9": [],
    "global": {
        "avg_wait": [
            12.69190960892628,
            13.542191062683411,
            15.298707723343124,
            12.904664821542148,
            15.16515240501361,
            17.963206577173274,
            11.609149939008335,
            12.219109026663594
        ],
        "avg_delay": [
            8.348788209865607,
            9.074713834420825,
            10.789460871151865,
            8.561095800357016,
            10.768174278717051,
            13.504053494147804,
            7.326151400828774,
            7.821713206774989
        ],
        "avg_number": [
            6.424402639519204,
            3.3559000029159836,
            2.5379440826812605,
            1.6158050913694615,
            1.5207269137909851,
            1.5059317663587897,
            0.827574117904736,
            0.7610705263531753
        ]
    },
    "c1": {
        "avg_wait": [
            10.80378158271237,
            13.673955439299515,
            16.91290394877637,
            11.818714784908371,
            14.04506187798489,
            15.593352561158811,
            11.801043759841393,
            11.817490387070691
        ],
        "avg_delay": [
            6.586164146560601,
            9.237271199694904,
            12.251812789315716,
            7.481369681264679,
            9.703290225422826,
            11.22029892870644,
            7.521738122128616,
            7.399532466839032
        ],
        "avg_number": [
            1.0825052837686928,
            0.7712282111948937,
            0.6688944582926089,
            0.30416907122204107,
            0.331151174778546,
            0.3192131030005347,
            0.18117606814865983,
            0.1582031098982268
        ]
    },
    "c2": {
        "avg_wait": [
            16.708609355415337,
            12.913913443102944,
            12.636295719729754,
            14.406741284461875,
            12.489195444267637,
            14.927332013022903,
            12.397162109025327,
            12.700030367885025
        ],
        "avg_delay": [
            12.038011119838348,
            8.557678857647543,
            8.287812763925015,
            10.046337481366937,
            8.200995375126254,
            10.506761238149657,
            8.264240873929309,
            8.265961773779013
        ],
        "avg_number": [
            1.9696477248642208,
            0.6948141067451262,
            0.4403937224331194,
            0.42135113666660473,
            0.25498509392435936,
            0.2804193231930069,
            0.2025126483220889,
            0.17069412676017653
        ]
    },
    "c3": {
        "avg_wait": [
            10.745376883900677,
            14.023496539937167,
            16.215941732296272,
            12.4623869460737,
            18.628749845534152,
            23.13644303502795,
            10.554623724731588,
            12.152731118171788
        ],
        "avg_delay": [
            6.587178550636585,
            9.416440016918287,
            11.702352188001974,
            8.129448850606083,
            14.081558062133574,
            18.55604204463645,
            6.105659069230207,
            7.814428346683766
        ],
        "avg_number": [
            1.1738443916735761,
            0.7827689742970634,
            0.6806047218936989,
            0.3464225642185872,
            0.4936717016161475,
            0.5324696316477223,
            0.13856599770131414,
            0.1582802960302665
        ]
    },
    "c4": {
        "avg_wait": [],
        "avg_delay": [],
        "avg_number": []
    },
    "c5": {
        "avg_wait": [],
        "avg_delay": [],
        "avg_number": []
    },
    "c6": {
        "avg_wait": [],
        "avg_delay": [],
        "avg_number": []
    },
    "mean_conditional_slowdown": {
        "(1.24)": [
            11.23541097494055,
            11.921121824744686,
            13.3376675188251,
            11.406987759308183,
            13.22996161694646,
            15.486456917075222,
            10.362217692748658,
            10.85412018279322
        ],
        "(2.65)": [
            5.789399852425012,
            6.1102607783710985,
            6.773097254091745,
            5.869684838317792,
            6.722699020759853,
            7.7785685196880285,
            5.380811297738994,
            5.6109845383636205
        ],
        "(4.42)": [
            3.8714727622005163,
            4.0638441318288265,
            4.4612460912541,
            3.919607425688269,
            4.431029955885432,
            5.0640738862382975,
            3.6265045110878584,
            3.7645043046750213
        ],
        "(8.26)": [
            2.5365508001121406,
            2.6394904434241417,
            2.852143792172291,
            2.5623080897750787,
            2.8359748674350618,
            3.1747223459047547,
            2.4054660943109365,
            2.4793110201771906
        ]
    }
}