{
    "interarrival": 2.5,
    "servers": 3,
    "seed": 709323495,
    "GLOBAL AVG WAIT": {
        "mean": 5.267203910838315,
        "half_confidence_interval": 0.04472547981827704,
        "stdev": 0.1746914603713822,
        "confidence": 95
    },
    "GLOBAL AVG DELAY": {
        "mean": 0.8396823409558516,
        "half_confidence_interval": 0.03322348506976534,
        "stdev": 0.12976627973686658,
        "confidence": 95
    },
    "GLOBAL AVG NUMBER": {
        "mean": 2.1083463609977744,
        "half_confidence_interval": 0.023344365018027374,
        "stdev": 0.0911798203845163,
        "confidence": 95
    },
    "QUEUE1 AVG WAIT": {
        "mean": 1.6912245084299133,
        "half_confidence_interval": 0.0165710495434425,
        "stdev": 0.06472419874291721,
        "confidence": 95
    },
    "QUEUE1 AVG DELAY": {
        "mean": 0.4613530831704332,
        "half_confidence_interval": 0.01680302042317892,
        "stdev": 0.06563024451167004,
        "confidence": 95
    },
    "QUEUE1 AVG NUMBER": {
        "mean": 0.03688788941939851,
        "half_confidence_interval": 0.001370408268194714,
        "stdev": 0.005352622770032782,
        "confidence": 95
    },
    "QUEUE2 AVG WAIT": {
        "mean": 3.300491192106589,
        "half_confidence_interval": 0.020358851437908183,
        "stdev": 0.07951882246143786,
        "confidence": 95
    },
    "QUEUE2 AVG DELAY": {
        "mean": 0.6382964992297111,
        "half_confidence_interval": 0.018340181531918524,
        "stdev": 0.07163418052315314,
        "confidence": 95
    },
    "QUEUE2 AVG NUMBER": {
        "mean": 0.11376704392903547,
        "half_confidence_interval": 0.003533541159606901,
        "stdev": 0.013801516897351783,
        "confidence": 95
    },
    "QUEUE3 AVG WAIT": {
        "mean": 9.7451467433889,
        "half_confidence_interval": 0.08364037472756844,
        "stdev": 0.32668758986008,
        "confidence": 95
    },
    "QUEUE3 AVG DELAY": {
        "mean": 1.3034411148693779,
        "half_confidence_interval": 0.07174887998576525,
        "stdev": 0.2802410768012015,
        "confidence": 95
    },
    "QUEUE3 AVG NUMBER": {
        "mean": 0.185759520807332,
        "half_confidence_interval": 0.010879476525367249,
        "stdev": 0.04249371163852592,
        "confidence": 95
    },
    "QUEUE4 AVG WAIT": {
        "mean": 0.0,
        "half_confidence_interval": 0.0,
        "stdev": 0.0,
        "confidence": 95
    },
    "QUEUE4 AVG DELAY": {
        "mean": 0.0,
        "half_confidence_interval": 0.0,
        "stdev": 0.0,
        "confidence": 95
    },
    "QUEUE4 AVG NUMBER": {
        "mean": 0.0,
        "half_confidence_interval": 0.0,
        "stdev": 0.0,
        "confidence": 95
    },
    "QUEUE5 AVG WAIT": {
        "mean": 0.0,
        "half_confidence_interval": 0.0,
        "stdev": 0.0,
        "confidence": 95
    },
    "QUEUE5 AVG DELAY": {
        "mean": 0.0,
        "half_confidence_interval": 0.0,
        "stdev": 0.0,
        "confidence": 95
    },
    "QUEUE5 AVG NUMBER": {
        "mean": 0.0,
        "half_confidence_interval": 0.0,
        "stdev": 0.0,
        "confidence": 95
    },
    "QUEUE6 AVG WAIT": {
        "mean": 0.0,
        "half_confidence_interval": 0.0,
        "stdev": 0.0,
        "confidence": 95
    },
    "QUEUE6 AVG DELAY": {
        "mean": 0.0,
        "half_confidence_interval": 0.0,
        "stdev": 0.0,
        "confidence": 95
    },
    "QUEUE6 AVG NUMBER": {
        "mean": 0.0,
        "half_confidence_interval": 0.0,
        "stdev": 0.0,
        "confidence": 95
    },
    "UTILIZATION1": {
        "mean": 0.5894630722903765,
        "half_confidence_interval": 0.00429244917965464,
        "stdev": 0.01676570533866879,
        "confidence": 95
    },
    "UTILIZATION2": {
        "mean": 0.591133422965983,
        "half_confidence_interval": 0.004380002592806034,
        "stdev": 0.017107676708591705,
        "confidence": 95
    },
    "UTILIZATION3": {
        "mean": 0.5913372283673298,
        "half_confidence_interval": 0.004146061041795898,
        "stdev": 0.01619393377383606,
        "confidence": 95
    },
    "UTILIZATION4": {
        "mean": 0.0,
        "half_confidence_interval": 0.0,
        "stdev": 0.0,
        "confidence": 95
    },
    "UTILIZATION5": {
        "mean": 0.0,
        "half_confidence_interval": 0.0,
        "stdev": 0.0,
        "confidence": 95
    },
    "UTILIZATION6": {
        "mean": 0.0,
        "half_confidence_interval": 0.0,
        "stdev": 0.0,
        "confidence": 95
    }
}