{
    "interarrival": 5,
    "servers": 2,
    "seed": 123456789,
    "GLOBAL AVG WAIT": {
        "mean": 5.611712457220792,
        "half_confidence_interval": 0.054060737961271504,
        "stdev": 0.20005798594110355,
        "confidence": 95
    },
    "GLOBAL AVG DELAY": {
        "mean": 1.1838473892664527,
        "half_confidence_interval": 0.04127448285555587,
        "stdev": 0.152740976580056,
        "confidence": 95
    },
    "GLOBAL AVG NUMBER": {
        "mean": 1.123121715124219,
        "half_confidence_interval": 0.013617398926551904,
        "stdev": 0.050392752776592775,
        "confidence": 95
    },
    "QUEUE1 AVG WAIT": {
        "mean": 5.598997026365125,
        "half_confidence_interval": 0.06436175220363653,
        "stdev": 0.238178075310851,
        "confidence": 95
    },
    "QUEUE1 AVG DELAY": {
        "mean": 1.18313418736363,
        "half_confidence_interval": 0.04436749851219092,
        "stdev": 0.16418703717941363,
        "confidence": 95
    },
    "QUEUE1 AVG NUMBER": {
        "mean": 0.11874267395351905,
        "half_confidence_interval": 0.004625705940726397,
        "stdev": 0.0171179574855318,
        "confidence": 95
    },
    "QUEUE2 AVG WAIT": {
        "mean": 5.626803282184645,
        "half_confidence_interval": 0.05997754048959427,
        "stdev": 0.22195379501931983,
        "confidence": 95
    },
    "QUEUE2 AVG DELAY": {
        "mean": 1.1851932404573455,
        "half_confidence_interval": 0.04169045243551622,
        "stdev": 0.1542803199097614,
        "confidence": 95
    },
    "QUEUE2 AVG NUMBER": {
        "mean": 0.11835847503661248,
        "half_confidence_interval": 0.004411418527644293,
        "stdev": 0.016324962238140867,
        "confidence": 95
    },
    "QUEUE3 AVG WAIT": {
        "mean": 0.0,
        "half_confidence_interval": 0.0,
        "stdev": 0.0,
        "confidence": 95
    },
    "QUEUE3 AVG DELAY": {
        "mean": 0.0,
        "half_confidence_interval": 0.0,
        "stdev": 0.0,
        "confidence": 95
    },
    "QUEUE3 AVG NUMBER": {
        "mean": 0.0,
        "half_confidence_interval": 0.0,
        "stdev": 0.0,
        "confidence": 95
    },
    "QUEUE4 AVG WAIT": {
        "mean": 0.0,
        "half_confidence_interval": 0.0,
        "stdev": 0.0,
        "confidence": 95
    },
    "QUEUE4 AVG DELAY": {
        "mean": 0.0,
        "half_confidence_interval": 0.0,
        "stdev": 0.0,
        "confidence": 95
    },
    "QUEUE4 AVG NUMBER": {
        "mean": 0.0,
        "half_confidence_interval": 0.0,
        "stdev": 0.0,
        "confidence": 95
    },
    "QUEUE5 AVG WAIT": {
        "mean": 0.0,
        "half_confidence_interval": 0.0,
        "stdev": 0.0,
        "confidence": 95
    },
    "QUEUE5 AVG DELAY": {
        "mean": 0.0,
        "half_confidence_interval": 0.0,
        "stdev": 0.0,
        "confidence": 95
    },
    "QUEUE5 AVG NUMBER": {
        "mean": 0.0,
        "half_confidence_interval": 0.0,
        "stdev": 0.0,
        "confidence": 95
    },
    "QUEUE6 AVG WAIT": {
        "mean": 0.0,
        "half_confidence_interval": 0.0,
        "stdev": 0.0,
        "confidence": 95
    },
    "QUEUE6 AVG DELAY": {
        "mean": 0.0,
        "half_confidence_interval": 0.0,
        "stdev": 0.0,
        "confidence": 95
    },
    "QUEUE6 AVG NUMBER": {
        "mean": 0.0,
        "half_confidence_interval": 0.0,
        "stdev": 0.0,
        "confidence": 95
    },
    "UTILIZATION1": {
        "mean": 0.44286718139750014,
        "half_confidence_interval": 0.0036201145597092466,
        "stdev": 0.013396650785831462,
        "confidence": 95
    },
    "UTILIZATION2": {
        "mean": 0.4431534637082305,
        "half_confidence_interval": 0.0031609392181345744,
        "stdev": 0.011697419560111683,
        "confidence": 95
    },
    "UTILIZATION3": {
        "mean": 0.0,
        "half_confidence_interval": 0.0,
        "stdev": 0.0,
        "confidence": 95
    },
    "UTILIZATION4": {
        "mean": 0.0,
        "half_confidence_interval": 0.0,
        "stdev": 0.0,
        "confidence": 95
    },
    "UTILIZATION5": {
        "mean": 0.0,
        "half_confidence_interval": 0.0,
        "stdev": 0.0,
        "confidence": 95
    },
    "UTILIZATION6": {
        "mean": 0.0,
        "half_confidence_interval": 0.0,
        "stdev": 0.0,
        "confidence": 95
    }
}