{
    "seed": 503017599,
    "arrival_stream": 0,
    "service_stream": 1,
    "observation_period": 20000.0,
    "interarrivals": 4,
    "batch_size": 200,
    "k": 15,
    "servers": 3,
    "acquisition_time": [],
    "avg_utilization1": [
        0.36006483330506345,
        0.30065673874646187,
        0.3301215076281926,
        0.35967850325641454,
        0.342584253539539,
        0.34254655672024137,
        0.4143085275738005,
        0.29160345799808546,
        0.3455819961734864,
        0.36400504293669034,
        0.3417483352592752,
        0.3258502132345225,
        0.34701670060183437,
        0.3935857653985666,
        0.3396107038698226
    ],
    "avg_utilization2": [
        0.46370845231285135,
        0.4190947369291183,
        0.42951699792402703,
        0.35486743811390775,
        0.44111991653560073,
        0.41307176640285226,
        0.4327260533348061,
        0.4609499478637426,
        0.48046335064074197,
        0.3841860573850496,
        0.4381211301407161,
        0.38700987697298306,
        0.39520466687862177,
        0.4097907527323598,
        0.38466338970627056
    ],
    "avg_utilization3": [
        0.3861865296024298,
        0.4141260016923024,
        0.3505355046676709,
        0.3408561154361915,
        0.32125019832487084,
        0.322847649429969,
        0.4086620881846394,
        0.3774796750332309,
        0.3595078788239617,
        0.3415382336248139,
        0.41873412459964776,
        0.3484151298488468,
        0.3071854249312049,
        0.3716635719241471,
        0.34828744744823714
    ],
    "avg_utilization4": [],
    "avg_utilization5": [],
    "avg_utilization6": [],
    "avg_utilization7": [],
    "avg_utilization8": [],
    "avg_utilization9": [],
    "global": {
        "avg_wait": [
            5.099837974752899,
            5.046523925307328,
            4.502197501258405,
            4.720988678226267,
            4.256394751845262,
            4.616255025283178,
            4.812478050039444,
            5.104235444105334,
            4.419508811371852,
            4.446195406304055,
            4.91995744759447,
            4.838972519021708,
            4.510696637507044,
            4.9466585045459945,
            5.41648631714831
        ],
        "avg_delay": [
            0.4844999780344349,
            0.48800367637479547,
            0.28843761096814435,
            0.4859273269882124,
            0.2198904239608555,
            0.27332590598727846,
            0.46206245698077963,
            0.5915007487272169,
            0.3211793231484535,
            0.27070644156084656,
            0.5439470099028222,
            0.4951805170297757,
            0.303338487529727,
            0.31023002495182483,
            0.8455917859941746
        ],
        "avg_number": [
            1.3363302076241106,
            0.6430641815701711,
            0.3871215376954275,
            0.3016676867169533,
            0.22017303020575676,
            0.1975882586205688,
            0.17962058692179864,
            0.16570770518220113,
            0.1287921833540718,
            0.11679311551405736,
            0.11792828744528455,
            0.1056246665934368,
            0.09053592371830213,
            0.09194192096286866,
            0.09327535935767678
        ]
    },
    "c1": {
        "avg_wait": [
            5.473339465131459,
            4.838173925292448,
            4.24748824976143,
            5.297793963991708,
            3.800777216852729,
            5.1650301004848975,
            6.050100411022748,
            5.693595304765001,
            4.179162566806538,
            4.070863880215671,
            4.485604836280233,
            4.84686436592684,
            4.542283061442619,
            4.832627542761399,
            4.915158348563311
        ],
        "avg_delay": [
            0.7350094868541405,
            0.5853894501431572,
            0.40557278137171476,
            0.7862316318837728,
            0.036556039471410014,
            0.49986759838181677,
            0.6612524166047702,
            0.7342281764971863,
            0.18653404952852187,
            0.05187751565471016,
            0.39479451132173693,
            0.5445978237633045,
            0.12550645053742632,
            0.24290882574287162,
            0.5775313095832033
        ],
        "avg_number": [
            0.05585323723232833,
            0.021259435815606704,
            0.011333784576675533,
            0.016076678426820347,
            0.0006334701646386335,
            0.006311728986034479,
            0.006540342558207356,
            0.005601584776378758,
            0.0016579577511613268,
            0.0004633261209684457,
            0.0028862077646421196,
            0.0036851043551665583,
            0.0007935127661481904,
            0.0015124803647617428,
            0.003331728632052532
        ]
    },
    "c2": {
        "avg_wait": [
            4.793001348987544,
            4.91515019864532,
            4.909338857837672,
            4.158056587374116,
            4.632283429008872,
            5.399032217460629,
            4.244383716912954,
            4.933372849394101,
            4.591206100467653,
            4.604113826714625,
            4.941040702949301,
            4.526955234153483,
            4.545011083572861,
            5.128137882994439,
            5.682551162251457
        ],
        "avg_delay": [
            0.42349291752656115,
            0.19748931134306308,
            0.22561677029022056,
            0.3681314330314126,
            0.34380015417508203,
            0.30762312229003186,
            0.3966841008752131,
            0.4427193238257687,
            0.4442516897078107,
            0.3210612103467091,
            0.617941014357011,
            0.46534318016774007,
            0.3753180919944306,
            0.5523561173949288,
            1.134887617218207
        ],
        "avg_number": [
            0.04494264021503102,
            0.00893375281833863,
            0.006789881798182945,
            0.008821247416026478,
            0.00675790191802696,
            0.004213473767756999,
            0.005848294571101734,
            0.00589283579052759,
            0.005113775822088577,
            0.0029517840445966417,
            0.005480313345464613,
            0.003961413305154872,
            0.0028625983287053395,
            0.003644594076381995,
            0.007035656675976169
        ]
    },
    "c3": {
        "avg_wait": [
            5.152144208278105,
            5.341016766888588,
            4.3184468302854,
            4.807945539290582,
            4.290760284828864,
            3.5451450287083954,
            4.507852567464116,
            4.911430082349232,
            4.437792729370448,
            4.6795543473568,
            5.303578192116178,
            5.236440080881766,
            4.435322168507974,
            4.8620623524448385,
            5.653081481865825
        ],
        "avg_delay": [
            0.3273199844212356,
            0.6973860487700231,
            0.23895565360233798,
            0.3156849750774602,
            0.2701757619347438,
            0.07123523462813593,
            0.38276572569060696,
            0.668851280230459,
            0.2960234020255636,
            0.45386020198999,
            0.5996815650387641,
            0.48290450465910906,
            0.39732157591001327,
            0.10570692468633253,
            0.798554934705728
        ],