{
    "seed": 1249644965,
    "arrival_stream": 0,
    "service_stream": 1,
    "observation_period": 840.0,
    "interarrivals": 5,
    "batch_size": 0,
    "k": 0,
    "servers": 3,
    "acquisition_time": [
        64.38798522260115,
        109.38621211143831,
        157.20334526256497,
        188.1336234592172,
        233.04337544903098,
        274.2178025142137,
        321.3286998158679,
        415.5311030244818,
        470.74608054817975,
        500.00797674406965,
        545.1942286814751,
        571.7830715741311,
        600.4890282687378,
        625.6555390817466,
        656.1159570517231,
        681.5239846222421,
        708.2459124982112,
        742.6746409172221
    ],
    "avg_utilization1": [
        0.5315754060683223,
        0.783727685442878,
        0.6732221969877684,
        1.2138804578004396,
        0.5984323679549424,
        0.8194332607259898,
        0.3615277924226369,
        0.41188961740607105,
        0.5891492142573349,
        0.9863165560891327,
        1.0076890402271246,
        0.5555330173580246,
        0.8277067972615493,
        0.9029074807960757,
        0.8702687375044234,
        0.7823597162351534,
        1.2414975367581718,
        0.9379006007714918
    ],
    "avg_utilization2": [
        0.2985146300914631,
        0.41892338522619105,
        0.62873581049025,
        0.7961959823278837,
        0.6819225066415936,
        0.542673661491115,
        0.7029173396294596,
        0.3027931947428296,
        0.4486862538354575,
        0.7554291137182282,
        0.8148856478813219,
        1.2745277961479766,
        0.7097220926139535,
        0.8732062622389091,
        0.6421325866431121,
        0.8336636338114518,
        1.2298651127335891,
        0.590857201122548
    ],
    "avg_utilization3": [
        0.1180839074753847,
        0.317357044291444,
        0.12724190536121352,
        0.5554081264869514,
        0.26898498050761416,
        0.08402344173961185,
        0.2844104625708499,
        0.13673000981339092,
        0.14565095155858376,
        0.4309228281452723,
        0.8412000609835277,
        0.6679062203420817,
        0.9387373811831127,
        0.4936233585783786,
        0.7179373601908015,
        0.9709891827309851,
        1.082912368179364,
        0.7046877405801281
    ],
    "avg_utilization4": [],
    "avg_utilization5": [],
    "avg_utilization6": [],
    "avg_utilization7": [],
    "avg_utilization8": [],
    "avg_utilization9": [],
    "global": {
        "avg_wait": [
            4.226694141574017,
            5.918829253332302,
            4.953176141050657,
            7.072069809827321,
            6.66089893668485,
            3.5915856302150284,
            5.159822481052659,
            5.431719451838012,
            4.277479344689429,
            5.586689049163136,
            10.569338404988779,
            20.591810097218488,
            8.396785847823354,
            4.948874029396127,
            7.63636573544728,
            8.067452564927393,
            13.382785207515772,
            11.099119565461628
        ],
        "avg_delay": [
            0.08990796222060737,
            0.0,
            0.0,
            0.8397696650783818,
            2.918978882441213,
            0.0,
            0.28505158408760795,
            0.22355766105689226,
            1.291238901953493,
            9.46808533054242,
            7.604456927485971,
            17.67894699439547,
            14.480552538873779,
            7.3080564432320685,
            1.8769322155881734,
            2.7812407426080235,
            6.813404494374257,
            2.3310847822540914,
            1.6043761932821117,
            1.8342802251844381,
            0.0,
            0.09936229714499802,
            0.0,
            0.33278667571234677,
            1.0992382142401975,
            0.0,
            0.07067569142863779,
            0.409211473508968,
            1.1205656333000198,
            1.6358177550017354,
            3.0163739747971445,
            0.132590727793657,
            2.5153271750456065,
            7.47050427573361,
            6.4314058304368436,
            0.1056829741247564,
            0.0,
            0.22271625929256078,
            0.1655961664464828,
            1.9650382335377403,
            0.6007812985673214,
            3.3963323432468067,
            0.12509063339170487,
            0.0,
            0.4662675842185872,
            6.492767149515271,
            1.0859902685979541,
            1.2311012937304417,
            6.550579650083923,
            3.280168611091805,
            1.3084525914791623,
            3.7786290463174357,
            1.5583559213075617,
            0.7608284394397392,
            0.0,
            0.0,
            1.5691107993284017,
            0.22936298877669234,
            0.5745003193477266,
            0.016065840108827462,
            0.0,
            0.0,
            0.00889622169446369,
            0.09020801230862151,
            2.7641271131575316,
            3.6363156802175163,
            1.3349650931319526,
            1.684217501333224,
            6.158494009727522,
            13.38422439521586,
            4.23722594753882,
            0.0,
            3.2039757082763516,
            0.0,
            0.0033081158379280576,
            8.855641334127736,
            4.319195021934711,
            0.0,
            0.027290566856868283,
            0.1606447174088588,
            0.3162724860539551,
            2.0628335875194144,
            2.2080363629794357,
            2.2250398800630493,
            0.9751449505285609,
            2.2516360016790506,
            2.9430447967575635,
            1.8828886104048106,
            0.033728096328597225,
            0.04178100256009998,
            0.0,
            1.6066344752508719,
            0.009969267954615665,
            2.3636149612483233,
            1.5611176256913684,
            0.0,
            0.44806170506792947,
            0.0,
            0.19266090021739316,
            1.2327259939553394,
            2.182988625004452,
            17.10066086966665,
            5.748238816466425,
            1.1909062448221979,
            2.3658882496582896,
            4.41546614153797,
            7.175259782684745,
            6.766999609888831
        ],
        "avg_number": [
            0.8533738654890383,
            0.8657514162464914,
            0.4411131700721021,
            0.6014507926689988,
            0.4287334229422234,
            0.19646348252839257,
            0.24086655583563235,
            0.19607627728596258,
            0.1362989365639011,
            0.16759799770222555,
            0.23263647006426008,
            0.5041865625147017,
            0.25169842935611386,
            0.11864853070731433,
            0.1513036735257892,
            0.20123531482136162,
            0.22674811058735883,
            0.2839510872261974
        ]
    },
    "c1": {
        "avg_wait": [
            4.999216485600525,
            8.978748162263138,
            7.507931083672995,
            9.85494685557137,
            9.425780481450392,
            3.1188766982545055,
            5.3723006040902135,
            4.311221312925379,
            4.295150848346509,
            7.927578851429393,
            10.158590532540188,
            27.04728777979375,
            3.798013703802553,
            7.5195787601761594,
            6.973176819765877,
            11.994589118401905,
            17.640227442089156,
            17.652872387452497
        ],