{
    "interarrival": 2.0,
    "servers": 3,
    "seed": 1323836034,
    "GLOBAL AVG WAIT": {
        "mean": 7.5440751862247675,
        "half_confidence_interval": 0.13631360809545628,
        "stdev": 0.5324218625141821,
        "confidence": 95
    },
    "GLOBAL AVG DELAY": {
        "mean": 3.1217799186141812,
        "half_confidence_interval": 0.1250249265808411,
        "stdev": 0.48832985349676994,
        "confidence": 95
    },
    "GLOBAL AVG NUMBER": {
        "mean": 3.7858106178563244,
        "half_confidence_interval": 0.07708123932442133,
        "stdev": 0.3010685255816201,
        "confidence": 95
    },
    "QUEUE1 AVG WAIT": {
        "mean": 7.4995407735101045,
        "half_confidence_interval": 0.14468342942735438,
        "stdev": 0.5651132124439668,
        "confidence": 95
    },
    "QUEUE1 AVG DELAY": {
        "mean": 3.062142827731135,
        "half_confidence_interval": 0.1291678091759578,
        "stdev": 0.5045113727030182,
        "confidence": 95
    },
    "QUEUE1 AVG NUMBER": {
        "mean": 0.504664435399276,
        "half_confidence_interval": 0.022532629612916175,
        "stdev": 0.08800929557561123,
        "confidence": 95
    },
    "QUEUE2 AVG WAIT": {
        "mean": 7.692788033912562,
        "half_confidence_interval": 0.14466457189224183,
        "stdev": 0.5650395575528131,
        "confidence": 95
    },
    "QUEUE2 AVG DELAY": {
        "mean": 3.270162347848834,
        "half_confidence_interval": 0.12584101552124627,
        "stdev": 0.4915173826048211,
        "confidence": 95
    },
    "QUEUE2 AVG NUMBER": {
        "mean": 0.5614350853029834,
        "half_confidence_interval": 0.022131357799877148,
        "stdev": 0.08644198407195657,
        "confidence": 95
    },
    "QUEUE3 AVG WAIT": {
        "mean": 7.446054761083806,
        "half_confidence_interval": 0.15367571941079897,
        "stdev": 0.6002358377500223,
        "confidence": 95
    },
    "QUEUE3 AVG DELAY": {
        "mean": 3.0329610466242207,
        "half_confidence_interval": 0.1316355547413594,
        "stdev": 0.5141500412739665,
        "confidence": 95
    },
    "QUEUE3 AVG NUMBER": {
        "mean": 0.501597853799441,
        "half_confidence_interval": 0.022567017542548126,
        "stdev": 0.08814361001272764,
        "confidence": 95
    },
    "QUEUE4 AVG WAIT": {
        "mean": 0.0,
        "half_confidence_interval": 0.0,
        "stdev": 0.0,
        "confidence": 95
    },
    "QUEUE4 AVG DELAY": {
        "mean": 0.0,
        "half_confidence_interval": 0.0,
        "stdev": 0.0,
        "confidence": 95
    },
    "QUEUE4 AVG NUMBER": {
        "mean": 0.0,
        "half_confidence_interval": 0.0,
        "stdev": 0.0,
        "confidence": 95
    },
    "QUEUE5 AVG WAIT": {
        "mean": 0.0,
        "half_confidence_interval": 0.0,
        "stdev": 0.0,
        "confidence": 95
    },
    "QUEUE5 AVG DELAY": {
        "mean": 0.0,
        "half_confidence_interval": 0.0,
        "stdev": 0.0,
        "confidence": 95
    },
    "QUEUE5 AVG NUMBER": {
        "mean": 0.0,
        "half_confidence_interval": 0.0,
        "stdev": 0.0,
        "confidence": 95
    },
    "QUEUE6 AVG WAIT": {
        "mean": 0.0,
        "half_confidence_interval": 0.0,
        "stdev": 0.0,
        "confidence": 95
    },
    "QUEUE6 AVG DELAY": {
        "mean": 0.0,
        "half_confidence_interval": 0.0,
        "stdev": 0.0,
        "confidence": 95
    },
    "QUEUE6 AVG NUMBER": {
        "mean": 0.0,
        "half_confidence_interval": 0.0,
        "stdev": 0.0,
        "confidence": 95
    },
    "UTILIZATION1": {
        "mean": 0.7302950041560623,
        "half_confidence_interval": 0.005064038214373735,
        "stdev": 0.019779424047317314,
        "confidence": 95
    },
    "UTILIZATION2": {
        "mean": 0.7587362706614481,
        "half_confidence_interval": 0.004680243608927213,
        "stdev": 0.018280376068837874,
        "confidence": 95
    },
    "UTILIZATION3": {
        "mean": 0.7291020279403789,
        "half_confidence_interval": 0.005377482249548914,
        "stdev": 0.021003692550906963,
        "confidence": 95
    },
    "UTILIZATION4": {
        "mean": 0.0,
        "half_confidence_interval": 0.0,
        "stdev": 0.0,
        "confidence": 95
    },
    "UTILIZATION5": {
        "mean": 0.0,
        "half_confidence_interval": 0.0,
        "stdev": 0.0,
        "confidence": 95
    },
    "UTILIZATION6": {
        "mean": 0.0,
        "half_confidence_interval": 0.0,
        "stdev": 0.0,
        "confidence": 95
    }
}