{
    "seed": 1749501999,
    "arrival_stream": 0,
    "service_stream": 1,
    "observation_period": 40000.0,
    "interarrivals": 5.0,
    "batch_size": 0,
    "k": 0,
    "servers": 2,
    "acquisition_time": [
        53.08984168102774,
        64.40266539424962,
        70.55789755433466,
        84.61948978647467,
        113.60341768631055,
        121.56275397685513,
        134.94566287202468,
        156.31179982885342,
        202.66009656059663,
        246.73416618034167,
        299.9900049884613,
        381.4398153551376,
        486.3803089360522,
        574.6791371165036,
        674.6089459794255,
        776.6175732920266,
        892.9586681948119,
        1048.5215217737523,
        1248.0011705057145,
        1513.3866272248965,
        1906.4008270275692,
        2335.938000576327,
        2727.2549787464286,
        3228.2736375383142,
        3821.2071047912154,
        4501.075592026287,
        5407.552896772865,
        6366.479758905417,
        7799.491775913252,
        9298.299221543293,
        11274.01966979236,
        13478.024738756147,
        16233.111642627426,
        19576.647009605695,
        23702.38263269838,
        28393.762278941165,
        34213.25306712193
    ],
    "avg_utilization1": [
        0.43053794844479804,
        0.37095745245193096,
        0.3385963799072592,
        0.37138201190364334,
        0.3575281827280126,
        0.36658076488593516,
        0.436367998745639,
        0.4036953049939491,
        0.3779501692487196,
        0.39667218860880643,
        0.35987983521005545,
        0.3396668160855746,
        0.30339362505817974,
        0.3153359801718793,
        0.325500239850526,
        0.3597813300474818,
        0.3646631457076683,
        0.3876301948545778,
        0.39998928670507994,
        0.41529907268444816,
        0.38867726077296083,
        0.3810519412811404,
        0.4004157193459155,
        0.41710025644507187,
        0.4248175365241993,
        0.4465583854864414,
        0.45284784167048076,
        0.4626069847988777,
        0.4589695611977335,
        0.4573943437736049,
        0.456741175345454,
        0.4574706054102157,
        0.45458935295566555,
        0.45467793650585486,
        0.4477753192554237,
        0.44741128611944253,
        0.44249163882489173
    ],
    "avg_utilization2": [
        0.3716540009526868,
        0.4794379683806671,
        0.4796037847814491,
        0.4221156171759744,
        0.43686499488955144,
        0.44400418262275465,
        0.4984180508407193,
        0.49891168140032877,
        0.47094073817996307,
        0.4549193769119146,
        0.42896669248451,
        0.4271659354444918,
        0.395017351338047,
        0.3881283909960196,
        0.3828229145533846,
        0.4004246226512326,
        0.4172750644900853,
        0.41488601595981284,
        0.4202484614761431,
        0.4109090213823092,
        0.39568980835806195,
        0.3954744231465247,
        0.41162213601310027,
        0.41937843445249173,
        0.4274656324929968,
        0.43556558233848475,
        0.4319477961186607,
        0.4457805965295308,
        0.4517918432022409,
        0.4520666750169194,
        0.4473256465974093,
        0.4488381124035824,
        0.4453564372565615,
        0.44323473570523636,
        0.44096768712051837,
        0.44148375622857594,
        0.4379011295064629
    ],
    "avg_utilization3": [],
    "avg_utilization4": [],
    "avg_utilization5": [],
    "avg_utilization6": [],
    "global": {
        "avg_wait": [
            3.890202433531866,
            4.62519899251492,
            4.3244671526318985,
            4.1151424268997365,
            4.607232626460759,
            4.19126260226658,
            4.718917749994407,
            4.450335631096668,
            4.671258081683932,
            4.693534529400985,
            4.42722144751365,
            4.494610171736926,
            4.235291563780415,
            4.207414000913681,
            4.168080537654416,
            4.422918553995274,
            4.628444878717798,
            4.6298298483374865,
            5.2532650790455735,
            5.272102756806072,
            5.262737944388264,
            5.21729730202868,
            5.5063337428863735,
            5.667586199612458,
            5.657582058454774,
            5.76290265087861,
            5.716483672321568,
            6.020898012627042,
            6.118487580659039,
            5.965348284621246,
            5.943835866498674,
            5.9009023825570015,
            5.801014395650111,
            5.7275519323521165,
            5.657077681767892,
            5.596244083967852,
            5.53200498939661
        ],
        "avg_delay": [
            0.2812056737800955,
            0.23433806148341288,
            0.20086119555721105,
            0.16541510222358558,
            0.1406028368900477,
            0.12069395319573717,
            0.46563866821065114,
            0.4795220915097756,
            0.47525044097882785,
            0.4911998325016471,
            0.4162710444929213,
            0.3748842118510015,
            0.3111656126089987,
            0.2824984881469606,
            0.3709465563049955,
            0.5224353907403749,
            0.7026816031476788,
            0.6875095176680052,
            1.2554514324881112,
            1.1992288777650315,
            1.2023746009880631,
            1.1236079088778055,
            1.3277784901345853,
            1.4242180717097166,
            1.394166606442763,
            1.4282883924526826,
            1.362908409192669,
            1.6363406587465636,
            1.631136927824683,
            1.5171923125247426,
            1.4721809191361255,
            1.4346313333267544,
            1.3484327178605393,
            1.263925859161736,
            1.19880745970287,
            1.1449081891955544,
            1.1050354742019133
        ],
        "avg_number": [
            0.7327583413988732,
            0.8618026532040821,
            0.8580547640357972,
            0.8267294146280388,
            0.8111081022549095,
            0.8274763376416245,
            1.0141016156971105,
            0.9680101670056792,
            0.9450384392359898,
            0.9511318602650293,
            0.8707158940623783,
            0.8366125122418308,
            0.7488688744038037,
            0.7540967021502543,
            0.7599571710202742,
            0.842875526517552,
            0.9174385923025973,
            0.9405183748900432,
            1.0775918260482984,
            1.069479217817181,
            1.0158868670627543,
            0.9872031735978116,
            1.070071154502462,
            1.1165673135757357,
            1.129678395391985,
            1.1727905297916572,
            1.1617853169093624,
            1.247402768782297,
            1.2418201234719763,
            1.2183084371224977,
            1.2015237099546376,
            1.1974282826389013,
            1.1724879771138808,
            1.1521431376136833,
            1.1277217341634935,
            1.1175237590698388,
            1.1001515077800477
        ]
    },