{
    "interarrival": 1.5,
    "servers": 4,
    "seed": 395820776,
    "GLOBAL AVG WAIT": {
        "mean": 5.781975129382841,
        "half_confidence_interval": 0.10418960108735112,
        "stdev": 0.40694999010437166,
        "confidence": 95
    },
    "GLOBAL AVG DELAY": {
        "mean": 1.3254952298652598,
        "half_confidence_interval": 0.08661531007187293,
        "stdev": 0.33830727067554706,
        "confidence": 95
    },
    "GLOBAL AVG NUMBER": {
        "mean": 3.8560370592823516,
        "half_confidence_interval": 0.08163935676869172,
        "stdev": 0.3188718939550651,
        "confidence": 95
    },
    "QUEUE1 AVG WAIT": {
        "mean": 1.7681926132653283,
        "half_confidence_interval": 0.019715807342707458,
        "stdev": 0.07700718228384265,
        "confidence": 95
    },
    "QUEUE1 AVG DELAY": {
        "mean": 0.5399095595551262,
        "half_confidence_interval": 0.01915182707714042,
        "stdev": 0.07480435435191547,
        "confidence": 95
    },
    "QUEUE1 AVG NUMBER": {
        "mean": 0.07144771648734555,
        "half_confidence_interval": 0.0025814917766387503,
        "stdev": 0.01008294534189549,
        "confidence": 95
    },
    "QUEUE2 AVG WAIT": {
        "mean": 3.4978690382772712,
        "half_confidence_interval": 0.03256306347504466,
        "stdev": 0.1271867654798634,
        "confidence": 95
    },
    "QUEUE2 AVG DELAY": {
        "mean": 0.839955663823691,
        "half_confidence_interval": 0.029916393530201257,
        "stdev": 0.11684924334115626,
        "confidence": 95
    },
    "QUEUE2 AVG NUMBER": {
        "mean": 0.24706529285621437,
        "half_confidence_interval": 0.00932523153380443,
        "stdev": 0.03642304837333135,
        "confidence": 95
    },
    "QUEUE3 AVG WAIT": {
        "mean": 10.782532664927453,
        "half_confidence_interval": 0.2086067470115948,
        "stdev": 0.8147887384740148,
        "confidence": 95
    },
    "QUEUE3 AVG DELAY": {
        "mean": 2.3429188078885366,
        "half_confidence_interval": 0.19637696867955134,
        "stdev": 0.7670209370882396,
        "confidence": 95
    },
    "QUEUE3 AVG NUMBER": {
        "mean": 0.5672638006712095,
        "half_confidence_interval": 0.05235237049213452,
        "stdev": 0.20448102719822198,
        "confidence": 95
    },
    "QUEUE4 AVG WAIT": {
        "mean": 0.0,
        "half_confidence_interval": 0.0,
        "stdev": 0.0,
        "confidence": 95
    },
    "QUEUE4 AVG DELAY": {
        "mean": 0.0,
        "half_confidence_interval": 0.0,
        "stdev": 0.0,
        "confidence": 95
    },
    "QUEUE4 AVG NUMBER": {
        "mean": 0.0,
        "half_confidence_interval": 0.0,
        "stdev": 0.0,
        "confidence": 95
    },
    "QUEUE5 AVG WAIT": {
        "mean": 0.0,
        "half_confidence_interval": 0.0,
        "stdev": 0.0,
        "confidence": 95
    },
    "QUEUE5 AVG DELAY": {
        "mean": 0.0,
        "half_confidence_interval": 0.0,
        "stdev": 0.0,
        "confidence": 95
    },
    "QUEUE5 AVG NUMBER": {
        "mean": 0.0,
        "half_confidence_interval": 0.0,
        "stdev": 0.0,
        "confidence": 95
    },
    "QUEUE6 AVG WAIT": {
        "mean": 0.0,
        "half_confidence_interval": 0.0,
        "stdev": 0.0,
        "confidence": 95
    },
    "QUEUE6 AVG DELAY": {
        "mean": 0.0,
        "half_confidence_interval": 0.0,
        "stdev": 0.0,
        "confidence": 95
    },
    "QUEUE6 AVG NUMBER": {
        "mean": 0.0,
        "half_confidence_interval": 0.0,
        "stdev": 0.0,
        "confidence": 95
    },
    "UTILIZATION1": {
        "mean": 0.7425725020120479,
        "half_confidence_interval": 0.005996755797272779,
        "stdev": 0.02342248829912028,
        "confidence": 95
    },
    "UTILIZATION2": {
        "mean": 0.7418517605389826,
        "half_confidence_interval": 0.00614661209314081,
        "stdev": 0.02400780600342212,
        "confidence": 95
    },
    "UTILIZATION3": {
        "mean": 0.7440276403852543,
        "half_confidence_interval": 0.006246708705911851,
        "stdev": 0.024398769354385567,
        "confidence": 95
    },
    "UTILIZATION4": {
        "mean": 0.7417636351191828,
        "half_confidence_interval": 0.006308779113400785,
        "stdev": 0.02464120767308322,
        "confidence": 95
    },
    "UTILIZATION5": {
        "mean": 0.0,
        "half_confidence_interval": 0.0,
        "stdev": 0.0,
        "confidence": 95
    },
    "UTILIZATION6": {
        "mean": 0.0,
        "half_confidence_interval": 0.0,
        "stdev": 0.0,
        "confidence": 95
    }
}