{
    "seed": 1017267777,
    "arrival_stream": 0,
    "service_stream": 1,
    "observation_period": 40000.0,
    "interarrivals": 5.0,
    "batch_size": 0,
    "k": 0,
    "servers": 2,
    "acquisition_time": [
        48.645696443400226,
        59.589556247546994,
        74.68211184428553,
        89.19414209586006,
        100.05248863099916,
        126.55936871252868,
        159.0669227537039,
        188.36056704599446,
        231.5002067667856,
        278.8064054813605,
        335.80074945232263,
        389.4022308078098,
        442.2859992795585,
        549.8735215008312,
        631.4735452061644,
        723.8852623591895,
        861.5745815572249,
        1064.7701534775194,
        1258.8602967062122,
        1532.8370242058816,
        1765.5880905213119,
        2184.8500574948466,
        2604.9976876433293,
        3129.9320095894577,
        3788.965956469743,
        4570.7922445298755,
        5654.727466746532,
        6823.116815410118,
        8098.100251498204,
        9792.890099664439,
        11815.899440162106,
        14059.525929508036,
        16681.343499149134,
        19861.43994966031,
        23722.144540699108,
        28409.96984491581,
        33938.191138689916
    ],
    "avg_utilization1": [
        0.27020679387370833,
        0.346580519836763,
        0.3283921511174255,
        0.31221313254266125,
        0.35602335917486466,
        0.3791116363809116,
        0.36022167935667054,
        0.3414900468004811,
        0.35897100270097054,
        0.42819766168060264,
        0.42837411043570944,
        0.4619156718152698,
        0.48449447405292884,
        0.45244096809101353,
        0.43883490226715144,
        0.4333973460501739,
        0.4468235050256373,
        0.43746777001922654,
        0.44253757244541386,
        0.4385570126022841,
        0.46070752008872895,
        0.44761665189527367,
        0.4480940229939464,
        0.45438963958097545,
        0.44042090819164476,
        0.42928919053919024,
        0.4074931942114948,
        0.41840352333122277,
        0.42655989656871984,
        0.4205498511632751,
        0.41727137546845633,
        0.4171508535845486,
        0.4203966704106527,
        0.4252645781789779,
        0.42981322796282895,
        0.4310725196885183,
        0.43375759979374257
    ],
    "avg_utilization2": [
        0.45093679350279475,
        0.43926663570221175,
        0.36911843549738643,
        0.38122758222577735,
        0.3519424136231068,
        0.31956857261606675,
        0.4119193504072752,
        0.39915739741434836,
        0.4284960568345479,
        0.46961170385793793,
        0.4198013184312534,
        0.4329163211009042,
        0.4573191187927554,
        0.43939087125336684,
        0.44881351679264797,
        0.4487304929184099,
        0.44019925609742605,
        0.4496606835601287,
        0.465922104745076,
        0.44703606996143397,
        0.474763690245582,
        0.4639733223362837,
        0.4718398095633902,
        0.46379230838013663,
        0.4553098355170401,
        0.43542206877275674,
        0.41291636876268606,
        0.4126800759189851,
        0.418041414432403,
        0.41295626250432405,
        0.4146525257746507,
        0.41501281275837126,
        0.42065916664268876,
        0.42176720666123946,
        0.4240135914124117,
        0.4252081100043901,
        0.42858575908572044
    ],
    "avg_utilization3": [],
    "avg_utilization4": [],
    "avg_utilization5": [],
    "avg_utilization6": [],
    "global": {
        "avg_wait": [
            3.754075727652078,
            4.107375709155274,
            3.7529969120004094,
            3.836961332393458,
            3.820156060544588,
            3.7943196663397547,
            4.092735483827703,
            4.3684273737855275,
            4.7572149778761395,
            5.201336754130478,
            5.317143544058995,
            5.385940252327146,
            5.541870741711682,
            5.314395783048141,
            5.077196339970754,
            4.77786433512654,
            4.733997258327211,
            4.923807265605393,
            4.993034192368239,
            4.932142273452385,
            5.456467278502461,
            5.358619139283336,
            5.513154211004514,
            5.6755697468472475,
            5.518730198320471,
            5.320596628321156,
            5.146503479729564,
            5.209079754116084,
            5.264459853712547,
            5.197665387595839,
            5.192000538672935,
            5.202927358560438,
            5.221007823581895,
            5.24823011648887,
            5.260261541519244,
            5.2600820996044035,
            5.272846463201095
        ],
        "avg_delay": [
            0.24602252328987362,
            0.20501876940822802,
            0.17573037377848116,
            0.26314343469012075,
            0.2784691888443092,
            0.23205765737025766,
            0.3109571770771062,
            0.26522818044811997,
            0.42551269232711914,
            0.4524023307153414,
            0.5143428791401572,
            0.58566414128796,
            0.6982548574462766,
            0.5830089101007746,
            0.5303216732387566,
            0.4632741854906052,
            0.41627825128575546,
            0.5019853340098718,
            0.5336103199229818,
            0.5104163277381115,
            0.9739774150799637,
            0.8572031619288818,
            0.9967148352961941,
            1.1747616175196554,
            1.070639380397103,
            1.0057325258968008,
            0.9256565819364759,
            0.9152582912911245,
            0.9449033111771565,
            0.8993853620322763,
            0.8787363179814478,
            0.9251114007751473,
            0.9448995065101373,
            0.976195852888659,
            0.9735730289383108,
            0.9699869570360775,
            0.9724508484724811
        ],
        "avg_number": [
            0.7717179528964055,
            0.8271333370080642,
            0.7035413899054878,
            0.7313074728672833,
            0.7636303929697542,
            0.7195332350226816,
            0.7461597104935487,
            0.788522422914772,
            0.8425297619254906,
            0.9327864517944532,
            0.93421908560696,
            0.9820225146680334,
            1.0775852831958095,
            0.9954703113543741,
            0.9889490297056174,
            0.9768453073546004,
            0.972542055743392,
            0.9849740285719715,
            1.0153761752520933,
            0.9878203971060319,
            1.1372867597311582,
            1.0840605063209565,
            1.1216792036678624,
            1.153271811635396,
            1.1113298957274875,
            1.0662629694829755,
            1.0002263340689335,
            1.0069849867089127,
            1.029085796620656,
            1.0079115021808234,
            1.0014107929369178,
            1.012125614832927,
            1.0269032988887228,
            1.0405856902176243,
            1.0477440494908115,
            1.0497957466186587,
            1.057111358381169
        ]
    },