{
    "seed": 283971662,
    "arrival_stream": 0,
    "service_stream": 1,
    "observation_period": 20000.0,
    "interarrivals": 2,
    "batch_size": 512,
    "k": 57,
    "servers": 3,
    "acquisition_time": [],
    "avg_utilization1": [
        0.7083114369976873,
        0.7138982392832032,
        0.780309962330181,
        0.7034030088661425,
        0.7249998356290209,
        0.7225898334951913,
        0.7725191444629134,
        0.739415384800297,
        0.6881861248898119,
        0.7664336039036627,
        0.7828035169648742,
        0.7699853630660322,
        0.7814215802792269,
        0.739763924832627,
        0.7387997452332603,
        0.7263264847627572,
        0.6857519033497368,
        0.7235029921517865,
        0.6370062038376826
    ],
    "avg_utilization2": [
        0.7487586497436531,
        0.7303637033464485,
        0.75805047765964,
        0.759433632873593,
        0.7079387658741071,
        0.7445368070424565,
        0.7774123365542649,
        0.7540226204668207,
        0.7249472939608597,
        0.7804122159140162,
        0.755155428216634,
        0.7516597664907353,
        0.7880488693943153,
        0.7124879505619152,
        0.7344691156980871,
        0.7421237142195545,
        0.6947150962127527,
        0.7352199696116754,
        0.6030226203269461
    ],
    "avg_utilization3": [
        0.7227087554881872,
        0.7288808394137715,
        0.7561249372790529,
        0.7397014709512018,
        0.7190119097553376,
        0.7329325517876528,
        0.7774724911755345,
        0.7270323925244229,
        0.7223076428633617,
        0.7426265199081283,
        0.7911940974296923,
        0.7531555829390351,
        0.7576397693714223,
        0.7231993934618216,
        0.7260726613013296,
        0.7573464812517199,
        0.7005768325522633,
        0.705597353330574,
        0.6322796794610489
    ],
    "avg_utilization4": [],
    "avg_utilization5": [],
    "avg_utilization6": [],
    "avg_utilization7": [],
    "avg_utilization8": [],
    "avg_utilization9": [],
    "global": {
        "avg_wait": [
            5.991289403329993,
            6.066680710343034,
            5.4686863974304005,
            5.998404492790462,
            6.343573107375466,
            6.486720196353835,
            7.045582006207516,
            7.172624487069388,
            5.8887226230497465,
            6.727882886757932,
            6.897472570337847,
            6.698594956947435,
            5.703996337462087,
            5.66720399863069,
            6.17346675812238,
            6.235425757490383,
            6.618195758928014,
            5.887187389878079,
            4.887210285571598
        ],
        "avg_delay": [
            1.649858013067088,
            1.7279388181918844,
            1.0852005939317957,
            1.7200961435836453,
            1.9858707481062945,
            2.0171136732797326,
            2.520263542054254,
            2.850867933367919,
            1.5042215870551132,
            2.1495309996618523,
            2.4503422445370724,
            1.98935358510834,
            1.3007078539534476,
            1.2652917823572096,
            1.5096420762995884,
            1.7404995947314355,
            2.258202754267174,
            1.4835318302139484,
            0.8920661833704386
        ],
        "avg_number": [
            3.0022024003301264,
            1.5200739669562218,
            0.9247687290147983,
            0.7650418166411912,
            0.6426460879266118,
            0.545079461882685,
            0.5088386649860954,
            0.45416724159481625,
            0.3297640468739546,
            0.3389743876636469,
            0.31701346256749197,
            0.2812020980363442,
            0.22180284686697666,
            0.20424079258652,
            0.20676530839202084,
            0.1955762069970408,
            0.19473107244580518,
            0.16349585874608946,
            0.1281279530401874
        ]
    },
    "q1": {
        "avg_wait": [
            1.8672362776374671,
            1.8502515916013036,
            1.7850478552960989,
            1.960510256140949,
            2.063189185664437,
            2.118245479517129,
            2.469103964219847,
            2.1876387115305906,
            1.9568947537478079,
            2.178093836536772,
            2.025650711111946,
            2.154821403524786,
            2.0015007788708923,
            1.74876781098861,
            2.090200076341265,
            1.9995566104788631,
            1.847201217087651,
            1.7354087032108563,
            1.6825743968652143
        ],
        "avg_delay": [
            0.6502061100131593,
            0.6408687059711199,
            0.553774790004293,
            0.7090319327440264,
            0.8282772142938399,
            0.9188877036736756,
            1.2215919411410059,
            0.962054458620885,
            0.7137358516864302,
            0.9529208671682404,
            0.8012230935698123,
            0.9562293880554238,
            0.7284701153925546,
            0.5451558695930618,
            0.8345016281351706,
            0.7607500090074534,
            0.5902864417388661,
            0.5071438939552746,
            0.47259917755119685
        ],
        "avg_number": [
            0.078908255119666,
            0.03261715115276096,
            0.019021583833852024,
            0.016602485640106055,
            0.01769976203525698,
            0.01447765973850503,
            0.01912680398437933,
            0.012254754963299381,
            0.008118636494187464,
            0.008627066892939376,
            0.007336203890131109,
            0.0069777751537101786,
            0.004924018362527173,
            0.004182643699629996,
            0.005076784577637835,
            0.004520574657138852,
            0.00369755797124699,
            0.002860839386414687,
            0.0028555375118330868
        ]
    },
    "q2": {
        "avg_wait": [
            4.13505841744637,
            3.981270417973427,
            3.6253691169336006,
            4.022690927705075,
            3.8157161654170872,
            3.9803595447731297,
            4.484675806443436,
            3.7549207586557163,
            4.0731708679321965,
            3.9325347531901915,
            4.041295324128695,
            3.8513725188233683,
            3.772814591508002,
            3.6838811996527685,
            3.562734724887572,
            3.8170803383491423,
            4.193483842472061,
            3.829533431603154,
            3.3404914372108334
        ],
        "avg_delay": [
            1.4146769083902244,
            1.3028467245803863,
            1.0390104575105688,
            1.4008793140556348,
            1.1778446864600658,
            1.2928505200186502,
            1.8132096393692998,
            1.2346489723838487,
            1.4117180643343359,
            1.2150975375637951,
            1.30612493992368,
            1.1886132449598792,
            1.0951579398445423,
            0.9986218949155184,
            0.8561063423125241,
            1.1922479023492087,
            1.5415393927507677,
            1.1634263239953953,
            0.7599553652838408
        ],
        "avg_number": [
            0.2838316581144564,
            0.1504696636327846,
            0.0761821190156376,
            0.08410023892948693,
            0.054534563623105374,
            0.050075467190664066,
            0.05626832268379319,
            0.03466068224812036,
            0.03643948411630526,
            0.026903709179110075,
            0.026732361898605474,
            0.023486726225539652,
            0.019962085663449158,
            0.015604783169613744,
            0.012152511671857852,
            0.017529024751853237,
            0.020641261410040128,
            0.01413565185426355,
            0.009144687070277692
        ]
    },