{
    "interarrival": 2,
    "servers": 3,
    "seed": 1930924031,
    "GLOBAL AVG WAIT": {
        "mean": 15.00984594286962,
        "half_confidence_interval": 0.6094536913077863,
        "stdev": 2.380440764321981,
        "confidence": 95
    },
    "GLOBAL AVG DELAY": {
        "mean": 10.565705676216986,
        "half_confidence_interval": 0.5953275542251661,
        "stdev": 2.3252660512412993,
        "confidence": 95
    },
    "GLOBAL AVG NUMBER": {
        "mean": 0.43917705719335093,
        "half_confidence_interval": 0.13650564688429553,
        "stdev": 0.5331719391283757,
        "confidence": 95
    },
    "QUEUE1 AVG WAIT": {
        "mean": 0.0,
        "half_confidence_interval": 0.0,
        "stdev": 0.0,
        "confidence": 95
    },
    "QUEUE1 AVG DELAY": {
        "mean": 0.0,
        "half_confidence_interval": 0.0,
        "stdev": 0.0,
        "confidence": 95
    },
    "QUEUE1 AVG NUMBER": {
        "mean": 0.0,
        "half_confidence_interval": 0.0,
        "stdev": 0.0,
        "confidence": 95
    },
    "QUEUE2 AVG WAIT": {
        "mean": 0.0,
        "half_confidence_interval": 0.0,
        "stdev": 0.0,
        "confidence": 95
    },
    "QUEUE2 AVG DELAY": {
        "mean": 0.0,
        "half_confidence_interval": 0.0,
        "stdev": 0.0,
        "confidence": 95
    },
    "QUEUE2 AVG NUMBER": {
        "mean": 0.0,
        "half_confidence_interval": 0.0,
        "stdev": 0.0,
        "confidence": 95
    },
    "QUEUE3 AVG WAIT": {
        "mean": 0.0,
        "half_confidence_interval": 0.0,
        "stdev": 0.0,
        "confidence": 95
    },
    "QUEUE3 AVG DELAY": {
        "mean": 0.0,
        "half_confidence_interval": 0.0,
        "stdev": 0.0,
        "confidence": 95
    },
    "QUEUE3 AVG NUMBER": {
        "mean": 0.0,
        "half_confidence_interval": 0.0,
        "stdev": 0.0,
        "confidence": 95
    },
    "UTILIZATION1": {
        "mean": 0.7366954456138595,
        "half_confidence_interval": 0.012696413157900727,
        "stdev": 0.049590411663414824,
        "confidence": 95
    },
    "UTILIZATION2": {
        "mean": 0.7324033299468874,
        "half_confidence_interval": 0.013491006208568817,
        "stdev": 0.05269398083665008,
        "confidence": 95
    },
    "UTILIZATION3": {
        "mean": 0.7587598490144534,
        "half_confidence_interval": 0.012988786359243722,
        "stdev": 0.05073238044102405,
        "confidence": 95
    },
    "UTILIZATION4": {
        "mean": 0.0,
        "half_confidence_interval": 0.0,
        "stdev": 0.0,
        "confidence": 95
    },
    "UTILIZATION5": {
        "mean": 0.0,
        "half_confidence_interval": 0.0,
        "stdev": 0.0,
        "confidence": 95
    },
    "UTILIZATION6": {
        "mean": 0.0,
        "half_confidence_interval": 0.0,
        "stdev": 0.0,
        "confidence": 95
    }
}