{
    "interarrival": 2,
    "servers": 3,
    "seed": 885208600,
    "GLOBAL AVG WAIT": {
        "mean": 14.73304391845767,
        "half_confidence_interval": 0.48858537421196946,
        "stdev": 1.9083460453409886,
        "confidence": 95
    },
    "GLOBAL AVG DELAY": {
        "mean": 10.288379465291706,
        "half_confidence_interval": 0.47739356790029075,
        "stdev": 1.8646324172988844,
        "confidence": 95
    },
    "GLOBAL AVG NUMBER": {
        "mean": 0.4261604248412568,
        "half_confidence_interval": 0.13710951649452266,
        "stdev": 0.5355305692540466,
        "confidence": 95
    },
    "QUEUE1 AVG WAIT": {
        "mean": 0.0,
        "half_confidence_interval": 0.0,
        "stdev": 0.0,
        "confidence": 95
    },
    "QUEUE1 AVG DELAY": {
        "mean": 0.0,
        "half_confidence_interval": 0.0,
        "stdev": 0.0,
        "confidence": 95
    },
    "QUEUE1 AVG NUMBER": {
        "mean": 0.0,
        "half_confidence_interval": 0.0,
        "stdev": 0.0,
        "confidence": 95
    },
    "QUEUE2 AVG WAIT": {
        "mean": 0.0,
        "half_confidence_interval": 0.0,
        "stdev": 0.0,
        "confidence": 95
    },
    "QUEUE2 AVG DELAY": {
        "mean": 0.0,
        "half_confidence_interval": 0.0,
        "stdev": 0.0,
        "confidence": 95
    },
    "QUEUE2 AVG NUMBER": {
        "mean": 0.0,
        "half_confidence_interval": 0.0,
        "stdev": 0.0,
        "confidence": 95
    },
    "QUEUE3 AVG WAIT": {
        "mean": 0.0,
        "half_confidence_interval": 0.0,
        "stdev": 0.0,
        "confidence": 95
    },
    "QUEUE3 AVG DELAY": {
        "mean": 0.0,
        "half_confidence_interval": 0.0,
        "stdev": 0.0,
        "confidence": 95
    },
    "QUEUE3 AVG NUMBER": {
        "mean": 0.0,
        "half_confidence_interval": 0.0,
        "stdev": 0.0,
        "confidence": 95
    },
    "UTILIZATION1": {
        "mean": 0.7281629176766528,
        "half_confidence_interval": 0.013749429853197027,
        "stdev": 0.053703347400363255,
        "confidence": 95
    },
    "UTILIZATION2": {
        "mean": 0.7436524257671977,
        "half_confidence_interval": 0.013810205063006262,
        "stdev": 0.0539407268583163,
        "confidence": 95
    },
    "UTILIZATION3": {
        "mean": 0.7561922174157586,
        "half_confidence_interval": 0.013546750042293502,
        "stdev": 0.05291170844426057,
        "confidence": 95
    },
    "UTILIZATION4": {
        "mean": 0.0,
        "half_confidence_interval": 0.0,
        "stdev": 0.0,
        "confidence": 95
    },
    "UTILIZATION5": {
        "mean": 0.0,
        "half_confidence_interval": 0.0,
        "stdev": 0.0,
        "confidence": 95
    },
    "UTILIZATION6": {
        "mean": 0.0,
        "half_confidence_interval": 0.0,
        "stdev": 0.0,
        "confidence": 95
    }
}