{
    "seed": 54321,
    "arrival_stream": 0,
    "service_stream": 1,
    "observation_period": 20000.0,
    "interarrivals": 2,
    "batch_size": 512,
    "k": 19,
    "servers": 3,
    "acquisition_time": [],
    "avg_utilization1": [
        0.685373668088868,
        0.7804948182096326,
        0.7976353184334124,
        0.7501484504021756,
        0.7139022663045592,
        0.7263378432657029,
        0.784187598888175,
        0.7641578338243423,
        0.7335774446681904,
        0.7246865773768404,
        0.7322273593410147,
        0.8346125248642584,
        0.6999325654592065,
        0.8045400633249543,
        0.7210260280761362,
        0.7297691543149774,
        0.6999759597496501,
        0.7628536445071059,
        0.7423720378466974
    ],
    "avg_utilization2": [
        0.6652464684361187,
        0.7801186364580374,
        0.8100281080179058,
        0.7578163160731978,
        0.7127233873077183,
        0.7555223569995062,
        0.7862416614565493,
        0.7397153480702385,
        0.7007986052848254,
        0.7603063617004567,
        0.7592111403901952,
        0.839953722418388,
        0.6802602302275053,
        0.8221272976267117,
        0.6921968926200724,
        0.7316114578585479,
        0.6957390036992172,
        0.7576629979682334,
        0.7391397028995611
    ],
    "avg_utilization3": [
        0.7213406697080553,
        0.7697021084976616,
        0.7753880479506319,
        0.751889471254674,
        0.7391582519642002,
        0.7280131248394254,
        0.7647436521305291,
        0.74913422844958,
        0.7157924474431085,
        0.7643309184755777,
        0.7195345365267725,
        0.8399189976644417,
        0.6625678236804141,
        0.8387514320037427,
        0.6972535525922355,
        0.7805846291870308,
        0.7011213463249947,
        0.7522204232608498,
        0.7218470704779241
    ],
    "avg_utilization4": [],
    "avg_utilization5": [],
    "avg_utilization6": [],
    "avg_utilization7": [],
    "avg_utilization8": [],
    "avg_utilization9": [],
    "global": {
        "avg_wait": [
            5.530727929645266,
            6.730248338146166,
            8.481164753033198,
            5.933590515366133,
            5.769827520352368,
            6.663206183645164,
            8.83424685421673,
            5.6533509012960685,
            5.576733525782679,
            5.594946653682371,
            6.055381485202943,
            8.901138542937868,
            5.526077063309039,
            6.96359590086935,
            5.532978247042632,
            6.057243517148056,
            5.750298067614832,
            6.1495107658615495,
            7.04392915543945
        ],
        "avg_delay": [
            1.3346253750554902,
            2.35668525071708,
            3.986106168671375,
            1.5636963729530713,
            1.4417437428360227,
            2.069510675973129,
            4.262083155367186,
            1.3088541920699743,
            1.2254018162280467,
            1.0766992900256227,
            1.6941821623915772,
            4.2384328666359465,
            1.2532299748236504,
            2.452358248953548,
            1.2365838398101516,
            1.5074394855127373,
            1.2981203574491644,
            1.7332792984910483,
            2.6525032676510847
        ],
        "avg_number": [
            2.7263388417046897,
            1.7195596412771474,
            1.4631350969738155,
            0.7667130181628942,
            0.5928242478196519,
            0.5643070934112924,
            0.6420302262553392,
            0.36021057734792866,
            0.3148194662029797,
            0.28367820218685214,
            0.27892886774716996,
            0.37789509986956227,
            0.21548381116564536,
            0.2534224031230265,
            0.18747433166981323,
            0.19203220962372478,
            0.1708216617107715,
            0.17272340970215797,
            0.18737899955170687
        ]
    },
    "q1": {
        "avg_wait": [
            1.7758611365345032,
            2.2638910259035567,
            2.2021477576452706,
            1.9033543931653139,
            1.9287027455261856,
            1.9707946588721341,
            2.2694975455392203,
            1.8928676063080985,
            1.7246772913088428,
            1.899062187150129,
            1.8224200933054377,
            2.2181248329752377,
            1.9808051654431469,
            1.9954140225238528,
            1.8997331064297986,
            1.946562372223096,
            1.8456638362431543,
            1.9201692678887274,
            1.996150429361937
        ],
        "avg_delay": [
            0.5453062698787303,
            1.0369873029138528,
            0.9478056307127621,
            0.6842974000106481,
            0.6892261783027206,
            0.7703585882870987,
            1.0028142968702576,
            0.6753348294161601,
            0.4660934737652744,
            0.6609790563576481,
            0.5891584323142908,
            0.9989904666101316,
            0.7559454401302045,
            0.7439598281016324,
            0.6822528048085132,
            0.7170789990327795,
            0.6185014832624218,
            0.6531655311986628,
            0.7779942505654069
        ],
        "avg_number": [
            0.06300127116687963,
            0.053299956747248384,
            0.03065839990261839,
            0.017788012219313344,
            0.014107663864925356,
            0.01325221778134135,
            0.013380253877505733,
            0.007984051164191952,
            0.005293244694924284,
            0.006218295537791459,
            0.006042531784595104,
            0.008614903595364046,
            0.005814864185369919,
            0.005023594469259643,
            0.0046956050320753305,
            0.0041293247243192974,
            0.003803901258583649,
            0.003690635530127914,
            0.0045676288408088095
        ]
    },
    "q2": {
        "avg_wait": [
            3.504812780923734,
            3.990133413254344,
            4.232822994872823,
            3.7465780613181954,
            3.6945838941287836,
            3.961732466323933,
            3.8998848856379658,
            3.5131822207150596,
            3.5492507585028887,
            3.322762758259161,
            3.6833107853795015,
            4.4816808764325105,
            3.5444882479648987,
            4.245784404418245,
            3.675735139793807,
            3.714167717735323,
            3.42174242261465,
            3.926501300001605,
            4.021168390527783
        ],
        "avg_delay": [
            0.831010233392226,
            1.3315719702483348,
            1.512690660240621,
            1.0884160085190817,
            1.0741186417832598,
            1.4184967568654951,
            1.376547579500829,
            0.8883030264284781,
            0.9531650856616205,
            0.7837057053427104,
            1.0006515860278105,
            1.7590440955933853,
            0.9399722353870709,
            1.595384833628261,
            1.0008036694989604,
            0.985755856429956,
            0.8032677549322378,
            1.2312787776656384,
            1.4331561029101696
        ],
        "avg_number": [
            0.17761797783082792,
            0.15083658626384527,
            0.12079735883266021,
            0.0615301882270064,
            0.05108504345729283,
            0.0506809088858079,
            0.04220471399112609,
            0.02675204987324095,
            0.02322587710442996,
            0.017694891758884626,
            0.019445478460252318,
            0.03121377091084002,
            0.01675169022059369,
            0.026535226528073427,
            0.015564301735593014,
            0.014160755855242504,
            0.010439771095116566,
            0.015670579409735198,
            0.01593467632494325
        ]
    },