{
    "interarrival": 2.5,
    "servers": 3,
    "seed": 2090983599,
    "GLOBAL AVG WAIT": {
        "mean": 5.9068617051406145,
        "half_confidence_interval": 0.05819141217219611,
        "stdev": 0.22728750624336108,
        "confidence": 95
    },
    "GLOBAL AVG DELAY": {
        "mean": 1.4655815518938509,
        "half_confidence_interval": 0.04838934042858788,
        "stdev": 0.189001986791958,
        "confidence": 95
    },
    "GLOBAL AVG NUMBER": {
        "mean": 2.3667789054204396,
        "half_confidence_interval": 0.03166864964346143,
        "stdev": 0.12369331031626363,
        "confidence": 95
    },
    "QUEUE1 AVG WAIT": {
        "mean": 5.87629549169465,
        "half_confidence_interval": 0.0721247536776303,
        "stdev": 0.28170918680055484,
        "confidence": 95
    },
    "QUEUE1 AVG DELAY": {
        "mean": 1.4196459868043025,
        "half_confidence_interval": 0.0534249545985371,
        "stdev": 0.20867039050253763,
        "confidence": 95
    },
    "QUEUE1 AVG NUMBER": {
        "mean": 0.18436809608077404,
        "half_confidence_interval": 0.007301019696782514,
        "stdev": 0.028516760428581502,
        "confidence": 95
    },
    "QUEUE2 AVG WAIT": {
        "mean": 5.968948529898947,
        "half_confidence_interval": 0.06448536539347023,
        "stdev": 0.2518708060581622,
        "confidence": 95
    },
    "QUEUE2 AVG DELAY": {
        "mean": 1.5536538387350094,
        "half_confidence_interval": 0.05041000317140247,
        "stdev": 0.1968944124717843,
        "confidence": 95
    },
    "QUEUE2 AVG NUMBER": {
        "mean": 0.2188148602810935,
        "half_confidence_interval": 0.007682407797533414,
        "stdev": 0.030006408936750578,
        "confidence": 95
    },
    "QUEUE3 AVG WAIT": {
        "mean": 5.877016244356558,
        "half_confidence_interval": 0.07650662870014142,
        "stdev": 0.2988241769573411,
        "confidence": 95
    },
    "QUEUE3 AVG DELAY": {
        "mean": 1.4186295910029036,
        "half_confidence_interval": 0.052323430877249125,
        "stdev": 0.20436799311546966,
        "confidence": 95
    },
    "QUEUE3 AVG NUMBER": {
        "mean": 0.18465889209154118,
        "half_confidence_interval": 0.007258582242992244,
        "stdev": 0.028351005677437705,
        "confidence": 95
    },
    "QUEUE4 AVG WAIT": {
        "mean": 0.0,
        "half_confidence_interval": 0.0,
        "stdev": 0.0,
        "confidence": 95
    },
    "QUEUE4 AVG DELAY": {
        "mean": 0.0,
        "half_confidence_interval": 0.0,
        "stdev": 0.0,
        "confidence": 95
    },
    "QUEUE4 AVG NUMBER": {
        "mean": 0.0,
        "half_confidence_interval": 0.0,
        "stdev": 0.0,
        "confidence": 95
    },
    "QUEUE5 AVG WAIT": {
        "mean": 0.0,
        "half_confidence_interval": 0.0,
        "stdev": 0.0,
        "confidence": 95
    },
    "QUEUE5 AVG DELAY": {
        "mean": 0.0,
        "half_confidence_interval": 0.0,
        "stdev": 0.0,
        "confidence": 95
    },
    "QUEUE5 AVG NUMBER": {
        "mean": 0.0,
        "half_confidence_interval": 0.0,
        "stdev": 0.0,
        "confidence": 95
    },
    "QUEUE6 AVG WAIT": {
        "mean": 0.0,
        "half_confidence_interval": 0.0,
        "stdev": 0.0,
        "confidence": 95
    },
    "QUEUE6 AVG DELAY": {
        "mean": 0.0,
        "half_confidence_interval": 0.0,
        "stdev": 0.0,
        "confidence": 95
    },
    "QUEUE6 AVG NUMBER": {
        "mean": 0.0,
        "half_confidence_interval": 0.0,
        "stdev": 0.0,
        "confidence": 95
    },
    "UTILIZATION1": {
        "mean": 0.5782250449897136,
        "half_confidence_interval": 0.004660526406708383,
        "stdev": 0.01820336343836325,
        "confidence": 95
    },
    "UTILIZATION2": {
        "mean": 0.6210163431272164,
        "half_confidence_interval": 0.00420085973490828,
        "stdev": 0.016407969794581742,
        "confidence": 95
    },
    "UTILIZATION3": {
        "mean": 0.5796923214344105,
        "half_confidence_interval": 0.0054219726132257,
        "stdev": 0.021177465680557672,
        "confidence": 95
    },
    "UTILIZATION4": {
        "mean": 0.0,
        "half_confidence_interval": 0.0,
        "stdev": 0.0,
        "confidence": 95
    },
    "UTILIZATION5": {
        "mean": 0.0,
        "half_confidence_interval": 0.0,
        "stdev": 0.0,
        "confidence": 95
    },
    "UTILIZATION6": {
        "mean": 0.0,
        "half_confidence_interval": 0.0,
        "stdev": 0.0,
        "confidence": 95
    }
}