{
    "seed": 1353825213,
    "arrival_stream": 0,
    "service_stream": 1,
    "observation_period": 40000.0,
    "interarrivals": 5.0,
    "batch_size": 0,
    "k": 0,
    "servers": 2,
    "acquisition_time": [
        79.26317750028201,
        115.84496984302547,
        129.75295925006756,
        144.76550185023433,
        178.26118093594374,
        199.12227013454302,
        208.2475066983339,
        244.7540681546823,
        272.65027666718885,
        316.1885197666524,
        346.2507850725617,
        388.6027071245879,
        441.0742094504677,
        518.7370853951513,
        646.6121489090575,
        767.8042583119872,
        887.6622839429031,
        1103.5306597734232,
        1309.6783200107513,
        1540.98427305621,
        1875.3909451668353,
        2348.897698648996,
        2808.1359367420027,
        3308.5953765380136,
        3905.0830812027025,
        4748.310628152163,
        5652.506773601939,
        6775.453995415958,
        8236.874452292179,
        9872.743478779123,
        11680.497492241251,
        14055.47290433529,
        16866.862532947343,
        20160.854043119634,
        23983.07609430453,
        28646.43173967351,
        33997.55326220205
    ],
    "avg_utilization1": [
        0.3673922334187175,
        0.2968463960812413,
        0.2925161118519882,
        0.2889761443590321,
        0.2628462104759203,
        0.3141579508681394,
        0.3234180793273423,
        0.3323735575286635,
        0.3281516883755449,
        0.3599092824746447,
        0.3747154947042936,
        0.36654477567092647,
        0.4305713369278928,
        0.4247054988358689,
        0.4370729460215926,
        0.4507057080651019,
        0.4700075489747322,
        0.42944295828480533,
        0.4327837117131651,
        0.4516058328154287,
        0.44888372400341636,
        0.4255150545611946,
        0.4170997485428676,
        0.4196026387390015,
        0.42854823420606913,
        0.4288321062324372,
        0.4316587620345826,
        0.4378362176204554,
        0.4330477257962499,
        0.4305194240129836,
        0.436386953171175,
        0.4333971796916177,
        0.4349990468755136,
        0.4357980804208208,
        0.436382627553936,
        0.4365308076316543,
        0.43916255444184016
    ],
    "avg_utilization2": [
        0.16803645694083513,
        0.20050700471842622,
        0.1790150147570477,
        0.176530024633271,
        0.2564499704572121,
        0.3114941130837498,
        0.3546632597062368,
        0.37757427708055236,
        0.38807288145123364,
        0.41776855116876366,
        0.42844961211515936,
        0.42409750014332087,
        0.4733416280735773,
        0.4742703268641307,
        0.45563818527098937,
        0.4479452700792743,
        0.4555764347147309,
        0.4488987251873707,
        0.439351648375616,
        0.45039012746851304,
        0.44350183341067234,
        0.42629946754963377,
        0.4418225145972568,
        0.4520006216628928,
        0.4533849140568501,
        0.446088556434651,
        0.4408372412567885,
        0.43964808778953146,
        0.434712839065072,
        0.4312968563770846,
        0.43788629790175454,
        0.43577861623992425,
        0.43951550257029787,
        0.44277133006988095,
        0.439973072631438,
        0.4408677127546938,
        0.44478342561000045
    ],
    "avg_utilization3": [],
    "avg_utilization4": [],
    "avg_utilization5": [],
    "avg_utilization6": [],
    "global": {
        "avg_wait": [
            4.243977932271276,
            4.567351193601375,
            4.370182789717193,
            3.9640725981500444,
            4.617515589679746,
            5.876762644395169,
            5.800183457259948,
            6.023411687035696,
            5.830474616761238,
            5.779842279068951,
            5.649940110913918,
            5.139318682512789,
            6.011861611677749,
            5.762978913944827,
            5.859006489322632,
            5.8773085154624285,
            5.861567221631837,
            5.607085038284681,
            5.493833933797803,
            5.746624210393232,
            5.685318545963014,
            5.548221521855655,
            5.555198663712837,
            5.638350073098352,
            5.604085747658289,
            5.615659964900395,
            5.634977641220812,
            5.717767019056162,
            5.721974385442542,
            5.615283346785918,
            5.70152174446006,
            5.705023657613206,
            5.697272974977724,
            5.733121514602532,
            5.648923020498595,
            5.625505084836619,
            5.577731741718059
        ],
        "avg_delay": [
            0.0,
            0.0,
            0.0,
            0.0,
            0.0,
            0.7787715436545959,
            1.0546233838094252,
            1.2282920358414569,
            1.0769809791641762,
            0.8831244029146246,
            0.9364392841491181,
            0.8119140522513613,
            1.375900025049242,
            1.2856470651088934,
            1.1817250085768214,
            1.2152271117091547,
            1.227999739615202,
            1.0751166875880875,
            1.032049663395279,
            1.2258981770873771,
            1.1541145266227364,
            1.0364734809177314,
            1.0043109769363165,
            1.1041008316814245,
            1.1060518975349982,
            1.0814452388539237,
            1.1487158165136786,
            1.2102957961563154,
            1.2068672178226962,
            1.1424170034919796,
            1.220632531344235,
            1.239530088197595,
            1.2015958373474704,
            1.2352267325678312,
            1.2007313923031924,
            1.1926414476694205,
            1.162566379287522
        ],
        "avg_number": [
            0.5354286903595528,
            0.47311691131245326,
            0.47153112660903607,
            0.4655061689923032,
            0.5180618197900306,
            0.7083200857954489,
            0.8077182912168054,
            0.8367419544985233,
            0.8767622105845394,
            0.9139867385657272,
            0.9627312945270687,
            0.9389837481019452,
            1.172183926256852,
            1.1442922529515094,
            1.1145132354883118,
            1.13289507172151,
            1.1687974323076793,
            1.08226183167385,
            1.0738678846273428,
            1.1448615430005558,
            1.1156059115600916,
            1.0440275513363928,
            1.0484732071709202,
            1.0838407959823706,
            1.0949619602321907,
            1.083320981013949,
            1.0955918631753212,
            1.1130965841163647,
            1.0996750654169425,
            1.0800871205118268,
            1.1124327593285785,
            1.1101184435252571,
            1.1082530965310184,
            1.1198450460589349,
            1.1129165069110731,
            1.1134585319695793,
            1.1162828830050804
        ]
    },