{
    "interarrival": 1.5,
    "servers": 4,
    "seed": 1844958100,
    "GLOBAL AVG WAIT": {
        "mean": 5.716186765387047,
        "half_confidence_interval": 0.06650534719422925,
        "stdev": 0.2597605720736853,
        "confidence": 95
    },
    "GLOBAL AVG DELAY": {
        "mean": 1.277989104780443,
        "half_confidence_interval": 0.053628737115505705,
        "stdev": 0.20946633647409663,
        "confidence": 95
    },
    "GLOBAL AVG NUMBER": {
        "mean": 3.8277467310008504,
        "half_confidence_interval": 0.053084730813195785,
        "stdev": 0.2073415240453003,
        "confidence": 95
    },
    "QUEUE1 AVG WAIT": {
        "mean": 1.766973238461788,
        "half_confidence_interval": 0.017001941776994187,
        "stdev": 0.0664072034607575,
        "confidence": 95
    },
    "QUEUE1 AVG DELAY": {
        "mean": 0.5382550301592944,
        "half_confidence_interval": 0.016792649006220302,
        "stdev": 0.06558973520954554,
        "confidence": 95
    },
    "QUEUE1 AVG NUMBER": {
        "mean": 0.07200792299389258,
        "half_confidence_interval": 0.002372911849233244,
        "stdev": 0.009268261357046774,
        "confidence": 95
    },
    "QUEUE2 AVG WAIT": {
        "mean": 3.4854878961078732,
        "half_confidence_interval": 0.02644227165181172,
        "stdev": 0.10327980983457533,
        "confidence": 95
    },
    "QUEUE2 AVG DELAY": {
        "mean": 0.8321452298362075,
        "half_confidence_interval": 0.023529637018428026,
        "stdev": 0.09190346687075682,
        "confidence": 95
    },
    "QUEUE2 AVG NUMBER": {
        "mean": 0.24721053649842661,
        "half_confidence_interval": 0.007699685656282909,
        "stdev": 0.030073893833263782,
        "confidence": 95
    },
    "QUEUE3 AVG WAIT": {
        "mean": 10.699629971953435,
        "half_confidence_interval": 0.1309281805537077,
        "stdev": 0.5113871367646805,
        "confidence": 95
    },
    "QUEUE3 AVG DELAY": {
        "mean": 2.2436011389291135,
        "half_confidence_interval": 0.12122318266493341,
        "stdev": 0.4734807741950755,
        "confidence": 95
    },
    "QUEUE3 AVG NUMBER": {
        "mean": 0.5373646544706904,
        "half_confidence_interval": 0.031168546561443685,
        "stdev": 0.12173997771728708,
        "confidence": 95
    },
    "QUEUE4 AVG WAIT": {
        "mean": 0.0,
        "half_confidence_interval": 0.0,
        "stdev": 0.0,
        "confidence": 95
    },
    "QUEUE4 AVG DELAY": {
        "mean": 0.0,
        "half_confidence_interval": 0.0,
        "stdev": 0.0,
        "confidence": 95
    },
    "QUEUE4 AVG NUMBER": {
        "mean": 0.0,
        "half_confidence_interval": 0.0,
        "stdev": 0.0,
        "confidence": 95
    },
    "QUEUE5 AVG WAIT": {
        "mean": 0.0,
        "half_confidence_interval": 0.0,
        "stdev": 0.0,
        "confidence": 95
    },
    "QUEUE5 AVG DELAY": {
        "mean": 0.0,
        "half_confidence_interval": 0.0,
        "stdev": 0.0,
        "confidence": 95
    },
    "QUEUE5 AVG NUMBER": {
        "mean": 0.0,
        "half_confidence_interval": 0.0,
        "stdev": 0.0,
        "confidence": 95
    },
    "QUEUE6 AVG WAIT": {
        "mean": 0.0,
        "half_confidence_interval": 0.0,
        "stdev": 0.0,
        "confidence": 95
    },
    "QUEUE6 AVG DELAY": {
        "mean": 0.0,
        "half_confidence_interval": 0.0,
        "stdev": 0.0,
        "confidence": 95
    },
    "QUEUE6 AVG NUMBER": {
        "mean": 0.0,
        "half_confidence_interval": 0.0,
        "stdev": 0.0,
        "confidence": 95
    },
    "UTILIZATION1": {
        "mean": 0.7436532789118346,
        "half_confidence_interval": 0.005463221161928375,
        "stdev": 0.021338576734935357,
        "confidence": 95
    },
    "UTILIZATION2": {
        "mean": 0.7432584204202501,
        "half_confidence_interval": 0.005189031664308681,
        "stdev": 0.020267630957443522,
        "confidence": 95
    },
    "UTILIZATION3": {
        "mean": 0.741161821246957,
        "half_confidence_interval": 0.005417362840326078,
        "stdev": 0.021159460553209965,
        "confidence": 95
    },
    "UTILIZATION4": {
        "mean": 0.7431299754941043,
        "half_confidence_interval": 0.005315300133738877,
        "stdev": 0.020760817915151827,
        "confidence": 95
    },
    "UTILIZATION5": {
        "mean": 0.0,
        "half_confidence_interval": 0.0,
        "stdev": 0.0,
        "confidence": 95
    },
    "UTILIZATION6": {
        "mean": 0.0,
        "half_confidence_interval": 0.0,
        "stdev": 0.0,
        "confidence": 95
    }
}