{
    "interarrival": 2,
    "servers": 3,
    "seed": 1954244124,
    "GLOBAL AVG WAIT": {
        "mean": 14.884393931255214,
        "half_confidence_interval": 0.6898368254737374,
        "stdev": 2.243060481209639,
        "confidence": 95
    },
    "GLOBAL AVG DELAY": {
        "mean": 10.44953805169184,
        "half_confidence_interval": 0.6686842858724494,
        "stdev": 2.174281280238036,
        "confidence": 95
    },
    "GLOBAL AVG NUMBER": {
        "mean": 0.5958665281998653,
        "half_confidence_interval": 0.23718615027039555,
        "stdev": 0.7712300368951958,
        "confidence": 95
    },
    "QUEUE1 AVG WAIT": {
        "mean": 0.0,
        "half_confidence_interval": 0.0,
        "stdev": 0.0,
        "confidence": 95
    },
    "QUEUE1 AVG DELAY": {
        "mean": 0.0,
        "half_confidence_interval": 0.0,
        "stdev": 0.0,
        "confidence": 95
    },
    "QUEUE1 AVG NUMBER": {
        "mean": 0.0,
        "half_confidence_interval": 0.0,
        "stdev": 0.0,
        "confidence": 95
    },
    "QUEUE2 AVG WAIT": {
        "mean": 0.0,
        "half_confidence_interval": 0.0,
        "stdev": 0.0,
        "confidence": 95
    },
    "QUEUE2 AVG DELAY": {
        "mean": 0.0,
        "half_confidence_interval": 0.0,
        "stdev": 0.0,
        "confidence": 95
    },
    "QUEUE2 AVG NUMBER": {
        "mean": 0.0,
        "half_confidence_interval": 0.0,
        "stdev": 0.0,
        "confidence": 95
    },
    "QUEUE3 AVG WAIT": {
        "mean": 0.0,
        "half_confidence_interval": 0.0,
        "stdev": 0.0,
        "confidence": 95
    },
    "QUEUE3 AVG DELAY": {
        "mean": 0.0,
        "half_confidence_interval": 0.0,
        "stdev": 0.0,
        "confidence": 95
    },
    "QUEUE3 AVG NUMBER": {
        "mean": 0.0,
        "half_confidence_interval": 0.0,
        "stdev": 0.0,
        "confidence": 95
    },
    "UTILIZATION1": {
        "mean": 0.7198540280361343,
        "half_confidence_interval": 0.015207896897187994,
        "stdev": 0.04944971226922671,
        "confidence": 95
    },
    "UTILIZATION2": {
        "mean": 0.7202204563498004,
        "half_confidence_interval": 0.01602151543383369,
        "stdev": 0.052095259040488576,
        "confidence": 95
    },
    "UTILIZATION3": {
        "mean": 0.7823516364236442,
        "half_confidence_interval": 0.016335492518233997,
        "stdev": 0.053116181038295955,
        "confidence": 95
    },
    "UTILIZATION4": {
        "mean": 0.0,
        "half_confidence_interval": 0.0,
        "stdev": 0.0,
        "confidence": 95
    },
    "UTILIZATION5": {
        "mean": 0.0,
        "half_confidence_interval": 0.0,
        "stdev": 0.0,
        "confidence": 95
    },
    "UTILIZATION6": {
        "mean": 0.0,
        "half_confidence_interval": 0.0,
        "stdev": 0.0,
        "confidence": 95
    }
}