{
    "interarrival": 3.0,
    "servers": 2,
    "seed": 768437534,
    "GLOBAL AVG WAIT": {
        "mean": 7.515820132844613,
        "half_confidence_interval": 0.14934437134784878,
        "stdev": 0.5833181988209857,
        "confidence": 95
    },
    "GLOBAL AVG DELAY": {
        "mean": 3.082399473168222,
        "half_confidence_interval": 0.13890879078773408,
        "stdev": 0.5425582826551523,
        "confidence": 95
    },
    "GLOBAL AVG NUMBER": {
        "mean": 2.508551494021609,
        "half_confidence_interval": 0.056898684775395926,
        "stdev": 0.22223829407779735,
        "confidence": 95
    },
    "QUEUE1 AVG WAIT": {
        "mean": 2.553782838701719,
        "half_confidence_interval": 0.03747988684342331,
        "stdev": 0.14639118895614783,
        "confidence": 95
    },
    "QUEUE1 AVG DELAY": {
        "mean": 1.3248493099816094,
        "half_confidence_interval": 0.03730277361717485,
        "stdev": 0.1456994094991103,
        "confidence": 95
    },
    "QUEUE1 AVG NUMBER": {
        "mean": 0.08932470750618737,
        "half_confidence_interval": 0.0025532702355443057,
        "stdev": 0.00997271595480449,
        "confidence": 95
    },
    "QUEUE2 AVG WAIT": {
        "mean": 4.5150736703309144,
        "half_confidence_interval": 0.04436359118519083,
        "stdev": 0.17327797405301293,
        "confidence": 95
    },
    "QUEUE2 AVG DELAY": {
        "mean": 1.8528676387870011,
        "half_confidence_interval": 0.04256271833115822,
        "stdev": 0.16624401689721793,
        "confidence": 95
    },
    "QUEUE2 AVG NUMBER": {
        "mean": 0.27268980637195944,
        "half_confidence_interval": 0.007508425792554424,
        "stdev": 0.029326859591464388,
        "confidence": 95
    },
    "QUEUE3 AVG WAIT": {
        "mean": 14.021105107887037,
        "half_confidence_interval": 0.33286131905224847,
        "stdev": 1.3001096950248863,
        "confidence": 95
    },
    "QUEUE3 AVG DELAY": {
        "mean": 5.584490143299014,
        "half_confidence_interval": 0.3293064827413057,
        "stdev": 1.2862250022488002,
        "confidence": 95
    },
    "QUEUE3 AVG NUMBER": {
        "mean": 0.6678162141090923,
        "half_confidence_interval": 0.04310148292802977,
        "stdev": 0.1683483559586723,
        "confidence": 95
    },
    "QUEUE4 AVG WAIT": {
        "mean": 0.0,
        "half_confidence_interval": 0.0,
        "stdev": 0.0,
        "confidence": 95
    },
    "QUEUE4 AVG DELAY": {
        "mean": 0.0,
        "half_confidence_interval": 0.0,
        "stdev": 0.0,
        "confidence": 95
    },
    "QUEUE4 AVG NUMBER": {
        "mean": 0.0,
        "half_confidence_interval": 0.0,
        "stdev": 0.0,
        "confidence": 95
    },
    "QUEUE5 AVG WAIT": {
        "mean": 0.0,
        "half_confidence_interval": 0.0,
        "stdev": 0.0,
        "confidence": 95
    },
    "QUEUE5 AVG DELAY": {
        "mean": 0.0,
        "half_confidence_interval": 0.0,
        "stdev": 0.0,
        "confidence": 95
    },
    "QUEUE5 AVG NUMBER": {
        "mean": 0.0,
        "half_confidence_interval": 0.0,
        "stdev": 0.0,
        "confidence": 95
    },
    "QUEUE6 AVG WAIT": {
        "mean": 0.0,
        "half_confidence_interval": 0.0,
        "stdev": 0.0,
        "confidence": 95
    },
    "QUEUE6 AVG DELAY": {
        "mean": 0.0,
        "half_confidence_interval": 0.0,
        "stdev": 0.0,
        "confidence": 95
    },
    "QUEUE6 AVG NUMBER": {
        "mean": 0.0,
        "half_confidence_interval": 0.0,
        "stdev": 0.0,
        "confidence": 95
    },
    "UTILIZATION1": {
        "mean": 0.7395377016213701,
        "half_confidence_interval": 0.005280808764729586,
        "stdev": 0.020626099458314184,
        "confidence": 95
    },
    "UTILIZATION2": {
        "mean": 0.7391938405729993,
        "half_confidence_interval": 0.004995682354981805,
        "stdev": 0.019512435633763453,
        "confidence": 95
    },
    "UTILIZATION3": {
        "mean": 0.0,
        "half_confidence_interval": 0.0,
        "stdev": 0.0,
        "confidence": 95
    },
    "UTILIZATION4": {
        "mean": 0.0,
        "half_confidence_interval": 0.0,
        "stdev": 0.0,
        "confidence": 95
    },
    "UTILIZATION5": {
        "mean": 0.0,
        "half_confidence_interval": 0.0,
        "stdev": 0.0,
        "confidence": 95
    },
    "UTILIZATION6": {
        "mean": 0.0,
        "half_confidence_interval": 0.0,
        "stdev": 0.0,
        "confidence": 95
    }
}