{
    "interarrival": 2.0,
    "servers": 3,
    "seed": 1905081640,
    "GLOBAL AVG WAIT": {
        "mean": 7.663703706109099,
        "half_confidence_interval": 0.16362020793524965,
        "stdev": 0.6390776172019406,
        "confidence": 95
    },
    "GLOBAL AVG DELAY": {
        "mean": 3.233497290114573,
        "half_confidence_interval": 0.15526476212399795,
        "stdev": 0.6064424160425105,
        "confidence": 95
    },
    "GLOBAL AVG NUMBER": {
        "mean": 3.848346774888015,
        "half_confidence_interval": 0.09620384088319181,
        "stdev": 0.37575872915181335,
        "confidence": 95
    },
    "QUEUE1 AVG WAIT": {
        "mean": 7.616230945169502,
        "half_confidence_interval": 0.1796577217619234,
        "stdev": 0.7017179001567809,
        "confidence": 95
    },
    "QUEUE1 AVG DELAY": {
        "mean": 3.1758232140456677,
        "half_confidence_interval": 0.16193681319134307,
        "stdev": 0.6325025130915007,
        "confidence": 95
    },
    "QUEUE1 AVG NUMBER": {
        "mean": 0.5226630678116825,
        "half_confidence_interval": 0.028320697364332775,
        "stdev": 0.11061667759435642,
        "confidence": 95
    },
    "QUEUE2 AVG WAIT": {
        "mean": 7.772359550472368,
        "half_confidence_interval": 0.16481512196141834,
        "stdev": 0.6437447840405702,
        "confidence": 95
    },
    "QUEUE2 AVG DELAY": {
        "mean": 3.349867795463331,
        "half_confidence_interval": 0.1528550233215158,
        "stdev": 0.5970303137636844,
        "confidence": 95
    },
    "QUEUE2 AVG NUMBER": {
        "mean": 0.5781836009283937,
        "half_confidence_interval": 0.028181917000373168,
        "stdev": 0.11007462092890578,
        "confidence": 95
    },
    "QUEUE3 AVG WAIT": {
        "mean": 7.6109468382962415,
        "half_confidence_interval": 0.17543669066296094,
        "stdev": 0.6852311438392009,
        "confidence": 95
    },
    "QUEUE3 AVG DELAY": {
        "mean": 3.1757071961781445,
        "half_confidence_interval": 0.16057378088403115,
        "stdev": 0.6271786997916736,
        "confidence": 95
    },
    "QUEUE3 AVG NUMBER": {
        "mean": 0.5252121206124399,
        "half_confidence_interval": 0.028329413018825453,
        "stdev": 0.11065071972017831,
        "confidence": 95
    },
    "QUEUE4 AVG WAIT": {
        "mean": 0.0,
        "half_confidence_interval": 0.0,
        "stdev": 0.0,
        "confidence": 95
    },
    "QUEUE4 AVG DELAY": {
        "mean": 0.0,
        "half_confidence_interval": 0.0,
        "stdev": 0.0,
        "confidence": 95
    },
    "QUEUE4 AVG NUMBER": {
        "mean": 0.0,
        "half_confidence_interval": 0.0,
        "stdev": 0.0,
        "confidence": 95
    },
    "QUEUE5 AVG WAIT": {
        "mean": 0.0,
        "half_confidence_interval": 0.0,
        "stdev": 0.0,
        "confidence": 95
    },
    "QUEUE5 AVG DELAY": {
        "mean": 0.0,
        "half_confidence_interval": 0.0,
        "stdev": 0.0,
        "confidence": 95
    },
    "QUEUE5 AVG NUMBER": {
        "mean": 0.0,
        "half_confidence_interval": 0.0,
        "stdev": 0.0,
        "confidence": 95
    },
    "QUEUE6 AVG WAIT": {
        "mean": 0.0,
        "half_confidence_interval": 0.0,
        "stdev": 0.0,
        "confidence": 95
    },
    "QUEUE6 AVG DELAY": {
        "mean": 0.0,
        "half_confidence_interval": 0.0,
        "stdev": 0.0,
        "confidence": 95
    },
    "QUEUE6 AVG NUMBER": {
        "mean": 0.0,
        "half_confidence_interval": 0.0,
        "stdev": 0.0,
        "confidence": 95
    },
    "UTILIZATION1": {
        "mean": 0.7291280372526656,
        "half_confidence_interval": 0.005531319212059651,
        "stdev": 0.021604558181623264,
        "confidence": 95
    },
    "UTILIZATION2": {
        "mean": 0.7616635335413604,
        "half_confidence_interval": 0.004430349906705003,
        "stdev": 0.01730432626554499,
        "confidence": 95
    },
    "UTILIZATION3": {
        "mean": 0.7314496477533547,
        "half_confidence_interval": 0.005604821383006718,
        "stdev": 0.021891647367371092,
        "confidence": 95
    },
    "UTILIZATION4": {
        "mean": 0.0,
        "half_confidence_interval": 0.0,
        "stdev": 0.0,
        "confidence": 95
    },
    "UTILIZATION5": {
        "mean": 0.0,
        "half_confidence_interval": 0.0,
        "stdev": 0.0,
        "confidence": 95
    },
    "UTILIZATION6": {
        "mean": 0.0,
        "half_confidence_interval": 0.0,
        "stdev": 0.0,
        "confidence": 95
    }
}