{
    "interarrival": 2,
    "servers": 3,
    "seed": 1734228785,
    "GLOBAL AVG WAIT": {
        "mean": 6.1308611517738765,
        "half_confidence_interval": 0.2784219405125403,
        "stdev": 0.4646728139339832,
        "confidence": 95
    },
    "GLOBAL AVG DELAY": {
        "mean": 1.6908535888094913,
        "half_confidence_interval": 0.24596804119456425,
        "stdev": 0.41050881848357834,
        "confidence": 95
    },
    "GLOBAL AVG NUMBER": {
        "mean": 0.49920409027814283,
        "half_confidence_interval": 0.19828769767745338,
        "stdev": 0.33093262075056623,
        "confidence": 95
    },
    "QUEUE1 AVG WAIT": {
        "mean": 1.9616628622405825,
        "half_confidence_interval": 0.057563282883791235,
        "stdev": 0.09607034771630871,
        "confidence": 95
    },
    "QUEUE1 AVG DELAY": {
        "mean": 0.7343464230844607,
        "half_confidence_interval": 0.05475998934637167,
        "stdev": 0.09139178576850478,
        "confidence": 95
    },
    "QUEUE1 AVG NUMBER": {
        "mean": 0.011915274979521207,
        "half_confidence_interval": 0.004407810393286176,
        "stdev": 0.007356423329875803,
        "confidence": 95
    },
    "QUEUE2 AVG WAIT": {
        "mean": 3.765939860088676,
        "half_confidence_interval": 0.12226287393604111,
        "stdev": 0.2040508501841909,
        "confidence": 95
    },
    "QUEUE2 AVG DELAY": {
        "mean": 1.1318220485380854,
        "half_confidence_interval": 0.1199936887383258,
        "stdev": 0.20026368934040595,
        "confidence": 95
    },
    "QUEUE2 AVG NUMBER": {
        "mean": 0.04093707222901028,
        "half_confidence_interval": 0.017770413147160668,
        "stdev": 0.029657963976041885,
        "confidence": 95
    },
    "QUEUE3 AVG WAIT": {
        "mean": 11.29229339980067,
        "half_confidence_interval": 0.5271563189877596,
        "stdev": 0.8797985161521054,
        "confidence": 95
    },
    "QUEUE3 AVG DELAY": {
        "mean": 2.8743411376418155,
        "half_confidence_interval": 0.5502074306504712,
        "stdev": 0.9182697117083916,
        "confidence": 95
    },
    "QUEUE3 AVG NUMBER": {
        "mean": 0.08189837785429556,
        "half_confidence_interval": 0.03218408240456271,
        "stdev": 0.0537136840124055,
        "confidence": 95
    },
    "UTILIZATION1": {
        "mean": 0.7490598053442932,
        "half_confidence_interval": 0.0166433514246891,
        "stdev": 0.027776952224259497,
        "confidence": 95
    },
    "UTILIZATION2": {
        "mean": 0.7439002281287178,
        "half_confidence_interval": 0.0161578709812816,
        "stdev": 0.026966708737942297,
        "confidence": 95
    },
    "UTILIZATION3": {
        "mean": 0.7456656808604187,
        "half_confidence_interval": 0.019639162225462352,
        "stdev": 0.03277681621574843,
        "confidence": 95
    },
    "UTILIZATION4": {
        "mean": 0.0,
        "half_confidence_interval": 0.0,
        "stdev": 0.0,
        "confidence": 95
    },
    "UTILIZATION5": {
        "mean": 0.0,
        "half_confidence_interval": 0.0,
        "stdev": 0.0,
        "confidence": 95
    },
    "UTILIZATION6": {
        "mean": 0.0,
        "half_confidence_interval": 0.0,
        "stdev": 0.0,
        "confidence": 95
    }
}