{
    "seed": 1825853416,
    "arrival_stream": 0,
    "service_stream": 1,
    "observation_period": 40000.0,
    "interarrivals": 5.0,
    "batch_size": 0,
    "k": 0,
    "servers": 2,
    "acquisition_time": [
        48.19558749562917,
        52.44036871883845,
        65.71241998592187,
        84.34893640518598,
        99.70313171470609,
        132.47837878692533,
        152.7033114729034,
        169.95369561193812,
        210.80383072310477,
        255.2257583669632,
        318.7379913699105,
        366.8735137945791,
        433.8793405823843,
        520.8559720156803,
        619.9111241265454,
        729.18604795649,
        836.0797249351464,
        974.0459260794019,
        1203.1091706804395,
        1468.3488334564602,
        1754.2762915574835,
        2077.8087334974502,
        2509.74226311214,
        2969.0296412887924,
        3628.0350667618463,
        4352.605535931801,
        5264.377707404103,
        6406.380453935384,
        7656.581137486152,
        9152.270035527605,
        11036.820333294152,
        13274.760092494736,
        15867.477169501472,
        19457.635381042768,
        23270.147579329805,
        28107.255000110326,
        33796.07644187208
    ],
    "avg_utilization1": [
        0.45937426992825375,
        0.471982127500094,
        0.37665507981762575,
        0.4367498363039263,
        0.369490742505348,
        0.27807846461215185,
        0.3323298709377528,
        0.39481734765495213,
        0.3910584111293339,
        0.4176722224353004,
        0.3558780438391342,
        0.3908025696703675,
        0.36402152968470874,
        0.37853641466056986,
        0.3856871490312199,
        0.4345142650735727,
        0.4533322000583721,
        0.46902702609111263,
        0.44400201271259804,
        0.4661844052015015,
        0.45800841244707713,
        0.4635153945950972,
        0.4682996580956066,
        0.4714516336366638,
        0.46244129601970413,
        0.45646183932940815,
        0.4661997257503473,
        0.463497630557919,
        0.4618506215248942,
        0.46782913856536945,
        0.46868787413862073,
        0.4605385960786449,
        0.4624508387498469,
        0.4518385168415678,
        0.45243381501593993,
        0.45142687487258687,
        0.4518917038106638
    ],
    "avg_utilization2": [
        0.572406193833896,
        0.583600762061108,
        0.49556534987883166,
        0.5134482010597856,
        0.4462490816051953,
        0.45764559990912784,
        0.4553496325507495,
        0.43216006430830084,
        0.3861398557825854,
        0.38817474597334345,
        0.33613158697445417,
        0.36129533750566506,
        0.3534668247119778,
        0.38113964484858287,
        0.38678858198331306,
        0.3949848569287628,
        0.4313302358239942,
        0.4472993404201684,
        0.42135004546180893,
        0.4694545151973025,
        0.4605940346460006,
        0.4594946613468045,
        0.46363419533257516,
        0.46846876517278296,
        0.4695301715998956,
        0.46994961854355716,
        0.4669391875698893,
        0.45497015001979996,
        0.4591199572203634,
        0.461854696282541,
        0.45459324783093763,
        0.4497694093632457,
        0.44944518307017933,
        0.442187033020853,
        0.4456971652029236,
        0.4390340668107395,
        0.44245887496694575
    ],
    "avg_utilization3": [],
    "avg_utilization4": [],
    "avg_utilization5": [],
    "avg_utilization6": [],
    "global": {
        "avg_wait": [
            5.600773324708027,
            5.063248265283899,
            4.599091263775043,
            5.302622450423131,
            4.787905856412145,
            4.6622430542635245,
            4.754224381741909,
            4.6119198032601885,
            4.538353802390745,
            4.473497689443855,
            4.115354131115023,
            4.498853256884209,
            4.153661526482407,
            4.441257773041185,
            4.6108198903793145,
            4.804356972815734,
            5.057888553783058,
            5.218584513204224,
            4.983950264376089,
            6.128478187163563,
            5.90369639108463,
            5.721772582774085,
            5.966812281119502,
            5.870928695572588,
            5.92368949682136,
            5.7607898111740035,
            5.816761732914375,
            5.728018653165963,
            5.71387280869724,
            5.801091760523679,
            5.7104354000798825,
            5.613546814988975,
            5.6062092366672145,
            5.634594193145153,
            5.67484650491186,
            5.622270854936854,
            5.673525069512123
        ],
        "avg_delay": [
            0.6280467629550734,
            0.5892968746946453,
            0.5051116068811246,
            0.8486060000010704,
            0.7213151000009099,
            0.6010959166674249,
            0.679311764674127,
            0.641436583606197,
            0.5423447317470702,
            0.4447226800325975,
            0.3768836271462691,
            0.6296147641681092,
            0.5338548511199156,
            0.6563156599169637,
            0.7175979491297712,
            0.8075917756006603,
            0.9440296512653858,
            1.0282372631598373,
            0.9263498539466821,
            1.6614604492999303,
            1.524667873959427,
            1.382771778832788,
            1.5661654553205624,
            1.4831118331241107,
            1.492201730444684,
            1.3713897160359032,
            1.3500492971997198,
            1.2718807608935596,
            1.259364936681679,
            1.3204611632656924,
            1.2416432164935212,
            1.1952212637939221,
            1.1961241079904585,
            1.21812325428624,
            1.25165421554171,
            1.2080887111041316,
            1.2312057681892976
        ],
        "avg_number": [
            1.1620925515672897,
            1.1586299003572793,
            0.979834218655238,
            1.0687103536690348,
            0.9604323904513693,
            0.8446195849233,
            0.9028783052617708,
            0.9226352668957902,
            0.882680856698618,
            0.8763805264145532,
            0.761772679473275,
            0.8706504264508683,
            0.8233046791257846,
            0.8782649622945489,
            0.9148583150782185,
            0.975121279362652,
            1.0707666354294674,
            1.1411766853608174,
            1.060495006416314,
            1.2813323105452672,
            1.2384367743978908,
            1.2171589428874874,
            1.2600538929730067,
            1.2576198628867021,
            1.2457914554030927,
            1.2123504929342783,
            1.2143165820875605,
            1.1793331129569078,
            1.181344583665896,
            1.2036656709724591,
            1.179151411708969,
            1.15655954849799,
            1.159224765790732,
            1.14037659243137,
            1.1522767375797103,
            1.1341653870990545,
            1.1422232589441426
        ]
    },