{
    "seed": 1482632145,
    "arrival_stream": 0,
    "service_stream": 1,
    "observation_period": 600000.0,
    "interarrivals": 6,
    "batch_size": 2048,
    "k": 48,
    "servers": 1,
    "acquisition_time": [],
    "avg_utilization1": [
        0.7168531978380457,
        0.7225691559963584,
        0.7588796823236901,
        0.7322809928453359,
        0.7351670750898343,
        0.7332953495407374,
        0.71597133312375,
        0.7511955566909624,
        0.7248712575368093,
        0.7298556827624889,
        0.7357554758616373,
        0.7481831211693895,
        0.729132912425539,
        0.7646363189536136,
        0.7261698909920661,
        0.7443337775614921,
        0.7556270612435053,
        0.7938128559330915,
        0.7136511814782566,
        0.7463482002306066,
        0.7446783909798853,
        0.747897568857331,
        0.7432019652886114,
        0.7488831650363847,
        0.7474812526844953,
        0.6795342943299422,
        0.7412559999351411,
        0.7097284423504747,
        0.7189535905442747,
        0.7462008227970957,
        0.7361063737914956,
        0.7430594734025316,
        0.7501721217833978,
        0.7630449653218605,
        0.7191919238396395,
        0.7299258596017594,
        0.7623957846456982,
        0.7214647349308767,
        0.7217749513976047,
        0.7807714835018282,
        0.7587941185723942,
        0.732251134510614,
        0.7456660744123476,
        0.7306713077524009,
        0.7343007988564219,
        0.7468617955192659,
        0.7510228683025381,
        0.7288250506611594
    ],
    "avg_utilization2": [],
    "avg_utilization3": [],
    "avg_utilization4": [],
    "avg_utilization5": [],
    "avg_utilization6": [],
    "avg_utilization7": [],
    "avg_utilization8": [],
    "avg_utilization9": [],
    "global": {
        "avg_wait": [
            15.38899363879633,
            12.90157456834054,
            13.776499935523018,
            13.890598508773856,
            13.470279027399094,
            14.521817571860165,
            11.985485631047254,
            16.125562423191624,
            12.934305586238153,
            14.44926364046399,
            15.567693486613393,
            16.202638188746477,
            13.163384887365908,
            17.096357255456994,
            14.808018758957374,
            15.253502284905963,
            13.379715671247396,
            16.73369746977589,
            13.000933392111094,
            13.973329067071745,
            14.431861820066104,
            12.78059753901178,
            15.047680425841179,
            13.664283365720479,
            17.23951078856669,
            12.922020162590172,
            13.874668491569878,
            14.14584763913976,
            12.828406140903553,
            14.817969463019779,
            13.166495078999105,
            15.14877959208286,
            14.447779906953116,
            16.31387977816931,
            13.271121349125082,
            13.4913371469695,
            13.883968556012434,
            14.219776012500745,
            15.545190795573035,
            16.081622088935177,
            16.879095412162712,
            12.173473579949842,
            18.321591456698314,
            13.624831035354418,
            15.373427876931544,
            16.606455616234427,
            16.364608250279446,
            14.412466783856473
        ],
        "avg_delay": [
            11.051431404253726,
            8.549839464444085,
            9.26219953131265,
            9.364813332174176,
            9.054320845739046,
            10.067378680553443,
            7.581934237956283,
            11.689167033349527,
            8.59965157028227,
            10.071952143924989,
            11.161384628800434,
            11.817909729980201,
            8.800092983655688,
            12.566193582754849,
            10.383521140826105,
            10.811162595278361,
            8.841878914491204,
            12.246822237116476,
            8.638352372206555,
            9.608736544151867,
            10.035830160813731,
            8.298194846089615,
            10.666338297457997,
            9.14059874176013,
            12.809049370783242,
            8.622156810514156,
            9.503149124860755,
            9.713930996902434,
            8.41591200101783,
            10.39449304886648,
            8.749793007329032,
            10.61530591549402,
            9.986421828666039,
            11.848960268347753,
            8.957445919907173,
            9.142015712428957,
            9.46205413344515,
            9.776036885420439,
            11.185361727329791,
            11.493884403739344,
            12.43299911800969,
            7.756926673876762,
            13.874816227690388,
            9.177537374723613,
            10.865104906119996,
            12.170065407973027,
            11.98578440999836,
            10.122145198716055
        ],
        "avg_number": [
            2.5432832326021457,
            2.1414725449333902,
            2.316665254970663,
            2.247526312078086,
            2.2425270407552125,
            2.390330774881552,
            1.9482195750252824,
            2.730262744389931,
            2.1616771271515662,
            2.4117159453282446,
            2.598627736612708,
            2.763967102900242,
            2.200057108200549,
            2.885508816056889,
            2.431196532189005,
            2.5526570701625513,
            2.230622741058458,
            2.9603434422201866,
            2.1264671825468184,
            2.3897418384542344,
            2.4448019254100655,
            2.1322891158778474,
            2.5531788961031467,
            2.2620833735126875,
            2.9085483214414887,
            2.04214765296317,
            2.350201031670834,
            2.266300940294048,
            2.091157347598244,
            2.4984027009838585,
            2.1930883243968258,
            2.4859660557452865,
            2.4259463105650587,
            2.7909818198302956,
            2.2134054662095566,
            2.263849584336828,
            2.390733999048388,
            2.311922104172267,
            2.5710976187588326,
            2.7385426987477155,
            2.8810218488276047,
            2.018416997500623,
            3.0704345454135464,
            2.2401555914795517,
            2.503973305434652,
            2.7956799732479274,
            2.8058849450007797,
            2.448674464456307
        ]
    },