{
    "seed": 1488611731,
    "arrival_stream": 0,
    "service_stream": 1,
    "observation_period": 600000.0,
    "interarrivals": 6,
    "batch_size": 2048,
    "k": 48,
    "servers": 1,
    "acquisition_time": [],
    "avg_utilization1": [
        0.7181698959325828,
        0.7466152659595339,
        0.7309457071145545,
        0.7444609078219583,
        0.7140017766771803,
        0.7265088875421589,
        0.7321786549488939,
        0.7634424062054181,
        0.7193289364959415,
        0.7494898195990821,
        0.761755502146726,
        0.7395697700063485,
        0.719248185313666,
        0.7779968945009923,
        0.7262017915679636,
        0.7084154495278829,
        0.7031124946506235,
        0.7333064070231243,
        0.7256876653211737,
        0.7245820336839451,
        0.7448312795618479,
        0.7702880485908127,
        0.7338756794273752,
        0.719090303978438,
        0.748266427685261,
        0.7202473357124799,
        0.7349171321542742,
        0.759120639944092,
        0.7441690413736299,
        0.7362369318391986,
        0.7239005770160905,
        0.7204327263325828,
        0.7344252449235248,
        0.748518441738631,
        0.7485662588303305,
        0.7545554759131997,
        0.7258650320326856,
        0.7650674664699102,
        0.7454611276161686,
        0.7395618891890317,
        0.7115654605489421,
        0.7340820094626639,
        0.7745483336800668,
        0.7345316137497033,
        0.7565887307179789,
        0.7372719913499454,
        0.7358517793433378,
        0.7522267491631448
    ],
    "avg_utilization2": [],
    "avg_utilization3": [],
    "avg_utilization4": [],
    "avg_utilization5": [],
    "avg_utilization6": [],
    "avg_utilization7": [],
    "avg_utilization8": [],
    "avg_utilization9": [],
    "global": {
        "avg_wait": [
            14.061284287345645,
            14.355271363391537,
            13.132605091872659,
            15.25184125636768,
            14.145758839768899,
            13.55032053390595,
            13.088092505914055,
            18.249241329695828,
            13.29225270077702,
            14.141200038830057,
            19.04503311631622,
            13.766176379571007,
            12.670103648366535,
            19.213398463805262,
            14.941999107902674,
            13.96442571649959,
            12.741502878867124,
            13.246607044442314,
            12.841783871323472,
            14.840477316934468,
            16.093970590888873,
            18.386998796979654,
            14.498090140385585,
            12.502587102796127,
            13.2263966633856,
            12.91139012861342,
            14.564554042011537,
            16.548886542577947,
            17.30836743083205,
            15.831408956870632,
            14.320276714724514,
            13.89209400147999,
            14.059250784680216,
            13.934683732112148,
            15.023380734725606,
            13.395068239513193,
            12.11148894744116,
            15.979236181502785,
            13.46684399168052,
            15.470713286572675,
            13.034579792546879,
            15.64868794299258,
            18.531899758378074,
            14.887254640371395,
            15.23541222894221,
            14.478482892354748,
            12.583033677760739,
            14.459376293973719
        ],
        "avg_delay": [
            9.572526159768543,
            9.93520784128934,
            8.561323454070154,
            10.799478208622126,
            9.830043897277253,
            9.118406450497499,
            8.720750464877291,
            13.813168631046679,
            8.929440688251582,
            9.715869008804383,
            14.56041976290949,
            9.302932161098184,
            8.35478978940182,
            14.653605003723797,
            10.557530758517359,
            9.695579641003718,
            8.281219580752222,
            8.941765899804466,
            8.423284644922333,
            10.404884647142481,
            11.67256205024377,
            13.91498012762952,
            10.056283487146004,
            8.151576781891436,
            8.771816261890109,
            8.52207474208771,
            9.98367769078277,
            12.033485857090028,
            12.86610025304185,
            11.359410342982358,
            9.90583015783659,
            9.529479630644403,
            9.576579143782595,
            9.469828514473704,
            10.575100969269556,
            8.911115526680476,
            7.72112830625602,
            11.466845605067391,
            9.032610725122794,
            11.12612669531157,
            8.723004613121986,
            11.145093621004634,
            14.045310926547614,
            10.554273249178607,
            10.728748276651459,
            10.017975131592152,
            8.186489838830653,
            9.909816434465654
        ],
        "avg_number": [
            2.2492425405512084,
            2.424483743745511,
            2.1000245306525174,
            2.547184260001619,
            2.3438533891279314,
            2.2203020206017734,
            2.1921097971599792,
            3.1417525826379515,
            2.1938780604995687,
            2.39346556081982,
            3.23666444902153,
            2.280752024082806,
            2.1097686290539834,
            3.278108504029146,
            2.4769825769362357,
            2.316992434103642,
            2.009048350113452,
            2.2563629275322254,
            2.1098404776425195,
            2.4219703687742853,
            2.713795652748594,
            3.167089958688654,
            2.3950967497365205,
            2.06503458414598,
            2.2217928508540465,
            2.1198431021727515,
            2.3369044040501072,
            2.7817210196582254,
            2.8984773094988174,
            2.603692755936956,
            2.3516488938483997,
            2.292400491746492,
            2.3050045663531673,
            2.335694698742459,
            2.52864894804317,
            2.2520332157013403,
            2.004622197193114,
            2.70819772936069,
            2.264098776497872,
            2.6344388743719493,
            2.1508085936759427,
            2.551139843517476,
            3.1969900962003535,
            2.5251975416884482,
            2.5578054151660377,
            2.392563808684638,
            2.1065283852211016,
            2.389447253544324
        ]
    },