{
    "seed": 1436813366,
    "arrival_stream": 0,
    "service_stream": 1,
    "observation_period": 600000.0,
    "interarrivals": 6,
    "batch_size": 2048,
    "k": 48,
    "servers": 1,
    "acquisition_time": [],
    "avg_utilization1": [
        0.7541756814358502,
        0.7543300792314472,
        0.6903955138769835,
        0.7330952751494478,
        0.7393328653507419,
        0.7328260102824081,
        0.7166435745365425,
        0.7225728267964444,
        0.7362292720638932,
        0.7541451176313453,
        0.7299375109850375,
        0.7202326040896732,
        0.7648546186643569,
        0.760250947796968,
        0.7945884885283478,
        0.7277307665376188,
        0.7480467684446899,
        0.729697654290161,
        0.7388773196813869,
        0.7367526990307044,
        0.7290519555776342,
        0.7680392666488343,
        0.7318465720943063,
        0.7801469528523258,
        0.7551566543053184,
        0.739759195550742,
        0.7504108077401538,
        0.756778240454751,
        0.7280641469087661,
        0.7447597771800535,
        0.7282658531276823,
        0.7588440080134233,
        0.7516330870934904,
        0.7419898587230722,
        0.7510297287709199,
        0.7091934775935959,
        0.7399084501163571,
        0.7249411351327864,
        0.746017611760645,
        0.7263633473887149,
        0.7416439424089455,
        0.811059654852165,
        0.7485245844761103,
        0.7514626369516553,
        0.7759398294717071,
        0.7457094420846341,
        0.742248585511457,
        0.7596991681949932
    ],
    "avg_utilization2": [],
    "avg_utilization3": [],
    "avg_utilization4": [],
    "avg_utilization5": [],
    "avg_utilization6": [],
    "avg_utilization7": [],
    "avg_utilization8": [],
    "avg_utilization9": [],
    "global": {
        "avg_wait": [
            16.687161953847234,
            15.57329519157265,
            12.213318656087717,
            13.60082344017281,
            12.772667458766264,
            13.158721824712735,
            13.628733351498717,
            14.711752888607144,
            13.022321812214038,
            14.808215645076956,
            14.12412349755374,
            12.52359540536493,
            17.497871298417053,
            15.388989180733219,
            17.890759874640594,
            15.086518914132952,
            16.997520738836315,
            12.85467799755584,
            14.170269714369454,
            13.452466956885075,
            14.205455409306822,
            16.494313236831275,
            14.789220319028544,
            17.30443119060621,
            14.820425062921146,
            14.493807931023525,
            15.139159712563213,
            15.496345452871054,
            14.702296601181587,
            14.023995288413118,
            11.846993686823737,
            17.599933028034286,
            15.69715906227458,
            15.281393808486655,
            14.19847138810897,
            13.147388364742596,
            14.525534864359543,
            13.9849269847289,
            13.688954834962033,
            14.292250021400747,
            14.921967530723435,
            20.609864737870396,
            15.79505253523223,
            13.5857669208213,
            17.047639884341606,
            17.20024636798007,
            16.437185428373482,
            14.935858757401775
        ],
        "avg_delay": [
            12.080105288880446,
            11.020539900672532,
            7.8933010753189485,
            9.21911467805431,
            8.431079033469409,
            8.822243213578506,
            9.186493960690655,
            10.278846426932077,
            8.563516447776927,
            10.368938286033725,
            9.63646804130532,
            8.250571395916523,
            13.058708778005766,
            10.839726431982612,
            13.294580818733493,
            10.674948755585916,
            12.589143314244026,
            8.44425522528239,
            9.678741070560847,
            9.013531478120683,
            9.669802740150672,
            12.007774382937185,
            10.240325592779016,
            12.723904537201776,
            10.320153734129548,
            9.998094205943772,
            10.687026787396405,
            11.04126386954519,
            10.307740969267485,
            9.456568395668057,
            7.500765166815711,
            13.022500608796719,
            11.132406211652864,
            10.789859026786786,
            9.686898424438766,
            8.855627679341296,
            10.117395163947805,
            9.47719100640657,
            9.190197967057514,
            9.880158258786992,
            10.616057251611153,
            15.944423880574305,
            11.242632292398525,
            9.166010137047351,
            12.553888589581675,
            12.768686005350617,
            12.053052355341663,
            10.449984112785614
        ],
        "avg_number": [
            2.7316902423782303,
            2.5799083408554044,
            1.9521487872604655,
            2.275233334793796,
            2.175033425625801,
            2.223756215194957,
            2.198451964658991,
            2.396792127153094,
            2.151401655515051,
            2.5138091479480416,
            2.2994114995464714,
            2.1086505710422054,
            3.016627667364018,
            2.569887189225753,
            3.0958782005174696,
            2.488753659901751,
            2.8842988544806207,
            2.126545782112374,
            2.331119075572599,
            2.232937537799929,
            2.2833574366693496,
            2.8234723513650066,
            2.379279552403481,
            2.946857187430383,
            2.4878607988587205,
            2.3843558634527535,
            2.5514577688326163,
            2.6332416232562657,
            2.435790084167217,
            2.2867377741204264,
            1.9851144330344552,
            2.9169661420455424,
            2.5850731434746286,
            2.523733609524683,
            2.3635582250816847,
            2.1730099307150503,
            2.438341123930082,
            2.2493227512497564,
            2.269020794960224,
            2.3533858573704802,
            2.570799710672731,
            3.5796687767460664,
            2.5991675723976853,
            2.310190346347464,
            2.9425912566768346,
            2.8953640804759004,
            2.781439994765794,
            2.530050165594549
        ]
    },