{
    "interarrival": 2.0,
    "servers": 3,
    "seed": 189452088,
    "GLOBAL AVG WAIT": {
        "mean": 7.595959799724428,
        "half_confidence_interval": 0.15213329988024388,
        "stdev": 0.5942113630793693,
        "confidence": 95
    },
    "GLOBAL AVG DELAY": {
        "mean": 3.1708063910902355,
        "half_confidence_interval": 0.14251788793426443,
        "stdev": 0.556654910655819,
        "confidence": 95
    },
    "GLOBAL AVG NUMBER": {
        "mean": 3.8088101766926674,
        "half_confidence_interval": 0.08731732018623503,
        "stdev": 0.3410492238658018,
        "confidence": 95
    },
    "QUEUE1 AVG WAIT": {
        "mean": 7.518133815470757,
        "half_confidence_interval": 0.17828571002227958,
        "stdev": 0.6963590144518339,
        "confidence": 95
    },
    "QUEUE1 AVG DELAY": {
        "mean": 3.0959887559993504,
        "half_confidence_interval": 0.15553395687361757,
        "stdev": 0.607493853033828,
        "confidence": 95
    },
    "QUEUE1 AVG NUMBER": {
        "mean": 0.5102419956715082,
        "half_confidence_interval": 0.02612072894720031,
        "stdev": 0.10202390906238558,
        "confidence": 95
    },
    "QUEUE2 AVG WAIT": {
        "mean": 7.774238271081266,
        "half_confidence_interval": 0.14772355305903442,
        "stdev": 0.57698750958031,
        "confidence": 95
    },
    "QUEUE2 AVG DELAY": {
        "mean": 3.3409844426509636,
        "half_confidence_interval": 0.1372320072925194,
        "stdev": 0.5360090011561982,
        "confidence": 95
    },
    "QUEUE2 AVG NUMBER": {
        "mean": 0.5729610459413271,
        "half_confidence_interval": 0.025514074868712645,
        "stdev": 0.0996544031936535,
        "confidence": 95
    },
    "QUEUE3 AVG WAIT": {
        "mean": 7.500175150065734,
        "half_confidence_interval": 0.16013772042289784,
        "stdev": 0.6254755087007092,
        "confidence": 95
    },
    "QUEUE3 AVG DELAY": {
        "mean": 3.074495822502916,
        "half_confidence_interval": 0.1446893852273613,
        "stdev": 0.5651364749646847,
        "confidence": 95
    },
    "QUEUE3 AVG NUMBER": {
        "mean": 0.5084016395222185,
        "half_confidence_interval": 0.025168892325888988,
        "stdev": 0.0983061685241636,
        "confidence": 95
    },
    "QUEUE4 AVG WAIT": {
        "mean": 0.0,
        "half_confidence_interval": 0.0,
        "stdev": 0.0,
        "confidence": 95
    },
    "QUEUE4 AVG DELAY": {
        "mean": 0.0,
        "half_confidence_interval": 0.0,
        "stdev": 0.0,
        "confidence": 95
    },
    "QUEUE4 AVG NUMBER": {
        "mean": 0.0,
        "half_confidence_interval": 0.0,
        "stdev": 0.0,
        "confidence": 95
    },
    "QUEUE5 AVG WAIT": {
        "mean": 0.0,
        "half_confidence_interval": 0.0,
        "stdev": 0.0,
        "confidence": 95
    },
    "QUEUE5 AVG DELAY": {
        "mean": 0.0,
        "half_confidence_interval": 0.0,
        "stdev": 0.0,
        "confidence": 95
    },
    "QUEUE5 AVG NUMBER": {
        "mean": 0.0,
        "half_confidence_interval": 0.0,
        "stdev": 0.0,
        "confidence": 95
    },
    "QUEUE6 AVG WAIT": {
        "mean": 0.0,
        "half_confidence_interval": 0.0,
        "stdev": 0.0,
        "confidence": 95
    },
    "QUEUE6 AVG DELAY": {
        "mean": 0.0,
        "half_confidence_interval": 0.0,
        "stdev": 0.0,
        "confidence": 95
    },
    "QUEUE6 AVG NUMBER": {
        "mean": 0.0,
        "half_confidence_interval": 0.0,
        "stdev": 0.0,
        "confidence": 95
    },
    "UTILIZATION1": {
        "mean": 0.7282425111859838,
        "half_confidence_interval": 0.0061613835727310495,
        "stdev": 0.024065501333957406,
        "confidence": 95
    },
    "UTILIZATION2": {
        "mean": 0.758582107605358,
        "half_confidence_interval": 0.005047693066998529,
        "stdev": 0.019715582190805957,
        "confidence": 95
    },
    "UTILIZATION3": {
        "mean": 0.7304349624208265,
        "half_confidence_interval": 0.005156188736802966,
        "stdev": 0.02013935108225479,
        "confidence": 95
    },
    "UTILIZATION4": {
        "mean": 0.0,
        "half_confidence_interval": 0.0,
        "stdev": 0.0,
        "confidence": 95
    },
    "UTILIZATION5": {
        "mean": 0.0,
        "half_confidence_interval": 0.0,
        "stdev": 0.0,
        "confidence": 95
    },
    "UTILIZATION6": {
        "mean": 0.0,
        "half_confidence_interval": 0.0,
        "stdev": 0.0,
        "confidence": 95
    }
}