{
    "interarrival": 1.0,
    "servers": 4,
    "seed": 827981913,
    "GLOBAL AVG WAIT": {
        "mean": 8416.236683398245,
        "half_confidence_interval": 1132.9686468837663,
        "stdev": 4425.216862586549,
        "confidence": 95
    },
    "GLOBAL AVG DELAY": {
        "mean": 8411.786791825216,
        "half_confidence_interval": 1132.974999503753,
        "stdev": 4425.241675030533,
        "confidence": 95
    },
    "GLOBAL AVG NUMBER": {
        "mean": 7589.865262707561,
        "half_confidence_interval": 1026.9361766417974,
        "stdev": 4011.0688836578747,
        "confidence": 95
    },
    "QUEUE1 AVG WAIT": {
        "mean": 8393.057135515013,
        "half_confidence_interval": 1134.0368232275264,
        "stdev": 4429.38900978729,
        "confidence": 95
    },
    "QUEUE1 AVG DELAY": {
        "mean": 8388.608941516406,
        "half_confidence_interval": 1134.0463292926236,
        "stdev": 4429.426139146236,
        "confidence": 95
    },
    "QUEUE1 AVG NUMBER": {
        "mean": 1896.4050088305887,
        "half_confidence_interval": 256.7333792112243,
        "stdev": 1002.7646237159217,
        "confidence": 95
    },
    "QUEUE2 AVG WAIT": {
        "mean": 8470.779199734512,
        "half_confidence_interval": 1149.111378237074,
        "stdev": 4488.268110464717,
        "confidence": 95
    },
    "QUEUE2 AVG DELAY": {
        "mean": 8466.312913773485,
        "half_confidence_interval": 1149.109226912849,
        "stdev": 4488.259707693588,
        "confidence": 95
    },
    "QUEUE2 AVG NUMBER": {
        "mean": 1896.528380761181,
        "half_confidence_interval": 256.73484940463845,
        "stdev": 1002.7703660854968,
        "confidence": 95
    },
    "QUEUE3 AVG WAIT": {
        "mean": 8434.34565600831,
        "half_confidence_interval": 1143.0248281663055,
        "stdev": 4464.494898309002,
        "confidence": 95
    },
    "QUEUE3 AVG DELAY": {
        "mean": 8429.886973933733,
        "half_confidence_interval": 1143.027817083556,
        "stdev": 4464.506572601185,
        "confidence": 95
    },
    "QUEUE3 AVG NUMBER": {
        "mean": 1896.5221606347736,
        "half_confidence_interval": 256.7331712782128,
        "stdev": 1002.7638115586998,
        "confidence": 95
    },
    "QUEUE4 AVG WAIT": {
        "mean": 8403.373932183153,
        "half_confidence_interval": 1122.1997490850724,
        "stdev": 4383.15505596787,
        "confidence": 95
    },
    "QUEUE4 AVG DELAY": {
        "mean": 8398.927553682233,
        "half_confidence_interval": 1122.205861016597,
        "stdev": 4383.17892831643,
        "confidence": 95
    },
    "QUEUE4 AVG NUMBER": {
        "mean": 1896.4097124810157,
        "half_confidence_interval": 256.73477708004236,
        "stdev": 1002.7700835957535,
        "confidence": 95
    },
    "QUEUE5 AVG WAIT": {
        "mean": 0.0,
        "half_confidence_interval": 0.0,
        "stdev": 0.0,
        "confidence": 95
    },
    "QUEUE5 AVG DELAY": {
        "mean": 0.0,
        "half_confidence_interval": 0.0,
        "stdev": 0.0,
        "confidence": 95
    },
    "QUEUE5 AVG NUMBER": {
        "mean": 0.0,
        "half_confidence_interval": 0.0,
        "stdev": 0.0,
        "confidence": 95
    },
    "QUEUE6 AVG WAIT": {
        "mean": 0.0,
        "half_confidence_interval": 0.0,
        "stdev": 0.0,
        "confidence": 95
    },
    "QUEUE6 AVG DELAY": {
        "mean": 0.0,
        "half_confidence_interval": 0.0,
        "stdev": 0.0,
        "confidence": 95
    },
    "QUEUE6 AVG NUMBER": {
        "mean": 0.0,
        "half_confidence_interval": 0.0,
        "stdev": 0.0,
        "confidence": 95
    },
    "UTILIZATION1": {
        "mean": 0.9999505249254484,
        "half_confidence_interval": 0.0005726197737453031,
        "stdev": 0.0022365726409092545,
        "confidence": 95
    },
    "UTILIZATION2": {
        "mean": 0.9999516651488017,
        "half_confidence_interval": 0.0005189569309297874,
        "stdev": 0.0020269730923474184,
        "confidence": 95
    },
    "UTILIZATION3": {
        "mean": 1.0000039897934214,
        "half_confidence_interval": 0.00046777146217765034,
        "stdev": 0.001827049819921159,
        "confidence": 95
    },
    "UTILIZATION4": {
        "mean": 0.9999213342090878,
        "half_confidence_interval": 0.0005271216003099856,
        "stdev": 0.002058863147485373,
        "confidence": 95
    },
    "UTILIZATION5": {
        "mean": 0.0,
        "half_confidence_interval": 0.0,
        "stdev": 0.0,
        "confidence": 95
    },
    "UTILIZATION6": {
        "mean": 0.0,
        "half_confidence_interval": 0.0,
        "stdev": 0.0,
        "confidence": 95
    }
}