{
    "seed": 276192443,
    "arrival_stream": 0,
    "service_stream": 1,
    "observation_period": 20000.0,
    "interarrivals": 2,
    "batch_size": 512,
    "k": 114,
    "servers": 3,
    "acquisition_time": [],
    "avg_utilization1": [
        0.7065663836883073,
        0.8085142153139696,
        0.7282746263817129,
        0.7243505336061089,
        0.7326474221807352,
        0.7706512544707428,
        0.7390756706266091,
        0.7192324179820929,
        0.7286872313295879,
        0.8564916763555328,
        0.6956473118456169,
        0.7370734265751239,
        0.7934773257379146,
        0.6992741166818645,
        0.7605102305901856,
        0.741681594103282,
        0.7078341934868496,
        0.7206613543580487,
        0.7521857755223601
    ],
    "avg_utilization2": [
        0.6834124111930248,
        0.839628926410145,
        0.7179675632516903,
        0.7236226094902991,
        0.6724911697037166,
        0.7860459682083138,
        0.7775042952513511,
        0.6935622619377585,
        0.7365069113702937,
        0.8704813701006238,
        0.7052613956049116,
        0.730685063089001,
        0.7780458283080138,
        0.7126266792769907,
        0.7475524362533562,
        0.7490325487485351,
        0.7104011261558091,
        0.7087540379491133,
        0.723308451290125
    ],
    "avg_utilization3": [
        0.673815290269043,
        0.8348581473945997,
        0.6982379253141047,
        0.7198167238029455,
        0.6845287799270346,
        0.7802437620082923,
        0.770385272537545,
        0.7593921776192264,
        0.7307260047395422,
        0.8448928203473454,
        0.7080151640681737,
        0.7142560603347615,
        0.7622657867767946,
        0.7234395983487684,
        0.7598086986900391,
        0.7132029189858444,
        0.7050986194973476,
        0.6769499314102633,
        0.7352957549504897
    ],
    "avg_utilization4": [],
    "avg_utilization5": [],
    "avg_utilization6": [],
    "avg_utilization7": [],
    "avg_utilization8": [],
    "avg_utilization9": [],
    "global": {
        "avg_wait": [
            5.275628899840416,
            6.923683297729715,
            5.490749155659676,
            5.823458095310088,
            5.682908100825761,
            7.054231272857548,
            6.040901157348653,
            6.273931193097798,
            6.098830040722149,
            9.672444591351002,
            6.002119707688486,
            6.377025957423594,
            6.619855144739322,
            6.7158006545826225,
            6.344632749799864,
            5.442228608507573,
            6.058722530871165,
            5.285702058207683,
            6.067392272857461
        ],
        "avg_delay": [
            0.9032832143583549,
            2.5409564611126303,
            1.329890712180927,
            1.4669975024979829,
            1.2611366433745603,
            2.376850371163444,
            1.7014791843048176,
            2.055735603194332,
            1.644535946297415,
            5.1126869387409215,
            1.6308329586520465,
            1.8067115450920532,
            2.151104779989158,
            2.0575109985880466,
            2.0312652358712135,
            1.2238168176552797,
            1.505229518732122,
            1.183778387152401,
            1.76865962125364
        ],
        "avg_number": [
            2.4702907033948076,
            1.7761809211794595,
            0.9421679995338821,
            0.7410948889126646,
            0.5701396684139886,
            0.589853926017397,
            0.4357247243907438,
            0.39721186083614574,
            0.34219208708218685,
            0.4934795187315522,
            0.2770454992163362,
            0.26840145315126807,
            0.2576999854476135,
            0.24100312319857636,
            0.2132153305665303,
            0.17179569113320894,
            0.1790802883557398,
            0.1477888804346688,
            0.16090564149995523
        ]
    },
    "q1": {
        "avg_wait": [
            1.7500702881833274,
            2.147993076875037,
            1.9635509649979626,
            1.8444600387990953,
            1.8801373680275892,
            1.9999232674634808,
            2.3551528519669835,
            2.263983286557186,
            1.8671508075385856,
            2.3947645572020355,
            1.9844601893461578,
            2.076101094931248,
            2.103346581535633,
            1.8410599843029998,
            2.077376528657587,
            1.8701345082491678,
            2.0102603933091725,
            2.090578979838208,
            1.9052543544468117
        ],
        "avg_delay": [
            0.5289725376033606,
            0.8709612409140798,
            0.7277062997961339,
            0.6087761781043112,
            0.6747103739624755,
            0.7589944844458401,
            1.119702075628631,
            1.0410856753909283,
            0.6413723782861187,
            1.1730240340333025,
            0.7518596772412989,
            0.84277172890761,
            0.869872034253414,
            0.6479844248968019,
            0.8475473151315828,
            0.6482439515402477,
            0.8042511042754712,
            0.8740081018089473,
            0.6744268582827957
        ],
        "avg_number": [
            0.04886055139368491,
            0.04189383397920675,
            0.024144494334827567,
            0.015585393683225018,
            0.012824185361767044,
            0.012023618104828685,
            0.016247263393367503,
            0.015190811475102635,
            0.006466235991824968,
            0.01145502145986084,
            0.006981528318959033,
            0.0072743798443624125,
            0.006349251767989913,
            0.004496293733538085,
            0.005618589518328335,
            0.004476329229156511,
            0.005060750470252292,
            0.005584321827908772,
            0.0037727484448158923
        ]
    },
    "q2": {
        "avg_wait": [
            3.350516073587863,
            4.220067872752925,
            3.665927504327777,
            3.886414589877479,
            3.6652272600666485,
            3.799787677848519,
            3.9852212093342843,
            4.016899743908562,
            3.7282247897691754,
            4.581202833204902,
            3.6976612224207557,
            3.719567350715425,
            4.246289022486948,
            3.8785698546819916,
            3.8733693154639637,
            3.6053735648475396,
            3.8984884203100107,
            3.603210168778546,
            3.6293153958138875
        ],
        "avg_delay": [
            0.7065699812711456,
            1.6247185074751107,
            1.0753951852070551,
            1.233434360166883,
            1.0012005671793904,
            1.1989296899195558,
            1.2752553332674215,
            1.4210521519630048,
            1.138386658136293,
            1.8661507226531593,
            1.123065808554464,
            1.016958986064348,
            1.5868201621586149,
            1.1364714468738384,
            1.2900660220158158,
            0.9259635680691568,
            1.1289067822383254,
            0.827212599780545,
            0.971036358846004
        ],
        "avg_number": [
            0.14926948232373072,
            0.18804862105081674,
            0.09046250178788705,
            0.07235206784693926,
            0.04551449585906584,
            0.04092275095814982,
            0.0400629130669223,
            0.04076716369927061,
            0.0283184269483686,
            0.040538355968490786,
            0.02247680952455222,
            0.01797374662517111,
            0.028231861455624736,
            0.0175241161450159,
            0.01998324064169167,
            0.013587400656722414,
            0.013751095487241452,
            0.010435139026392634,
            0.012071075586309354
        ]
    },