{
    "interarrival": 1.0,
    "servers": 6,
    "seed": 808901572,
    "GLOBAL AVG WAIT": {
        "mean": 5.88971849587861,
        "half_confidence_interval": 0.08473215548302145,
        "stdev": 0.330951932587098,
        "confidence": 95
    },
    "GLOBAL AVG DELAY": {
        "mean": 1.4597225541854737,
        "half_confidence_interval": 0.06775570865574083,
        "stdev": 0.2646443088293566,
        "confidence": 95
    },
    "GLOBAL AVG NUMBER": {
        "mean": 5.887818260231084,
        "half_confidence_interval": 0.0985487326753445,
        "stdev": 0.38491754809010964,
        "confidence": 95
    },
    "QUEUE1 AVG WAIT": {
        "mean": 5.719220011298044,
        "half_confidence_interval": 0.0999650076636617,
        "stdev": 0.39044931984531145,
        "confidence": 95
    },
    "QUEUE1 AVG DELAY": {
        "mean": 1.2878412996907862,
        "half_confidence_interval": 0.07065466494380947,
        "stdev": 0.27596722609202534,
        "confidence": 95
    },
    "QUEUE1 AVG NUMBER": {
        "mean": 0.20522101985906988,
        "half_confidence_interval": 0.01213281031616558,
        "stdev": 0.047389057896116846,
        "confidence": 95
    },
    "QUEUE2 AVG WAIT": {
        "mean": 5.978424992216801,
        "half_confidence_interval": 0.1241714443102272,
        "stdev": 0.4849962712778555,
        "confidence": 95
    },
    "QUEUE2 AVG DELAY": {
        "mean": 1.5309186138522095,
        "half_confidence_interval": 0.08324176707046238,
        "stdev": 0.3251306841763848,
        "confidence": 95
    },
    "QUEUE2 AVG NUMBER": {
        "mean": 0.2578688376359451,
        "half_confidence_interval": 0.013490163675870826,
        "stdev": 0.052690690021928346,
        "confidence": 95
    },
    "QUEUE3 AVG WAIT": {
        "mean": 5.993083289774905,
        "half_confidence_interval": 0.10441168406507027,
        "stdev": 0.40781741511264463,
        "confidence": 95
    },
    "QUEUE3 AVG DELAY": {
        "mean": 1.5503416799742842,
        "half_confidence_interval": 0.06607433534222643,
        "stdev": 0.25807710014292745,
        "confidence": 95
    },
    "QUEUE3 AVG NUMBER": {
        "mean": 0.26529421482750115,
        "half_confidence_interval": 0.011325538414668669,
        "stdev": 0.04423596690721595,
        "confidence": 95
    },
    "QUEUE4 AVG WAIT": {
        "mean": 6.027611453677347,
        "half_confidence_interval": 0.1091000089124878,
        "stdev": 0.4261293553672491,
        "confidence": 95
    },
    "QUEUE4 AVG DELAY": {
        "mean": 1.5782930989664514,
        "half_confidence_interval": 0.07569633065218281,
        "stdev": 0.29565926626417227,
        "confidence": 95
    },
    "QUEUE4 AVG NUMBER": {
        "mean": 0.26994968814850373,
        "half_confidence_interval": 0.013175971506893182,
        "stdev": 0.05146349941248233,
        "confidence": 95
    },
    "QUEUE5 AVG WAIT": {
        "mean": 5.924150345925339,
        "half_confidence_interval": 0.11569042028321122,
        "stdev": 0.45187057919486606,
        "confidence": 95
    },
    "QUEUE5 AVG DELAY": {
        "mean": 1.5167704215469,
        "half_confidence_interval": 0.07991047658317375,
        "stdev": 0.31211913007992254,
        "confidence": 95
    },
    "QUEUE5 AVG NUMBER": {
        "mean": 0.25720392798144054,
        "half_confidence_interval": 0.013545907878188906,
        "stdev": 0.05290841906921302,
        "confidence": 95
    },
    "QUEUE6 AVG WAIT": {
        "mean": 5.720492754248245,
        "half_confidence_interval": 0.09782830060184239,
        "stdev": 0.3821036413074475,
        "confidence": 95
    },
    "QUEUE6 AVG DELAY": {
        "mean": 1.2848949353697732,
        "half_confidence_interval": 0.06875541655652061,
        "stdev": 0.26854902788081464,
        "confidence": 95
    },
    "QUEUE6 AVG NUMBER": {
        "mean": 0.20521111047078272,
        "half_confidence_interval": 0.0118101329893588,
        "stdev": 0.046128725448535704,
        "confidence": 95
    },
    "UTILIZATION1": {
        "mean": 0.7035934912936829,
        "half_confidence_interval": 0.00676313669418601,
        "stdev": 0.02641586475089826,
        "confidence": 95
    },
    "UTILIZATION2": {
        "mean": 0.7500315420188988,
        "half_confidence_interval": 0.005717015400914549,
        "stdev": 0.022329861488558513,
        "confidence": 95
    },
    "UTILIZATION3": {
        "mean": 0.7595885961750634,
        "half_confidence_interval": 0.005674454266744214,
        "stdev": 0.02216362365917161,
        "confidence": 95
    },
    "UTILIZATION4": {
        "mean": 0.7604838302681419,
        "half_confidence_interval": 0.0057538134109451616,
        "stdev": 0.0224735893621806,
        "confidence": 95
    },
    "UTILIZATION5": {
        "mean": 0.7471561340897402,
        "half_confidence_interval": 0.006210980830124432,
        "stdev": 0.02425922127524521,
        "confidence": 95
    },
    "UTILIZATION6": {
        "mean": 0.7062716734825759,
        "half_confidence_interval": 0.0066458868211312664,
        "stdev": 0.025957903167578986,
        "confidence": 95
    }
}