{
    "seed": 413031352,
    "arrival_stream": 0,
    "service_stream": 1,
    "observation_period": 20000.0,
    "interarrivals": 4,
    "batch_size": 200,
    "k": 15,
    "servers": 3,
    "acquisition_time": [],
    "avg_utilization1": [
        0.34148542636192436,
        0.29942622280072595,
        0.3478902836861691,
        0.34436142727600694,
        0.31367803002762784,
        0.4129284253733078,
        0.340649667843954,
        0.30422720427258015,
        0.3999322892723024,
        0.3262595908191092,
        0.3220859999440772,
        0.36991217081322547,
        0.3048777809317063,
        0.47529296870224674,
        0.31795868743342964
    ],
    "avg_utilization2": [
        0.40717649870245454,
        0.38404391689258616,
        0.42083029593697246,
        0.4360260980598288,
        0.35737668048461035,
        0.40200883460331405,
        0.3790154854478316,
        0.42910224875737396,
        0.39448019031874926,
        0.4250296727872547,
        0.3976941277024049,
        0.41599889854979655,
        0.4504558605296496,
        0.3914583521006466,
        0.3673264667399975
    ],
    "avg_utilization3": [
        0.32623279226738505,
        0.36122632744091415,
        0.3125787472696519,
        0.3881181252260201,
        0.33925863833169506,
        0.39674468071788305,
        0.2865576204811037,
        0.3197192571347484,
        0.3544602963352824,
        0.3449001302285342,
        0.33672368526595015,
        0.32092063660720566,
        0.3044482176340392,
        0.42458830831601607,
        0.35535565629704563
    ],
    "avg_utilization4": [],
    "avg_utilization5": [],
    "avg_utilization6": [],
    "avg_utilization7": [],
    "avg_utilization8": [],
    "avg_utilization9": [],
    "global": {
        "avg_wait": [
            4.865026634156386,
            4.946706080094421,
            4.524627787818704,
            5.142464083304242,
            4.537345868639559,
            4.754677766260434,
            4.516923931220735,
            4.677182177259574,
            5.057101661741708,
            4.811043974559811,
            4.5612324288917625,
            4.720164732415051,
            4.887414556764252,
            5.475934646628384,
            5.0950164527743524
        ],
        "avg_delay": [
            0.25183866876743216,
            0.5818910369118379,
            0.2406651263738922,
            0.5868194716345988,
            0.33646925423220864,
            0.2863849484612592,
            0.16511224114481138,
            0.3616632088539973,
            0.453262981633693,
            0.443328384472411,
            0.33611417196856563,
            0.322368034568417,
            0.29671036449700294,
            1.054747944159253,
            0.36907456768431984
        ],
        "avg_number": [
            1.1316383096803821,
            0.5840531847807919,
            0.36231629327918957,
            0.31443617007086183,
            0.2212447302276762,
            0.19618043698728566,
            0.1585246920049434,
            0.14333688466958805,
            0.13816406895372552,
            0.11843316033386103,
            0.10216119318054301,
            0.09718988287169018,
            0.09235900705067322,
            0.09722831534116508,
            0.08367572706788329
        ]
    },
    "c1": {
        "avg_wait": [
            4.7291715969630825,
            4.688976055598161,
            4.330811018323588,
            4.625182665805899,
            4.445273041149974,
            5.226390895847573,
            5.220309330514807,
            4.801886687983012,
            4.918291722666629,
            5.1610066075037695,
            4.552655407406005,
            5.003005366507736,
            4.457582583317523,
            6.168085046916819,
            4.695166913478078
        ],
        "avg_delay": [
            0.0685998184244418,
            0.5946754245660635,
            0.1518810414741088,
            0.46973515638099644,
            0.37362439547920445,
            0.4310790822233069,
            0.12513735196439407,
            0.34887289268229843,
            0.21207293445937628,
            0.476510242882536,
            0.5637765333214562,
            0.40081288644022794,
            0.24624964993424892,
            1.0337201241593628,
            0.4055585253530563
        ],
        "avg_number": [
            0.005026387180837811,
            0.021414903443126153,
            0.003952682525000274,
            0.009478251665358695,
            0.005829834866632993,
            0.005513828472519118,
            0.0012955766671649538,
            0.0029936355849566943,
            0.0019699608411911426,
            0.0032844621671402263,
            0.004103874857178427,
            0.002599657491614172,
            0.001465838933951935,
            0.005781599836015192,
            0.0022312706161666434
        ]
    },
    "c2": {
        "avg_wait": [
            5.319216263287321,
            4.376231767788859,
            5.258624479342347,
            5.362012593194175,
            4.464420439759947,
            4.2976992105090055,
            4.40779624907417,
            5.273690831357078,
            5.078871730704356,
            5.2926625421665205,
            4.632334760861426,
            4.345582906574248,
            5.462236553789324,
            4.4194248237259,
            4.927487564098899
        ],
        "avg_delay": [
            0.34035812263899,
            0.4977899215595537,
            0.4269579926521861,
            0.6384228005985996,
            0.4780122037395629,
            0.27688564366173524,
            0.24643941990500304,
            0.5727291136594431,
            0.5672237728804638,
            0.7384116963345514,
            0.3613869921305013,
            0.23456415649801599,
            0.4057901205999167,
            0.8621193680726384,
            0.4272903947482297
        ],
        "avg_number": [
            0.027709365609585656,
            0.02439104941701564,
            0.0119662534883083,
            0.013857917538023675,
            0.008624059775419824,
            0.004284166238971086,
            0.0033730977443815783,
            0.006581944304306946,
            0.005423952769521765,
            0.006816537477636784,
            0.0030353413434483097,
            0.0019077552065197884,
            0.002952312165686579,
            0.005816818368399486,
            0.0025964427924817625
        ]
    },
    "c3": {
        "avg_wait": [
            4.51824444466404,
            6.072972141087876,
            3.9279865818268194,
            5.436950263505914,
            4.7194288153560855,
            4.834474236847012,
            3.993308385968068,
            3.927593747436019,
            5.18476571060816,
            4.003517887380611,
            4.481646287205922,
            4.923147565063055,
            4.601049899367808,
            6.077398110930308,
            5.7592038577715385
        ],
        "avg_delay": [
            0.33165487474652683,
            0.6926150534713348,
            0.12882612451243614,
            0.651323097829737,
            0.12917720095233856,
            0.1552962431710584,
            0.10185824937258393,
            0.14262429356713782,
            0.5891285916430412,
            0.09565545026041787,
            0.05788892196718128,
            0.3567556328380306,
            0.20970842778915538,
            1.3164614596113156,
            0.25462717164135923
        ],