{
    "interarrival": 2,
    "servers": 3,
    "seed": 1410532499,
    "GLOBAL AVG WAIT": {
        "mean": 14.901843706640753,
        "half_confidence_interval": 0.4524888413361453,
        "stdev": 1.7673580432437035,
        "confidence": 95
    },
    "GLOBAL AVG DELAY": {
        "mean": 10.460436149940849,
        "half_confidence_interval": 0.448506987928688,
        "stdev": 1.7518054814923318,
        "confidence": 95
    },
    "GLOBAL AVG NUMBER": {
        "mean": 7.499286205279853,
        "half_confidence_interval": 0.2602304615968937,
        "stdev": 1.0164237377483212,
        "confidence": 95
    },
    "QUEUE1 AVG WAIT": {
        "mean": 15.403803909668914,
        "half_confidence_interval": 1.001149962112354,
        "stdev": 3.910351541062538,
        "confidence": 95
    },
    "QUEUE1 AVG DELAY": {
        "mean": 10.952018648002381,
        "half_confidence_interval": 0.9859771040009121,
        "stdev": 3.8510884822364497,
        "confidence": 95
    },
    "QUEUE1 AVG NUMBER": {
        "mean": 1.85322822262309,
        "half_confidence_interval": 0.1859524205874834,
        "stdev": 0.7263041121975009,
        "confidence": 95
    },
    "QUEUE2 AVG WAIT": {
        "mean": 14.886884906568831,
        "half_confidence_interval": 0.8056853911309576,
        "stdev": 3.1468943016020883,
        "confidence": 95
    },
    "QUEUE2 AVG DELAY": {
        "mean": 10.430139297465892,
        "half_confidence_interval": 0.7883800243959657,
        "stdev": 3.0793019627500255,
        "confidence": 95
    },
    "QUEUE2 AVG NUMBER": {
        "mean": 1.751817031902502,
        "half_confidence_interval": 0.1449106121394322,
        "stdev": 0.5660005563004276,
        "confidence": 95
    },
    "QUEUE3 AVG WAIT": {
        "mean": 14.294917351031048,
        "half_confidence_interval": 0.6494902006863801,
        "stdev": 2.536817762845784,
        "confidence": 95
    },
    "QUEUE3 AVG DELAY": {
        "mean": 9.878357963215004,
        "half_confidence_interval": 0.6367208141783361,
        "stdev": 2.4869423274966196,
        "confidence": 95
    },
    "QUEUE3 AVG NUMBER": {
        "mean": 1.6627171244571186,
        "half_confidence_interval": 0.11707492666485568,
        "stdev": 0.45727826722159426,
        "confidence": 95
    },
    "QUEUE4 AVG WAIT": {
        "mean": 0.0,
        "half_confidence_interval": 0.0,
        "stdev": 0.0,
        "confidence": 95
    },
    "QUEUE4 AVG DELAY": {
        "mean": 0.0,
        "half_confidence_interval": 0.0,
        "stdev": 0.0,
        "confidence": 95
    },
    "QUEUE4 AVG NUMBER": {
        "mean": 0.0,
        "half_confidence_interval": 0.0,
        "stdev": 0.0,
        "confidence": 95
    },
    "QUEUE5 AVG WAIT": {
        "mean": 0.0,
        "half_confidence_interval": 0.0,
        "stdev": 0.0,
        "confidence": 95
    },
    "QUEUE5 AVG DELAY": {
        "mean": 0.0,
        "half_confidence_interval": 0.0,
        "stdev": 0.0,
        "confidence": 95
    },
    "QUEUE5 AVG NUMBER": {
        "mean": 0.0,
        "half_confidence_interval": 0.0,
        "stdev": 0.0,
        "confidence": 95
    },
    "QUEUE6 AVG WAIT": {
        "mean": 0.0,
        "half_confidence_interval": 0.0,
        "stdev": 0.0,
        "confidence": 95
    },
    "QUEUE6 AVG DELAY": {
        "mean": 0.0,
        "half_confidence_interval": 0.0,
        "stdev": 0.0,
        "confidence": 95
    },
    "QUEUE6 AVG NUMBER": {
        "mean": 0.0,
        "half_confidence_interval": 0.0,
        "stdev": 0.0,
        "confidence": 95
    },
    "UTILIZATION1": {
        "mean": 0.7479758892882236,
        "half_confidence_interval": 0.008899326070556568,
        "stdev": 0.03475952128190115,
        "confidence": 95
    },
    "UTILIZATION2": {
        "mean": 0.7438214108839609,
        "half_confidence_interval": 0.00916453824978017,
        "stdev": 0.035795402911010354,
        "confidence": 95
    },
    "UTILIZATION3": {
        "mean": 0.7397621372587808,
        "half_confidence_interval": 0.008885548435142157,
        "stdev": 0.03470570776752886,
        "confidence": 95
    },
    "UTILIZATION4": {
        "mean": 0.0,
        "half_confidence_interval": 0.0,
        "stdev": 0.0,
        "confidence": 95
    },
    "UTILIZATION5": {
        "mean": 0.0,
        "half_confidence_interval": 0.0,
        "stdev": 0.0,
        "confidence": 95
    },
    "UTILIZATION6": {
        "mean": 0.0,
        "half_confidence_interval": 0.0,
        "stdev": 0.0,
        "confidence": 95
    }
}