{
    "seed": 398739712,
    "arrival_stream": 0,
    "service_stream": 1,
    "observation_period": 840.0,
    "interarrivals": 5,
    "batch_size": 0,
    "k": 0,
    "servers": 3,
    "acquisition_time": [
        59.41762380976852,
        122.34343637611883,
        169.75778243795088,
        209.69553397699482,
        247.50828510507063,
        288.0299414875338,
        325.45655526413526,
        389.8281666429633,
        429.08664853806977,
        457.5371009939084,
        479.2078621070419,
        517.4039974101757,
        537.3904756413123,
        559.8191242487449,
        595.8996113819005,
        619.2501489979255,
        650.0206903163688,
        679.2227989534761,
        713.5641851586739,
        753.290489572923,
        811.0271359912385
    ],
    "avg_utilization1": [
        0.6549133714479917,
        0.610095834668784,
        0.4947758352056097,
        0.808700963329212,
        0.993509696624704,
        0.7404206825966692,
        0.8379586847067956,
        0.5151933163347826,
        0.7353674132497743,
        1.0130760090367366,
        1.018616302291446,
        0.7032019353430778,
        1.0308437897052607,
        1.0269777640890638,
        0.6629201753278852,
        1.2119540156484268,
        0.5508861843462037,
        1.1077531331192187,
        0.8933267870703008,
        0.8251359120481838,
        0.3609898091919104
    ],
    "avg_utilization2": [
        0.5032119140763753,
        0.30079720091704537,
        0.31550702332946334,
        1.1311128356957725,
        0.5213257131037949,
        0.4394944135585785,
        0.8627801259328932,
        0.2173084369290771,
        0.6542321053108272,
        1.1374748142712237,
        0.677903611196785,
        0.7488716127122483,
        0.9469125170010986,
        0.714536702131968,
        0.955568000147003,
        0.7144330360223394,
        0.7355993673185911,
        0.9466247985985826,
        0.7028884495889814,
        0.540541413692359,
        0.36455453851290953
    ],
    "avg_utilization3": [
        0.31169835019180736,
        0.07535709596721017,
        0.3924481081688158,
        0.38205547227662806,
        0.3678889682011963,
        0.2459696735619873,
        0.43233677086424294,
        0.14578895996926816,
        0.3087831383860512,
        0.8342545716892485,
        0.742807319819302,
        0.631824399838119,
        1.301290780659754,
        0.6510910478597974,
        0.4973219436178471,
        0.831337567645291,
        1.0796914006607077,
        0.7909099917962292,
        0.531832119727978,
        0.49795317925250937,
        0.2624381645326091
    ],
    "avg_utilization4": [],
    "avg_utilization5": [],
    "avg_utilization6": [],
    "avg_utilization7": [],
    "avg_utilization8": [],
    "avg_utilization9": [],
    "global": {
        "avg_wait": [
            6.904164093914245,
            4.027530591441926,
            4.00363793345319,
            8.148313935512649,
            4.8789291929787755,
            3.736273418396213,
            6.735989068765978,
            3.6319492539531515,
            5.621052968232988,
            7.889027486289206,
            6.619288771431138,
            5.5943926680075435,
            7.645119240910511,
            12.141646315630933,
            6.666378521198982,
            6.527107772328366,
            9.285770309691369,
            6.395810555100881,
            7.37306967885276,
            8.269736801061324,
            3.8366331502976965
        ],
        "avg_delay": [
            0.08990796222060737,
            0.0,
            0.0,
            0.8397696650783818,
            2.918978882441213,
            0.0,
            0.28505158408760795,
            0.22355766105689226,
            1.291238901953493,
            9.46808533054242,
            7.604456927485971,
            17.67894699439547,
            14.480552538873779,
            7.3080564432320685,
            1.8769322155881734,
            2.7812407426080235,
            6.813404494374257,
            2.3310847822540914,
            1.6043761932821117,
            1.8342802251844381,
            0.0,
            0.09936229714499802,
            0.0,
            0.33278667571234677,
            1.0992382142401975,
            0.0,
            0.07067569142863779,
            0.409211473508968,
            1.1205656333000198,
            1.6358177550017354,
            3.0163739747971445,
            0.132590727793657,
            2.5153271750456065,
            7.47050427573361,
            6.4314058304368436,
            0.1056829741247564,
            0.0,
            0.22271625929256078,
            0.1655961664464828,
            1.9650382335377403,
            0.6007812985673214,
            3.3963323432468067,
            0.12509063339170487,
            0.0,
            0.4662675842185872,
            6.492767149515271,
            1.0859902685979541,
            1.2311012937304417,
            6.550579650083923,
            3.280168611091805,
            1.3084525914791623,
            3.7786290463174357,
            1.5583559213075617,
            0.7608284394397392,
            0.0,
            0.0,
            1.5691107993284017,
            0.22936298877669234,
            0.5745003193477266,
            0.016065840108827462,
            0.0,
            0.0,
            0.00889622169446369,
            0.09020801230862151,
            2.7641271131575316,
            3.6363156802175163,
            1.3349650931319526,
            1.684217501333224,
            6.158494009727522,
            13.38422439521586,
            4.23722594753882,
            0.0,
            3.2039757082763516,
            0.0,
            0.0033081158379280576,
            8.855641334127736,
            4.319195021934711,
            0.0,
            0.027290566856868283,
            0.1606447174088588,
            0.3162724860539551,
            2.0628335875194144,
            2.2080363629794357,
            2.2250398800630493,
            0.9751449505285609,
            2.2516360016790506,
            2.9430447967575635,
            1.8828886104048106,
            0.033728096328597225,
            0.04178100256009998,
            0.0,
            1.6066344752508719,
            0.009969267954615665,
            2.3636149612483233,
            1.5611176256913684,
            0.0,
            0.44806170506792947,
            0.0,
            0.19266090021739316,
            1.2327259939553394,
            2.182988625004452,
            17.10066086966665,
            5.748238816466425,
            1.1909062448221979,
            2.3658882496582896,
            4.41546614153797,
            7.175259782684745,
            6.766999609888831,
            0.19149359987496786,
            0.7203976204918647,
            0.061455226704078804,
            0.7364240136969409,
            0.2346143691335345,
            0.0,
            1.3037823531800614,
            0.6922451558071177,
            0.0,
            0.0,
            0.8561407197433243,
            2.9639609819924533,
            0.324968326718772,
            0.26974036607544843,
            2.1847462319162396,
            2.3880984737404054,
            0.9843297301035122,
            0.5330228668674983,
            0.0,
            0.6136187821784754,
            1.9066403314756901,
            0.09967520809450055,
            0.0,
            0.9470531119537275,
            0.0,
            0.5767430343048381,
            2.558562232124835,
            2.6813010318677493,
            0.7272007615562549,
            4.834128385165395,
            7.96670131054275,
            2.7073304254592627,
            2.358990961579473,
            4.002723701160286,
            1.2236292564156113,
            2.203352363784386,
            3.990816221091942,
            0.0
        ],