{
    "interarrival": 4.0,
    "servers": 2,
    "seed": 123456789,
    "GLOBAL AVG WAIT": {
        "mean": 5.774352024348673,
        "half_confidence_interval": 0.0633930444222201,
        "stdev": 0.24760435332389788,
        "confidence": 95
    },
    "GLOBAL AVG DELAY": {
        "mean": 1.3379547363956457,
        "half_confidence_interval": 0.04798856937607308,
        "stdev": 0.18743663118877948,
        "confidence": 95
    },
    "GLOBAL AVG NUMBER": {
        "mean": 1.4456743579729379,
        "half_confidence_interval": 0.019983211230625283,
        "stdev": 0.0780516244201629,
        "confidence": 95
    },
    "QUEUE1 AVG WAIT": {
        "mean": 2.027463817035175,
        "half_confidence_interval": 0.027414648557099037,
        "stdev": 0.10707777784534289,
        "confidence": 95
    },
    "QUEUE1 AVG DELAY": {
        "mean": 0.7987326389952674,
        "half_confidence_interval": 0.02760342040358482,
        "stdev": 0.10781509424023884,
        "confidence": 95
    },
    "QUEUE1 AVG NUMBER": {
        "mean": 0.039553621349609255,
        "half_confidence_interval": 0.0014034209311561121,
        "stdev": 0.005481565608139981,
        "confidence": 95
    },
    "QUEUE2 AVG WAIT": {
        "mean": 3.7099574309890615,
        "half_confidence_interval": 0.0309958860659312,
        "stdev": 0.12106559000289978,
        "confidence": 95
    },
    "QUEUE2 AVG DELAY": {
        "mean": 1.0483063123748861,
        "half_confidence_interval": 0.029221729696145494,
        "stdev": 0.11413598369293233,
        "confidence": 95
    },
    "QUEUE2 AVG NUMBER": {
        "mean": 0.11684188730380425,
        "half_confidence_interval": 0.003338528090580323,
        "stdev": 0.013039823161294053,
        "confidence": 95
    },
    "QUEUE3 AVG WAIT": {
        "mean": 10.430424436910739,
        "half_confidence_interval": 0.10546906383735546,
        "stdev": 0.41194739241726325,
        "confidence": 95
    },
    "QUEUE3 AVG DELAY": {
        "mean": 1.9964827875250606,
        "half_confidence_interval": 0.09744580349177683,
        "stdev": 0.38060966116421197,
        "confidence": 95
    },
    "QUEUE3 AVG NUMBER": {
        "mean": 0.17887932890512745,
        "half_confidence_interval": 0.009962234737707416,
        "stdev": 0.03891109367554381,
        "confidence": 95
    },
    "QUEUE4 AVG WAIT": {
        "mean": 0.0,
        "half_confidence_interval": 0.0,
        "stdev": 0.0,
        "confidence": 95
    },
    "QUEUE4 AVG DELAY": {
        "mean": 0.0,
        "half_confidence_interval": 0.0,
        "stdev": 0.0,
        "confidence": 95
    },
    "QUEUE4 AVG NUMBER": {
        "mean": 0.0,
        "half_confidence_interval": 0.0,
        "stdev": 0.0,
        "confidence": 95
    },
    "QUEUE5 AVG WAIT": {
        "mean": 0.0,
        "half_confidence_interval": 0.0,
        "stdev": 0.0,
        "confidence": 95
    },
    "QUEUE5 AVG DELAY": {
        "mean": 0.0,
        "half_confidence_interval": 0.0,
        "stdev": 0.0,
        "confidence": 95
    },
    "QUEUE5 AVG NUMBER": {
        "mean": 0.0,
        "half_confidence_interval": 0.0,
        "stdev": 0.0,
        "confidence": 95
    },
    "QUEUE6 AVG WAIT": {
        "mean": 0.0,
        "half_confidence_interval": 0.0,
        "stdev": 0.0,
        "confidence": 95
    },
    "QUEUE6 AVG DELAY": {
        "mean": 0.0,
        "half_confidence_interval": 0.0,
        "stdev": 0.0,
        "confidence": 95
    },
    "QUEUE6 AVG NUMBER": {
        "mean": 0.0,
        "half_confidence_interval": 0.0,
        "stdev": 0.0,
        "confidence": 95
    },
    "UTILIZATION1": {
        "mean": 0.5548108278536812,
        "half_confidence_interval": 0.004341059754659298,
        "stdev": 0.016955571436730998,
        "confidence": 95
    },
    "UTILIZATION2": {
        "mean": 0.5556015078087111,
        "half_confidence_interval": 0.004600720221142365,
        "stdev": 0.017969768853392465,
        "confidence": 95
    },
    "UTILIZATION3": {
        "mean": 0.0,
        "half_confidence_interval": 0.0,
        "stdev": 0.0,
        "confidence": 95
    },
    "UTILIZATION4": {
        "mean": 0.0,
        "half_confidence_interval": 0.0,
        "stdev": 0.0,
        "confidence": 95
    },
    "UTILIZATION5": {
        "mean": 0.0,
        "half_confidence_interval": 0.0,
        "stdev": 0.0,
        "confidence": 95
    },
    "UTILIZATION6": {
        "mean": 0.0,
        "half_confidence_interval": 0.0,
        "stdev": 0.0,
        "confidence": 95
    }
}