{
    "seed": 558122283,
    "arrival_stream": 0,
    "service_stream": 1,
    "observation_period": 40000.0,
    "interarrivals": 5.0,
    "batch_size": 0,
    "k": 0,
    "servers": 2,
    "acquisition_time": [
        66.4013474341469,
        70.5324928422826,
        74.27057740106991,
        80.12356288840559,
        91.39834894931914,
        99.79313146016709,
        125.79845770115095,
        131.25513930922128,
        160.94357711415222,
        207.2232713051122,
        250.24329315431422,
        298.325228978733,
        355.7383036896254,
        429.85948742911165,
        527.2272800767877,
        637.4051617586133,
        774.3253662500684,
        949.57462707462,
        1146.8568867121683,
        1458.5530457599466,
        1733.7197943408623,
        2139.996141025267,
        2650.142333759626,
        3030.603779530164,
        3621.2590909990768,
        4359.495655891568,
        5149.365787727158,
        6284.431389732703,
        7638.701700372617,
        9285.942234265307,
        11158.842131834188,
        13541.654632901795,
        16494.96931187525,
        19773.168127768156,
        23562.952944817298,
        28466.10000934938,
        34065.78694240309
    ],
    "avg_utilization1": [
        0.4158537810150838,
        0.4075106244757347,
        0.40669448396459984,
        0.4210321614166696,
        0.4496319942319632,
        0.484915259439976,
        0.5183401437241586,
        0.5163823339858157,
        0.5751327001577398,
        0.5487954281074309,
        0.5572017566832925,
        0.5744222093823307,
        0.6155265096612568,
        0.6019342149841022,
        0.5932618086030775,
        0.5923526868020832,
        0.6016865523219601,
        0.579929966245682,
        0.545877805482253,
        0.49163659118248226,
        0.4905706342658914,
        0.45349798513313205,
        0.4293024566982065,
        0.4449296519517282,
        0.4518907444767432,
        0.4644171167905526,
        0.47238685462119123,
        0.4680577249997298,
        0.46417603233290644,
        0.4565656880838802,
        0.4588295742276145,
        0.4563494393906894,
        0.4493018888179252,
        0.4491542050198202,
        0.45040919104717675,
        0.44579127509004407,
        0.44367771389485133
    ],
    "avg_utilization2": [
        0.38798702930483864,
        0.39508461581370097,
        0.37519976028319396,
        0.3855993940856121,
        0.41940518871288285,
        0.4500838261546866,
        0.536056836744176,
        0.5327446709959318,
        0.5854921780296165,
        0.5999345407042809,
        0.5624077009904924,
        0.5658549197161125,
        0.5434205794576568,
        0.5094134498805541,
        0.5365390171724063,
        0.5241923901751818,
        0.5225444678397172,
        0.5340838420764469,
        0.5234452608772545,
        0.49052679254193304,
        0.5038586739642446,
        0.4910967450586377,
        0.4524607695748099,
        0.4722502706034024,
        0.4814757861695064,
        0.48456481314959543,
        0.48884443273463063,
        0.4728880079226831,
        0.47276778183221785,
        0.4637850253239515,
        0.4588085676813895,
        0.4504041305277442,
        0.4409122176211643,
        0.4426967252404952,
        0.44397921863446094,
        0.4432758527253589,
        0.44553483397892973
    ],
    "avg_utilization3": [],
    "avg_utilization4": [],
    "avg_utilization5": [],
    "avg_utilization6": [],
    "global": {
        "avg_wait": [
            5.202679084780767,
            4.861618350332939,
            4.341273079629366,
            3.9609576642949276,
            4.164975702908793,
            4.0643040677566935,
            5.90359471070014,
            5.347076661614277,
            5.656463159060599,
            5.730116636998355,
            5.625668693842919,
            6.041843552777694,
            6.009110457477226,
            5.747197486801868,
            5.798354197948397,
            6.220916186380381,
            6.3146169251059305,
            6.360497152663678,
            6.054342547359521,
            5.728095155192846,
            5.81268535641599,
            5.595623687826942,
            5.303337259173521,
            5.432835032686998,
            5.4619523258777605,
            5.649419448702489,
            5.7580352688706435,
            5.690116766579074,
            5.681131787874243,
            5.604963871697951,
            5.624356130477768,
            5.644489860177934,
            5.634091587935826,
            5.628487388315311,
            5.599647837123948,
            5.612329685395344,
            5.637793327722174
        ],
        "avg_delay": [
            0.06783820239812925,
            0.2255071773295227,
            0.19329186628244802,
            0.15918153693848658,
            0.23326378230860492,
            0.2368623466224185,
            1.4063454040653847,
            1.296979273615884,
            1.128665464010043,
            1.1155376967232318,
            1.0282421638080044,
            1.2979958930225206,
            1.231422347520851,
            1.1091068307410796,
            1.0541783447770614,
            1.4121891904244601,
            1.4220639321960502,
            1.451084993002965,
            1.2671870849097329,
            1.0874067446788307,
            1.1290640410345238,
            1.0238479555894553,
            0.8942843265346777,
            1.0664837671217038,
            1.0366428956384328,
            1.1387277707735326,
            1.254184945665003,
            1.2076113563561082,
            1.16422456054396,
            1.1046634301400835,
            1.1350669670455305,
            1.1549309274590438,
            1.1605271711921692,
            1.1534944523233066,
            1.139455849844559,
            1.1525320766223457,
            1.1861523464054535
        ],
        "avg_number": [
            0.7835201070189863,
            0.827128290140656,
            0.8183297510480319,
            0.8404054670758754,
            0.9113897025028961,
            0.9774550231956146,
            1.3609407439399606,
            1.3850932424564733,
            1.4409707655310442,
            1.3825948699944572,
            1.3263670276751631,
            1.4379303209310426,
            1.4527069308620888,
            1.3771042827994182,
            1.3527326701375915,
            1.4444432690881874,
            1.4434335286683513,
            1.4267292479066005,
            1.3514429830624766,
            1.2056642147889542,
            1.2338027276053165,
            1.1557337055919048,
            1.060610485541155,
            1.1401302618729674,
            1.150834425242674,
            1.187033690013658,
            1.2289048829218916,
            1.1942630207371905,
            1.177324625697353,
            1.1462300888625478,
            1.1486772077177816,
            1.140014288215425,
            1.1206722577355255,
            1.1209626698140813,
            1.122878617649245,
            1.1178879195161981,
            1.1260431431300348
        ]
    },