{
    "interarrival": 2,
    "servers": 3,
    "seed": 1226319573,
    "GLOBAL AVG WAIT": {
        "mean": 14.924644480298427,
        "half_confidence_interval": 0.7627313531818144,
        "stdev": 2.510404301853217,
        "confidence": 95
    },
    "GLOBAL AVG DELAY": {
        "mean": 10.479261511364374,
        "half_confidence_interval": 0.7405475270424264,
        "stdev": 2.4373899012525793,
        "confidence": 95
    },
    "GLOBAL AVG NUMBER": {
        "mean": 0.5745492017681637,
        "half_confidence_interval": 0.2117148453748783,
        "stdev": 0.6968244538239015,
        "confidence": 95
    },
    "QUEUE1 AVG WAIT": {
        "mean": 0.0,
        "half_confidence_interval": 0.0,
        "stdev": 0.0,
        "confidence": 95
    },
    "QUEUE1 AVG DELAY": {
        "mean": 0.0,
        "half_confidence_interval": 0.0,
        "stdev": 0.0,
        "confidence": 95
    },
    "QUEUE1 AVG NUMBER": {
        "mean": 0.0,
        "half_confidence_interval": 0.0,
        "stdev": 0.0,
        "confidence": 95
    },
    "QUEUE2 AVG WAIT": {
        "mean": 0.0,
        "half_confidence_interval": 0.0,
        "stdev": 0.0,
        "confidence": 95
    },
    "QUEUE2 AVG DELAY": {
        "mean": 0.0,
        "half_confidence_interval": 0.0,
        "stdev": 0.0,
        "confidence": 95
    },
    "QUEUE2 AVG NUMBER": {
        "mean": 0.0,
        "half_confidence_interval": 0.0,
        "stdev": 0.0,
        "confidence": 95
    },
    "QUEUE3 AVG WAIT": {
        "mean": 0.0,
        "half_confidence_interval": 0.0,
        "stdev": 0.0,
        "confidence": 95
    },
    "QUEUE3 AVG DELAY": {
        "mean": 0.0,
        "half_confidence_interval": 0.0,
        "stdev": 0.0,
        "confidence": 95
    },
    "QUEUE3 AVG NUMBER": {
        "mean": 0.0,
        "half_confidence_interval": 0.0,
        "stdev": 0.0,
        "confidence": 95
    },
    "UTILIZATION1": {
        "mean": 0.744406876937842,
        "half_confidence_interval": 0.014030682908905882,
        "stdev": 0.046179675957361103,
        "confidence": 95
    },
    "UTILIZATION2": {
        "mean": 0.7503226070936888,
        "half_confidence_interval": 0.018476284828945057,
        "stdev": 0.06081164059056659,
        "confidence": 95
    },
    "UTILIZATION3": {
        "mean": 0.7406205487222224,
        "half_confidence_interval": 0.016512836067052266,
        "stdev": 0.05434927320818223,
        "confidence": 95
    },
    "UTILIZATION4": {
        "mean": 0.0,
        "half_confidence_interval": 0.0,
        "stdev": 0.0,
        "confidence": 95
    },
    "UTILIZATION5": {
        "mean": 0.0,
        "half_confidence_interval": 0.0,
        "stdev": 0.0,
        "confidence": 95
    },
    "UTILIZATION6": {
        "mean": 0.0,
        "half_confidence_interval": 0.0,
        "stdev": 0.0,
        "confidence": 95
    }
}