{
    "interarrival": 1.0,
    "servers": 6,
    "seed": 1661305326,
    "GLOBAL AVG WAIT": {
        "mean": 6.035701149571276,
        "half_confidence_interval": 0.09370916647985628,
        "stdev": 0.3660148803112761,
        "confidence": 95
    },
    "GLOBAL AVG DELAY": {
        "mean": 1.5910983470709026,
        "half_confidence_interval": 0.0836879861745842,
        "stdev": 0.3268735535041454,
        "confidence": 95
    },
    "GLOBAL AVG NUMBER": {
        "mean": 6.085105380105342,
        "half_confidence_interval": 0.11913179675605087,
        "stdev": 0.46531211373335984,
        "confidence": 95
    },
    "QUEUE1 AVG WAIT": {
        "mean": 5.900649720606403,
        "half_confidence_interval": 0.11754267310218633,
        "stdev": 0.45910521929796777,
        "confidence": 95
    },
    "QUEUE1 AVG DELAY": {
        "mean": 1.4319994270423777,
        "half_confidence_interval": 0.09037119697703708,
        "stdev": 0.3529772389155469,
        "confidence": 95
    },
    "QUEUE1 AVG NUMBER": {
        "mean": 0.22951596216133843,
        "half_confidence_interval": 0.015210695689396175,
        "stdev": 0.05941084710642839,
        "confidence": 95
    },
    "QUEUE2 AVG WAIT": {
        "mean": 6.067769513004143,
        "half_confidence_interval": 0.12641551459024986,
        "stdev": 0.4937612955098142,
        "confidence": 95
    },
    "QUEUE2 AVG DELAY": {
        "mean": 1.643745545901617,
        "half_confidence_interval": 0.09103345981862865,
        "stdev": 0.35556394482496134,
        "confidence": 95
    },
    "QUEUE2 AVG NUMBER": {
        "mean": 0.2806162499671139,
        "half_confidence_interval": 0.015842258361600744,
        "stdev": 0.061877642453772724,
        "confidence": 95
    },
    "QUEUE3 AVG WAIT": {
        "mean": 6.127171851940526,
        "half_confidence_interval": 0.11504430330096435,
        "stdev": 0.44934693675082615,
        "confidence": 95
    },
    "QUEUE3 AVG DELAY": {
        "mean": 1.6834261797607,
        "half_confidence_interval": 0.08794227833945685,
        "stdev": 0.3434902228869617,
        "confidence": 95
    },
    "QUEUE3 AVG NUMBER": {
        "mean": 0.2917151215273548,
        "half_confidence_interval": 0.015898482815825732,
        "stdev": 0.06209724729774654,
        "confidence": 95
    },
    "QUEUE4 AVG WAIT": {
        "mean": 6.1256504407733186,
        "half_confidence_interval": 0.10131460844648615,
        "stdev": 0.39572067149157414,
        "confidence": 95
    },
    "QUEUE4 AVG DELAY": {
        "mean": 1.6937704486560772,
        "half_confidence_interval": 0.0870760676890675,
        "stdev": 0.3401069253992526,
        "confidence": 95
    },
    "QUEUE4 AVG NUMBER": {
        "mean": 0.2936492930572406,
        "half_confidence_interval": 0.016312005948717078,
        "stdev": 0.06371241074094827,
        "confidence": 95
    },
    "QUEUE5 AVG WAIT": {
        "mean": 6.125164892885579,
        "half_confidence_interval": 0.12179241688948535,
        "stdev": 0.47570412335498125,
        "confidence": 95
    },
    "QUEUE5 AVG DELAY": {
        "mean": 1.6544982412797071,
        "half_confidence_interval": 0.09025344989117763,
        "stdev": 0.35251733528864704,
        "confidence": 95
    },
    "QUEUE5 AVG NUMBER": {
        "mean": 0.28150174392236416,
        "half_confidence_interval": 0.015796124542497375,
        "stdev": 0.06169745021739154,
        "confidence": 95
    },
    "QUEUE6 AVG WAIT": {
        "mean": 5.887893308897427,
        "half_confidence_interval": 0.1010565410722343,
        "stdev": 0.39471269647005536,
        "confidence": 95
    },
    "QUEUE6 AVG DELAY": {
        "mean": 1.4298748949673334,
        "half_confidence_interval": 0.0881658230175501,
        "stdev": 0.34436335709218496,
        "confidence": 95
    },
    "QUEUE6 AVG NUMBER": {
        "mean": 0.23076437540854008,
        "half_confidence_interval": 0.015496945302061855,
        "stdev": 0.060528898004271976,
        "confidence": 95
    },
    "UTILIZATION1": {
        "mean": 0.714215639329563,
        "half_confidence_interval": 0.007417452665311703,
        "stdev": 0.02897153129723135,
        "confidence": 95
    },
    "UTILIZATION2": {
        "mean": 0.7541950660560048,
        "half_confidence_interval": 0.0066571831457394315,
        "stdev": 0.026002025029449392,
        "confidence": 95
    },
    "UTILIZATION3": {
        "mean": 0.7682461826680148,
        "half_confidence_interval": 0.006418909383103914,
        "stdev": 0.025071361082810793,
        "confidence": 95
    },
    "UTILIZATION4": {
        "mean": 0.7659184580257302,
        "half_confidence_interval": 0.005143685307472404,
        "stdev": 0.020090514438393593,
        "confidence": 95
    },
    "UTILIZATION5": {
        "mean": 0.7593672247767342,
        "half_confidence_interval": 0.006138790468014397,
        "stdev": 0.023977255831096132,
        "confidence": 95
    },
    "UTILIZATION6": {
        "mean": 0.715488162547267,
        "half_confidence_interval": 0.006090316529280732,
        "stdev": 0.023787923415172527,
        "confidence": 95
    }
}