{
    "interarrival": 2,
    "servers": 3,
    "seed": 1794379355,
    "GLOBAL AVG WAIT": {
        "mean": 14.23667539449423,
        "half_confidence_interval": 0.6458842766147511,
        "stdev": 2.125821443879362,
        "confidence": 95
    },
    "GLOBAL AVG DELAY": {
        "mean": 9.83440558677124,
        "half_confidence_interval": 0.628360123744221,
        "stdev": 2.068143588407718,
        "confidence": 95
    },
    "GLOBAL AVG NUMBER": {
        "mean": 0.5253140649600667,
        "half_confidence_interval": 0.1746666497937696,
        "stdev": 0.5748864357068667,
        "confidence": 95
    },
    "QUEUE1 AVG WAIT": {
        "mean": 0.0,
        "half_confidence_interval": 0.0,
        "stdev": 0.0,
        "confidence": 95
    },
    "QUEUE1 AVG DELAY": {
        "mean": 0.0,
        "half_confidence_interval": 0.0,
        "stdev": 0.0,
        "confidence": 95
    },
    "QUEUE1 AVG NUMBER": {
        "mean": 0.0,
        "half_confidence_interval": 0.0,
        "stdev": 0.0,
        "confidence": 95
    },
    "QUEUE2 AVG WAIT": {
        "mean": 0.0,
        "half_confidence_interval": 0.0,
        "stdev": 0.0,
        "confidence": 95
    },
    "QUEUE2 AVG DELAY": {
        "mean": 0.0,
        "half_confidence_interval": 0.0,
        "stdev": 0.0,
        "confidence": 95
    },
    "QUEUE2 AVG NUMBER": {
        "mean": 0.0,
        "half_confidence_interval": 0.0,
        "stdev": 0.0,
        "confidence": 95
    },
    "QUEUE3 AVG WAIT": {
        "mean": 0.0,
        "half_confidence_interval": 0.0,
        "stdev": 0.0,
        "confidence": 95
    },
    "QUEUE3 AVG DELAY": {
        "mean": 0.0,
        "half_confidence_interval": 0.0,
        "stdev": 0.0,
        "confidence": 95
    },
    "QUEUE3 AVG NUMBER": {
        "mean": 0.0,
        "half_confidence_interval": 0.0,
        "stdev": 0.0,
        "confidence": 95
    },
    "UTILIZATION1": {
        "mean": 0.7303404328322725,
        "half_confidence_interval": 0.016046450895722576,
        "stdev": 0.052814243429292945,
        "confidence": 95
    },
    "UTILIZATION2": {
        "mean": 0.7257572529839023,
        "half_confidence_interval": 0.015812018160667123,
        "stdev": 0.05204264679291063,
        "confidence": 95
    },
    "UTILIZATION3": {
        "mean": 0.75356167609617,
        "half_confidence_interval": 0.015051546604996554,
        "stdev": 0.04953968024141326,
        "confidence": 95
    },
    "UTILIZATION4": {
        "mean": 0.0,
        "half_confidence_interval": 0.0,
        "stdev": 0.0,
        "confidence": 95
    },
    "UTILIZATION5": {
        "mean": 0.0,
        "half_confidence_interval": 0.0,
        "stdev": 0.0,
        "confidence": 95
    },
    "UTILIZATION6": {
        "mean": 0.0,
        "half_confidence_interval": 0.0,
        "stdev": 0.0,
        "confidence": 95
    }
}