{
    "interarrival": 2,
    "servers": 3,
    "seed": 1034428091,
    "GLOBAL AVG WAIT": {
        "mean": 14.99139161053965,
        "half_confidence_interval": 0.7135246249475623,
        "stdev": 2.786927255995488,
        "confidence": 95
    },
    "GLOBAL AVG DELAY": {
        "mean": 10.55081556220716,
        "half_confidence_interval": 0.6981822622225325,
        "stdev": 2.7270021358878296,
        "confidence": 95
    },
    "GLOBAL AVG NUMBER": {
        "mean": 0.44177460432327187,
        "half_confidence_interval": 0.15299927498409577,
        "stdev": 0.5975937405552914,
        "confidence": 95
    },
    "QUEUE1 AVG WAIT": {
        "mean": 0.0,
        "half_confidence_interval": 0.0,
        "stdev": 0.0,
        "confidence": 95
    },
    "QUEUE1 AVG DELAY": {
        "mean": 0.0,
        "half_confidence_interval": 0.0,
        "stdev": 0.0,
        "confidence": 95
    },
    "QUEUE1 AVG NUMBER": {
        "mean": 0.0,
        "half_confidence_interval": 0.0,
        "stdev": 0.0,
        "confidence": 95
    },
    "QUEUE2 AVG WAIT": {
        "mean": 0.0,
        "half_confidence_interval": 0.0,
        "stdev": 0.0,
        "confidence": 95
    },
    "QUEUE2 AVG DELAY": {
        "mean": 0.0,
        "half_confidence_interval": 0.0,
        "stdev": 0.0,
        "confidence": 95
    },
    "QUEUE2 AVG NUMBER": {
        "mean": 0.0,
        "half_confidence_interval": 0.0,
        "stdev": 0.0,
        "confidence": 95
    },
    "QUEUE3 AVG WAIT": {
        "mean": 0.0,
        "half_confidence_interval": 0.0,
        "stdev": 0.0,
        "confidence": 95
    },
    "QUEUE3 AVG DELAY": {
        "mean": 0.0,
        "half_confidence_interval": 0.0,
        "stdev": 0.0,
        "confidence": 95
    },
    "QUEUE3 AVG NUMBER": {
        "mean": 0.0,
        "half_confidence_interval": 0.0,
        "stdev": 0.0,
        "confidence": 95
    },
    "UTILIZATION1": {
        "mean": 0.7377680065373741,
        "half_confidence_interval": 0.013964093638501401,
        "stdev": 0.05454179408212128,
        "confidence": 95
    },
    "UTILIZATION2": {
        "mean": 0.7370796009007202,
        "half_confidence_interval": 0.014723301541153365,
        "stdev": 0.05750715382289186,
        "confidence": 95
    },
    "UTILIZATION3": {
        "mean": 0.7544868769352797,
        "half_confidence_interval": 0.012657922795803647,
        "stdev": 0.049440073699634844,
        "confidence": 95
    },
    "UTILIZATION4": {
        "mean": 0.0,
        "half_confidence_interval": 0.0,
        "stdev": 0.0,
        "confidence": 95
    },
    "UTILIZATION5": {
        "mean": 0.0,
        "half_confidence_interval": 0.0,
        "stdev": 0.0,
        "confidence": 95
    },
    "UTILIZATION6": {
        "mean": 0.0,
        "half_confidence_interval": 0.0,
        "stdev": 0.0,
        "confidence": 95
    }
}