{
    "interarrival": 3.0,
    "servers": 2,
    "seed": 1379948216,
    "GLOBAL AVG WAIT": {
        "mean": 7.548896490799806,
        "half_confidence_interval": 0.1521031314509901,
        "stdev": 0.5940935294197894,
        "confidence": 95
    },
    "GLOBAL AVG DELAY": {
        "mean": 3.1043152610205933,
        "half_confidence_interval": 0.14065637704841674,
        "stdev": 0.5493841098401043,
        "confidence": 95
    },
    "GLOBAL AVG NUMBER": {
        "mean": 2.5211633437807115,
        "half_confidence_interval": 0.060781504714430036,
        "stdev": 0.23740404497113501,
        "confidence": 95
    },
    "QUEUE1 AVG WAIT": {
        "mean": 2.5290166165896664,
        "half_confidence_interval": 0.0330314707273163,
        "stdev": 0.12901629860684935,
        "confidence": 95
    },
    "QUEUE1 AVG DELAY": {
        "mean": 1.3010877127921692,
        "half_confidence_interval": 0.03281682183287934,
        "stdev": 0.128177910086734,
        "confidence": 95
    },
    "QUEUE1 AVG NUMBER": {
        "mean": 0.08534177327704348,
        "half_confidence_interval": 0.002214826107234815,
        "stdev": 0.008650800588692673,
        "confidence": 95
    },
    "QUEUE2 AVG WAIT": {
        "mean": 4.536983565886748,
        "half_confidence_interval": 0.0460581118379045,
        "stdev": 0.17989653440507097,
        "confidence": 95
    },
    "QUEUE2 AVG DELAY": {
        "mean": 1.8761146173316394,
        "half_confidence_interval": 0.044068501693759914,
        "stdev": 0.17212539582673644,
        "confidence": 95
    },
    "QUEUE2 AVG NUMBER": {
        "mean": 0.27966624935065004,
        "half_confidence_interval": 0.00746543004429032,
        "stdev": 0.02915892422029488,
        "confidence": 95
    },
    "QUEUE3 AVG WAIT": {
        "mean": 14.080083513714378,
        "half_confidence_interval": 0.33753823103952335,
        "stdev": 1.3183770582461432,
        "confidence": 95
    },
    "QUEUE3 AVG DELAY": {
        "mean": 5.628235889940146,
        "half_confidence_interval": 0.32893865508513687,
        "stdev": 1.2847883189380298,
        "confidence": 95
    },
    "QUEUE3 AVG NUMBER": {
        "mean": 0.6731756931504657,
        "half_confidence_interval": 0.04412202299368234,
        "stdev": 0.17233444252858093,
        "confidence": 95
    },
    "QUEUE4 AVG WAIT": {
        "mean": 0.0,
        "half_confidence_interval": 0.0,
        "stdev": 0.0,
        "confidence": 95
    },
    "QUEUE4 AVG DELAY": {
        "mean": 0.0,
        "half_confidence_interval": 0.0,
        "stdev": 0.0,
        "confidence": 95
    },
    "QUEUE4 AVG NUMBER": {
        "mean": 0.0,
        "half_confidence_interval": 0.0,
        "stdev": 0.0,
        "confidence": 95
    },
    "QUEUE5 AVG WAIT": {
        "mean": 0.0,
        "half_confidence_interval": 0.0,
        "stdev": 0.0,
        "confidence": 95
    },
    "QUEUE5 AVG DELAY": {
        "mean": 0.0,
        "half_confidence_interval": 0.0,
        "stdev": 0.0,
        "confidence": 95
    },
    "QUEUE5 AVG NUMBER": {
        "mean": 0.0,
        "half_confidence_interval": 0.0,
        "stdev": 0.0,
        "confidence": 95
    },
    "QUEUE6 AVG WAIT": {
        "mean": 0.0,
        "half_confidence_interval": 0.0,
        "stdev": 0.0,
        "confidence": 95
    },
    "QUEUE6 AVG DELAY": {
        "mean": 0.0,
        "half_confidence_interval": 0.0,
        "stdev": 0.0,
        "confidence": 95
    },
    "QUEUE6 AVG NUMBER": {
        "mean": 0.0,
        "half_confidence_interval": 0.0,
        "stdev": 0.0,
        "confidence": 95
    },
    "UTILIZATION1": {
        "mean": 0.7423825640642054,
        "half_confidence_interval": 0.0059727640697299885,
        "stdev": 0.023328779971377087,
        "confidence": 95
    },
    "UTILIZATION2": {
        "mean": 0.7405775066426181,
        "half_confidence_interval": 0.005780928660299796,
        "stdev": 0.022579497728671943,
        "confidence": 95
    },
    "UTILIZATION3": {
        "mean": 0.0,
        "half_confidence_interval": 0.0,
        "stdev": 0.0,
        "confidence": 95
    },
    "UTILIZATION4": {
        "mean": 0.0,
        "half_confidence_interval": 0.0,
        "stdev": 0.0,
        "confidence": 95
    },
    "UTILIZATION5": {
        "mean": 0.0,
        "half_confidence_interval": 0.0,
        "stdev": 0.0,
        "confidence": 95
    },
    "UTILIZATION6": {
        "mean": 0.0,
        "half_confidence_interval": 0.0,
        "stdev": 0.0,
        "confidence": 95
    }
}