{
    "seed": 1757504808,
    "arrival_stream": 0,
    "service_stream": 1,
    "observation_period": 20000.0,
    "interarrivals": 4,
    "batch_size": 200,
    "k": 15,
    "servers": 3,
    "acquisition_time": [],
    "avg_utilization1": [
        0.35761480795236233,
        0.41589452086341805,
        0.29881816191624294,
        0.35264891521614816,
        0.35596944183100904,
        0.2858946079234251,
        0.3437235127674287,
        0.35839175191329165,
        0.361369571255835,
        0.34618894092537206,
        0.39387552852448854,
        0.3410682014256383,
        0.41049984597084266,
        0.3679234764252486,
        0.3686771953822787
    ],
    "avg_utilization2": [
        0.35430945062277963,
        0.38581726368323876,
        0.36671119375012107,
        0.4736151469355901,
        0.4309852390409774,
        0.4261883920182909,
        0.39858848566798166,
        0.38368540991576866,
        0.4370383119407668,
        0.45485502861676214,
        0.4573795733073251,
        0.4847279559330119,
        0.43311917846033404,
        0.36543354805177075,
        0.39537307177415704
    ],
    "avg_utilization3": [
        0.34423806918952327,
        0.3386454141183092,
        0.2887546222368685,
        0.3942577558049428,
        0.35998959742594533,
        0.3526366938694242,
        0.3491001096250728,
        0.2690058862992997,
        0.3446212400636142,
        0.3384659502069771,
        0.3672482043502704,
        0.3450315775736064,
        0.39013834037730555,
        0.4046959275457869,
        0.33810607474270776
    ],
    "avg_utilization4": [],
    "avg_utilization5": [],
    "avg_utilization6": [],
    "avg_utilization7": [],
    "avg_utilization8": [],
    "avg_utilization9": [],
    "global": {
        "avg_wait": [
            4.381418182699234,
            4.737941594566545,
            4.648884384429882,
            5.219356332344096,
            4.929461432667597,
            4.6024968160515165,
            4.548285151818013,
            4.640529725380261,
            5.62277322943748,
            4.770962743045288,
            4.854891862913787,
            5.069493788513546,
            5.081917033069949,
            4.662279972583292,
            4.69386438537882
        ],
        "avg_delay": [
            0.22471224311531637,
            0.32825903703417,
            0.25990755633569734,
            0.5170777056550219,
            0.3409126884492048,
            0.3000303090561215,
            0.3383588503130977,
            0.2534032417090839,
            0.781552747813248,
            0.4780641759717991,
            0.5505204726997818,
            0.3962820128444491,
            0.5583173763781634,
            0.36312199976176085,
            0.335716380847025
        ],
        "avg_number": [
            1.1079535074811124,
            0.6033606619533659,
            0.37466823931775994,
            0.3203778398704281,
            0.24328729050572823,
            0.18950168838335657,
            0.16160368997958377,
            0.14285707730260602,
            0.15285459993231518,
            0.11781705162959326,
            0.11019883952566122,
            0.1055941871018582,
            0.09829109120421922,
            0.08406780715218365,
            0.07901454476205483
        ]
    },
    "c1": {
        "avg_wait": [
            5.110863125815956,
            5.808823114668233,
            4.791418820028595,
            4.179899431531065,
            4.990590176500699,
            4.2555345875160695,
            4.489893973249806,
            4.688815765917093,
            5.652568005905637,
            4.008596292954557,
            4.769132319828165,
            4.555030837416532,
            5.661030076965866,
            4.34234752608743,
            4.406201019233671
        ],
        "avg_delay": [
            0.40952266235323526,
            0.6116793837497526,
            0.3435150088655266,
            0.15899730795057193,
            0.5484428441280808,
            0.23026363432811572,
            0.3466072447587152,
            0.18135206866820913,
            0.8698286828670462,
            0.28625110787313623,
            0.3893004376788581,
            0.3993492343853645,
            0.6429170156591378,
            0.08348986213056309,
            0.1642568143237493
        ],
        "avg_number": [
            0.031067479836020283,
            0.02375805980454551,
            0.008720761405533727,
            0.0033182890149221823,
            0.008526324881699238,
            0.0027494317268449853,
            0.003940861778503113,
            0.0019260866041013514,
            0.007685020490563844,
            0.002438756255966451,
            0.002783510769380499,
            0.00274499913525332,
            0.003730463205814419,
            0.0004892698728432026,
            0.0009539354651272258
        ]
    },
    "c2": {
        "avg_wait": [
            4.237669531044901,
            4.2251245085411036,
            4.929415117146771,
            5.800758460469303,
            5.112132680092271,
            4.757736497746544,
            5.189614005984185,
            4.265688134297756,
            5.253695492889591,
            5.6492597134878375,
            4.4614794281933206,
            5.650336190030066,
            4.765599516403223,
            4.3026834480274125,
            4.762094699042128
        ],
        "avg_delay": [
            0.11672291035859296,
            0.16041272938520484,
            0.35264225941991506,
            0.6919635361212753,
            0.358554731287629,
            0.12095518551053386,
            0.4588954275966199,
            0.34845263623012535,
            0.605782779550604,
            0.6588691449351904,
            0.5136838128261065,
            0.5400513807226768,
            0.5699956981784693,
            0.4751516330330408,
            0.544957404010175
        ],
        "avg_number": [
            0.01003556562384143,
            0.007558364661666846,
            0.010373501013333173,
            0.01529083603187257,
            0.006370564349719949,
            0.0018426625225292353,
            0.005299082484975095,
            0.004558971595448954,
            0.006504920054765584,
            0.005613327616485907,
            0.00483884195298441,
            0.004218341780237798,
            0.0041893028832654155,
            0.0030843673464389203,
            0.003394226235184895
        ]
    },
    "c3": {
        "avg_wait": [
            3.9093100122199456,
            4.316783004407768,
            4.188596682382197,
            5.699724932848615,
            4.667870037651259,
            4.72949788678128,
            4.013787404037225,
            5.2607427350535545,
            6.1088532422384265,
            4.64194329297633,
            5.559634146176618,
            4.906635731880731,
            4.914625605459264,
            5.403336461317489,
            4.953508754728478
        ],
        "avg_delay": [
            0.1726934857984005,
            0.2533665080552912,
            0.07183094954621083,
            0.7130391598272278,
            0.1202261208778859,
            0.5544130484178541,
            0.2205732902011476,
            0.18584525052499332,
            0.9270508141391767,
            0.49031512500944024,
            0.7952298241041009,
            0.2100932126314408,
            0.46513720741438647,
            0.5235974815156609,
            0.27162645761953236
        ],