{
    "seed": 307894753,
    "arrival_stream": 0,
    "service_stream": 1,
    "observation_period": 840.0,
    "interarrivals": 5,
    "batch_size": 0,
    "k": 0,
    "servers": 3,
    "acquisition_time": [
        52.98025073824316,
        127.74687623393795,
        193.37244000348554,
        241.08630035155977,
        292.9886720322741,
        402.0266805009336,
        433.68889001488924,
        478.4935859696908,
        519.1286813960842,
        551.0721799474893,
        582.7386914238942,
        614.7618784308055,
        639.5332055976826,
        668.4348342550506,
        691.4730036850389,
        727.44644673111,
        817.7081051143148
    ],
    "avg_utilization1": [
        0.736173192612518,
        0.5506989632412868,
        0.6637122631342696,
        0.6898540036990684,
        0.7038300010933936,
        0.29672644093600037,
        0.78758967793626,
        0.8736972687876224,
        0.6712462302169145,
        0.6100691922050375,
        0.6316994048245623,
        0.9409592685893937,
        0.9549606787102131,
        0.6643007489518645,
        1.0361075783272318,
        0.9634874056819267,
        0.41000519136228925
    ],
    "avg_utilization2": [
        0.5684631345772464,
        0.1271590125931049,
        0.5195098339193089,
        0.5281996359914759,
        0.2827771471215914,
        0.11037569878864607,
        0.7862226426183366,
        0.44324082663465836,
        0.6675491542920634,
        0.28212314202052674,
        0.6342044776316401,
        0.6686568314481547,
        0.6148167658387343,
        0.5323198873051569,
        0.752721250359608,
        1.09718452610004,
        0.3068742652504127
    ],
    "avg_utilization3": [
        0.40327408795875985,
        0.06300379329932837,
        0.17751207367912827,
        0.5549227576584997,
        0.030504874259774183,
        0.06513291296589033,
        0.4578985022700241,
        0.3752788483561544,
        0.4679287797435274,
        0.3677662476772128,
        0.48288914182766024,
        0.7357815027156056,
        0.34411035424741854,
        0.28068422997916254,
        0.7929872634900147,
        0.5753141250529841,
        0.07246489122603084
    ],
    "avg_utilization4": [],
    "avg_utilization5": [],
    "avg_utilization6": [],
    "avg_utilization7": [],
    "avg_utilization8": [],
    "avg_utilization9": [],
    "global": {
        "avg_wait": [
            6.884015083738937,
            4.263647746441582,
            6.066387623072072,
            6.158311022286047,
            3.732370357273199,
            3.803964753651576,
            6.07442193696714,
            5.482704554988974,
            4.864335181233855,
            2.796914076001798,
            4.353229413123245,
            7.705743861118102,
            3.4836292300895595,
            3.6451162136238264,
            5.612601975303157,
            7.521901961307619,
            6.287341972183519
        ],
        "avg_delay": [
            0.08990796222060737,
            0.0,
            0.0,
            0.8397696650783818,
            2.918978882441213,
            0.0,
            0.28505158408760795,
            0.22355766105689226,
            1.291238901953493,
            9.46808533054242,
            7.604456927485971,
            17.67894699439547,
            14.480552538873779,
            7.3080564432320685,
            1.8769322155881734,
            2.7812407426080235,
            6.813404494374257,
            2.3310847822540914,
            1.6043761932821117,
            1.8342802251844381,
            0.0,
            0.09936229714499802,
            0.0,
            0.33278667571234677,
            1.0992382142401975,
            0.0,
            0.07067569142863779,
            0.409211473508968,
            1.1205656333000198,
            1.6358177550017354,
            3.0163739747971445,
            0.132590727793657,
            2.5153271750456065,
            7.47050427573361,
            6.4314058304368436,
            0.1056829741247564,
            0.0,
            0.22271625929256078,
            0.1655961664464828,
            1.9650382335377403,
            0.6007812985673214,
            3.3963323432468067,
            0.12509063339170487,
            0.0,
            0.4662675842185872,
            6.492767149515271,
            1.0859902685979541,
            1.2311012937304417,
            6.550579650083923,
            3.280168611091805,
            1.3084525914791623,
            3.7786290463174357,
            1.5583559213075617,
            0.7608284394397392,
            0.0,
            0.0,
            1.5691107993284017,
            0.22936298877669234,
            0.5745003193477266,
            0.016065840108827462,
            0.0,
            0.0,
            0.00889622169446369,
            0.09020801230862151,
            2.7641271131575316,
            3.6363156802175163,
            1.3349650931319526,
            1.684217501333224,
            6.158494009727522,
            13.38422439521586,
            4.23722594753882,
            0.0,
            3.2039757082763516,
            0.0,
            0.0033081158379280576,
            8.855641334127736,
            4.319195021934711,
            0.0,
            0.027290566856868283,
            0.1606447174088588,
            0.3162724860539551,
            2.0628335875194144,
            2.2080363629794357,
            2.2250398800630493,
            0.9751449505285609,
            2.2516360016790506,
            2.9430447967575635,
            1.8828886104048106,
            0.033728096328597225,
            0.04178100256009998,
            0.0,
            1.6066344752508719,
            0.009969267954615665,
            2.3636149612483233,
            1.5611176256913684,
            0.0,
            0.44806170506792947,
            0.0,
            0.19266090021739316,
            1.2327259939553394,
            2.182988625004452,
            17.10066086966665,
            5.748238816466425,
            1.1909062448221979,
            2.3658882496582896,
            4.41546614153797,
            7.175259782684745,
            6.766999609888831,
            0.19149359987496786,
            0.7203976204918647,
            0.061455226704078804,
            0.7364240136969409,
            0.2346143691335345,
            0.0,
            1.3037823531800614,
            0.6922451558071177,
            0.0,
            0.0,
            0.8561407197433243,
            2.9639609819924533,
            0.324968326718772,
            0.26974036607544843,
            2.1847462319162396,
            2.3880984737404054,
            0.9843297301035122
        ],
        "avg_number": [
            1.559225935207542,
            0.5673877422785146,
            0.43920129839328786,
            0.3831601596589562,
            0.2038233263496036,
            0.14192956356447872,
            0.21009606460377378,
            0.17187392001957572,
            0.13118268163132868,
            0.08120646776306685,
            0.10458411751381859,
            0.1880177707371966,
            0.08170715452141136,
            0.07634495447504124,
            0.13798692511734587,
            0.1344218889739711,
            0.1307126746801384
        ]
    },
    "c1": {
        "avg_wait": [
            7.637662625028061,
            4.975609693615436,
            5.853719238633774,
            7.966960854139609,
            3.932783233797677,
            4.213595756662199,
            7.749833482750195,
            7.527020720427771,
            4.8233539583543745,
            2.4301712886704245,
            4.841556461162061,
            10.879618170414892,
            4.138839405952258,
            6.554421496499231,
            7.89034743992338,
            6.9161157865554515,
            5.778810141198051
        ],