{
    "interarrival": 6,
    "servers": 1,
    "seed": 996641734,
    "GLOBAL AVG WAIT": {
        "mean": 11.325807825529061,
        "half_confidence_interval": 0.29491491506284717,
        "stdev": 0.9822481824439278,
        "confidence": 95
    },
    "GLOBAL AVG DELAY": {
        "mean": 6.884950969995057,
        "half_confidence_interval": 0.27886116544933975,
        "stdev": 0.9287793154118307,
        "confidence": 95
    },
    "GLOBAL AVG NUMBER": {
        "mean": 1.8859767940946812,
        "half_confidence_interval": 0.05807169841134438,
        "stdev": 0.19341449788600687,
        "confidence": 95
    },
    "QUEUE1 AVG WAIT": {
        "mean": 4.036868408290615,
        "half_confidence_interval": 0.05732958831527862,
        "stdev": 0.19094281450953693,
        "confidence": 95
    },
    "QUEUE1 AVG DELAY": {
        "mean": 2.8070903080827914,
        "half_confidence_interval": 0.05725206191215948,
        "stdev": 0.19068460387092287,
        "confidence": 95
    },
    "QUEUE1 AVG NUMBER": {
        "mean": 0.09375079181714562,
        "half_confidence_interval": 0.002217309129378079,
        "stdev": 0.007385004118166827,
        "confidence": 95
    },
    "QUEUE2 AVG WAIT": {
        "mean": 6.344866682422412,
        "half_confidence_interval": 0.07513385905183811,
        "stdev": 0.25024199429838684,
        "confidence": 95
    },
    "QUEUE2 AVG DELAY": {
        "mean": 3.6828069584499676,
        "half_confidence_interval": 0.07559469319628234,
        "stdev": 0.25177685563523033,
        "confidence": 95
    },
    "QUEUE2 AVG NUMBER": {
        "mean": 0.2712909544090878,
        "half_confidence_interval": 0.00678549595119407,
        "stdev": 0.0225998778787457,
        "confidence": 95
    },
    "QUEUE3 AVG WAIT": {
        "mean": 21.59363264379192,
        "half_confidence_interval": 0.6753628809322151,
        "stdev": 2.2493740682609977,
        "confidence": 95
    },
    "QUEUE3 AVG DELAY": {
        "mean": 13.134953964832414,
        "half_confidence_interval": 0.6641682113529194,
        "stdev": 2.2120889284267498,
        "confidence": 95
    },
    "QUEUE3 AVG NUMBER": {
        "mean": 0.7822539013738213,
        "half_confidence_interval": 0.04620207214776685,
        "stdev": 0.15388133686835134,
        "confidence": 95
    },
    "QUEUE4 AVG WAIT": {
        "mean": 0.0,
        "half_confidence_interval": 0.0,
        "stdev": 0.0,
        "confidence": 95
    },
    "QUEUE4 AVG DELAY": {
        "mean": 0.0,
        "half_confidence_interval": 0.0,
        "stdev": 0.0,
        "confidence": 95
    },
    "QUEUE4 AVG NUMBER": {
        "mean": 0.0,
        "half_confidence_interval": 0.0,
        "stdev": 0.0,
        "confidence": 95
    },
    "QUEUE5 AVG WAIT": {
        "mean": 0.0,
        "half_confidence_interval": 0.0,
        "stdev": 0.0,
        "confidence": 95
    },
    "QUEUE5 AVG DELAY": {
        "mean": 0.0,
        "half_confidence_interval": 0.0,
        "stdev": 0.0,
        "confidence": 95
    },
    "QUEUE5 AVG NUMBER": {
        "mean": 0.0,
        "half_confidence_interval": 0.0,
        "stdev": 0.0,
        "confidence": 95
    },
    "QUEUE6 AVG WAIT": {
        "mean": 0.0,
        "half_confidence_interval": 0.0,
        "stdev": 0.0,
        "confidence": 95
    },
    "QUEUE6 AVG DELAY": {
        "mean": 0.0,
        "half_confidence_interval": 0.0,
        "stdev": 0.0,
        "confidence": 95
    },
    "QUEUE6 AVG NUMBER": {
        "mean": 0.0,
        "half_confidence_interval": 0.0,
        "stdev": 0.0,
        "confidence": 95
    },
    "UTILIZATION1": {
        "mean": 0.7386757962371114,
        "half_confidence_interval": 0.007569841473671415,
        "stdev": 0.02521223122037722,
        "confidence": 95
    },
    "UTILIZATION2": {
        "mean": 0.0,
        "half_confidence_interval": 0.0,
        "stdev": 0.0,
        "confidence": 95
    },
    "UTILIZATION3": {
        "mean": 0.0,
        "half_confidence_interval": 0.0,
        "stdev": 0.0,
        "confidence": 95
    },
    "UTILIZATION4": {
        "mean": 0.0,
        "half_confidence_interval": 0.0,
        "stdev": 0.0,
        "confidence": 95
    },
    "UTILIZATION5": {
        "mean": 0.0,
        "half_confidence_interval": 0.0,
        "stdev": 0.0,
        "confidence": 95
    },
    "UTILIZATION6": {
        "mean": 0.0,
        "half_confidence_interval": 0.0,
        "stdev": 0.0,
        "confidence": 95
    }
}