{
    "interarrival": 1,
    "servers": 6,
    "seed": 1350929997,
    "GLOBAL AVG WAIT": {
        "mean": 5.173157786502399,
        "half_confidence_interval": 0.10207041065183309,
        "stdev": 0.23084954915655484,
        "confidence": 95
    },
    "GLOBAL AVG DELAY": {
        "mean": 0.7173254501479566,
        "half_confidence_interval": 0.08141531826889525,
        "stdev": 0.1841345537535011,
        "confidence": 95
    },
    "GLOBAL AVG NUMBER": {
        "mean": 5.224155710038104,
        "half_confidence_interval": 0.13774989609691976,
        "stdev": 0.31154475824346173,
        "confidence": 95
    },
    "QUEUE1 AVG WAIT": {
        "mean": 1.517502896339396,
        "half_confidence_interval": 0.028132927056068114,
        "stdev": 0.06362738707401226,
        "confidence": 95
    },
    "QUEUE1 AVG DELAY": {
        "mean": 0.28761882905392766,
        "half_confidence_interval": 0.027448508088749105,
        "stdev": 0.06207945747295749,
        "confidence": 95
    },
    "QUEUE1 AVG NUMBER": {
        "mean": 0.05809300926232754,
        "half_confidence_interval": 0.0062663632542056865,
        "stdev": 0.014172443540165234,
        "confidence": 95
    },
    "QUEUE2 AVG WAIT": {
        "mean": 3.135543298821377,
        "half_confidence_interval": 0.05089515963804963,
        "stdev": 0.11510803749748254,
        "confidence": 95
    },
    "QUEUE2 AVG DELAY": {
        "mean": 0.4867859646542316,
        "half_confidence_interval": 0.046641877140892,
        "stdev": 0.1054885175931931,
        "confidence": 95
    },
    "QUEUE2 AVG NUMBER": {
        "mean": 0.21668400609414487,
        "half_confidence_interval": 0.022225299593343347,
        "stdev": 0.05026628538307474,
        "confidence": 95
    },
    "QUEUE3 AVG WAIT": {
        "mean": 9.689513481482955,
        "half_confidence_interval": 0.1837386438425445,
        "stdev": 0.4155561129108326,
        "confidence": 95
    },
    "QUEUE3 AVG DELAY": {
        "mean": 1.2352076627234443,
        "half_confidence_interval": 0.16550900145159061,
        "stdev": 0.3743266841237608,
        "confidence": 95
    },
    "QUEUE3 AVG NUMBER": {
        "mean": 0.45156906331314073,
        "half_confidence_interval": 0.06573690929273307,
        "stdev": 0.1486751721312903,
        "confidence": 95
    },
    "UTILIZATION1": {
        "mean": 0.7467022085726802,
        "half_confidence_interval": 0.010641588651557088,
        "stdev": 0.024067757999926748,
        "confidence": 95
    },
    "UTILIZATION2": {
        "mean": 0.7510770839841402,
        "half_confidence_interval": 0.011028821562546186,
        "stdev": 0.024943550919241393,
        "confidence": 95
    },
    "UTILIZATION3": {
        "mean": 0.7558884288268648,
        "half_confidence_interval": 0.013662953202861847,
        "stdev": 0.03090108648417709,
        "confidence": 95
    },
    "UTILIZATION4": {
        "mean": 0.7496539335318059,
        "half_confidence_interval": 0.013406169749357048,
        "stdev": 0.030320327142719674,
        "confidence": 95
    },
    "UTILIZATION5": {
        "mean": 0.7500579621200663,
        "half_confidence_interval": 0.012111463544407335,
        "stdev": 0.027392129423183337,
        "confidence": 95
    },
    "UTILIZATION6": {
        "mean": 0.7460475822597961,
        "half_confidence_interval": 0.01039905855091731,
        "stdev": 0.02351923503394629,
        "confidence": 95
    }
}