{
    "seed": 477882361,
    "arrival_stream": 0,
    "service_stream": 1,
    "observation_period": 840.0,
    "interarrivals": 5,
    "batch_size": 0,
    "k": 0,
    "servers": 3,
    "acquisition_time": [
        77.21381025480058,
        126.43119531623663,
        169.13445570469761,
        221.32342757365174,
        277.67424878852796,
        344.59349191217154,
        393.8632003332252,
        444.73517424415206,
        502.357801454016,
        533.6127616566386,
        566.5093832480818,
        601.3578277683979,
        628.7064387344788,
        648.1244241721738,
        669.2590434141695,
        705.267353003436,
        807.3839466456496
    ],
    "avg_utilization1": [
        0.281068810958772,
        0.33705772064411,
        0.4061884171063601,
        0.3948902362432121,
        0.3713219197281047,
        0.3189292909597574,
        0.3207639074612567,
        0.3265073953521918,
        0.34568355965469527,
        0.36497305015077125,
        0.38808776398653133,
        0.4016370478681504,
        0.416896038524113,
        0.43303423963407667,
        0.455368588740447,
        0.4694196474632957,
        0.43580887166336657
    ],
    "avg_utilization2": [
        0.24427963682787943,
        0.27835376290214364,
        0.3111711796122655,
        0.36341773346496736,
        0.3637710449146778,
        0.34224178672001676,
        0.3464602772422835,
        0.3770304417245173,
        0.3730679023217489,
        0.40688605943847106,
        0.43953889436205046,
        0.4551172361046972,
        0.46291980311331266,
        0.4915636201813178,
        0.5035418861415992,
        0.5207215105912566,
        0.4911159155523815
    ],
    "avg_utilization3": [
        0.3508339562201458,
        0.3433342912767894,
        0.36102065612210593,
        0.3754168458170928,
        0.35392190298732984,
        0.3162934018773775,
        0.3340340797034109,
        0.3450383229252074,
        0.3428848629830027,
        0.3682807256779366,
        0.39512256444472116,
        0.4042842365252829,
        0.42333022325195685,
        0.4370054160792373,
        0.4556930627941459,
        0.47937242796393403,
        0.443262047914698
    ],
    "avg_utilization4": [],
    "avg_utilization5": [],
    "avg_utilization6": [],
    "avg_utilization7": [],
    "avg_utilization8": [],
    "avg_utilization9": [],
    "global": {
        "avg_wait": [
            4.0718820073246915,
            4.4618234665344465,
            4.189238953477332,
            4.040884358340139,
            4.255988844137269,
            3.983910075446902,
            3.924123470127315,
            4.049888196297519,
            4.104800261611364,
            4.270110300741486,
            4.622095944464759,
            4.590240457957854,
            4.705748789956835,
            4.688760897948295,
            5.148367704880352,
            5.475820070118659,
            5.43547642771302
        ],
        "avg_delay": [
            0.12448794769007175,
            0.057797975713247594,
            0.03678052999933938,
            0.21153694273244067,
            0.4145422859451609,
            0.34001783004490727,
            0.3382174786724023,
            0.3282850036263967,
            0.38732143832226684,
            0.6569721585633437,
            0.9711947175950995,
            1.898530201471789,
            2.165628064597906,
            2.3367464812367054,
            2.275920818599153,
            2.2362461964278864,
            2.3193168586519723,
            2.2569014846222046,
            2.171294665148871,
            2.085647146880905,
            0.0,
            0.005171999252756768,
            0.0034088176893169605,
            0.006160960049889752,
            0.008593341646763475,
            0.007145025638881991,
            0.045651825183184946,
            0.07115538032757365,
            0.1143287800334733,
            0.21704804062580055,
            0.3503487803071384,
            0.32589063129618184,
            0.34262172971344523,
            0.4729147788546101,
            0.581761530853668,
            0.5450958881528065,
            0.5127779501200314,
            0.0,
            0.22625146199686957,
            0.29850944694314985,
            0.3234347830382844,
            0.3760586925366882,
            0.3598873856378093,
            0.30798055117081763,
            0.32567783654270005,
            0.44608541397112655,
            0.4290729968033117,
            0.4712174805424849,
            0.8519267744089152,
            0.9522014542644526,
            1.0068878178997867,
            1.0830329806874235,
            1.0501329931777514,
            0.9924065023271731,
            0.9405643716085894,
            0.0,
            0.281155442143735,
            0.17891709954601318,
            0.13573021344869965,
            0.2530484524088607,
            0.20755659579603186,
            0.1776205483254503,
            0.16756742965428148,
            0.14880988155865293,
            0.18970040737500704,
            0.4140935318148019,
            0.3956502587574177,
            0.43551939952204755,
            0.4733320788130097,
            0.9321586801389223,
            1.1441976535257647,
            1.0843550272191649
        ],
        "avg_number": [
            0.7382921256499119,
            0.9881347459420922,
            1.0898223734779964,
            1.0589538367136226,
            1.1188908837514666,
            1.0289457144046847,
            1.0361690062640103,
            1.0836487043744143,
            1.0949232468648578,
            1.1763328378059026,
            1.3299014301018757,
            1.3586965427033155,
            1.429598877165857,
            1.4902767261256027,
            1.7000730494043386,
            1.8556381366372185,
            1.7099807574512493
        ]
    },
    "q1": {
        "avg_wait": [
            1.1670612280736552,
            1.6431275136509904,
            1.410801244118527,
            1.3049167273603635,
            1.5678066578806202,
            1.4868125062832525,
            1.4528206967758885,
            1.4480598708664798,
            1.43162322402939,
            1.5162103878711335,
            1.4937517304887782,
            1.4869130894189742,
            1.5487547154376882,
            1.5378853877422336,
            1.5867949285095184,
            1.596561029450437,
            1.6184916631770243
        ],
        "avg_delay": [
            0.0,
            0.27649570047737154,
            0.18433046698491434,
            0.11059828019094861,
            0.3886439517322863,
            0.31091516138582903,
            0.2590959678215242,
            0.2507380333756686,
            0.23554178892865837,
            0.3287302226516225,
            0.30927458754900683,
            0.29488972301184374,
            0.3015534525078196,
            0.32843045091672785,
            0.39799259554667143,
            0.408480548603647,
            0.41362141620670223
        ],
        "avg_number": [
            0.0,
            0.013121557529490345,
            0.009808611710441398,
            0.00749570084401552,
            0.027992797562461112,
            0.02255666231974817,
            0.019734971502972442,
            0.017477545030828948,
            0.015472794514483572,
            0.02340976333095959,
            0.022383138681317184,
            0.021086044787285704,
            0.022063490940671004,
            0.027870689834736777,
            0.03508591085667572,
            0.034751123544633174,
            0.032787090636627506
        ]
    },