{
    "seed": 1795156741,
    "arrival_stream": 0,
    "service_stream": 1,
    "observation_period": 84000.0,
    "interarrivals": 1,
    "batch_size": 1000,
    "k": 25,
    "servers": 6,
    "acquisition_time": [],
    "avg_utilization1": [
        0.8102293515654548,
        0.8091969757986679,
        0.7804888276382104,
        0.7181829462286191,
        0.7809710813512248,
        0.7459814061475665,
        0.7630612315055642,
        0.7329966803390571,
        0.7284358878684767,
        0.7754628440309113,
        0.7438398353164181,
        0.7586087968989631,
        0.725033762467402,
        0.7268167917838869,
        0.7296983010214276,
        0.7074352742093162,
        0.7322231242938355,
        0.7162827030995326,
        0.7576738589569524,
        0.7136817934488234,
        0.696325070675396,
        0.7138117058805226,
        0.7352718605279454,
        0.7113665982008591,
        0.7178042631686147
    ],
    "avg_utilization2": [
        0.7784964355050995,
        0.8105818166525078,
        0.7416032727816557,
        0.7478917464492484,
        0.7744172413115386,
        0.7455785742522125,
        0.7502830922103085,
        0.7311953054904514,
        0.7483877388727992,
        0.7619018376877379,
        0.7180080235845195,
        0.7556297806762409,
        0.7334487578469934,
        0.7615450995524154,
        0.724829433300961,
        0.7130844525165142,
        0.7278331998239851,
        0.7109352372107116,
        0.7236822138224154,
        0.7583896516613763,
        0.6715958593443826,
        0.6852251443211851,
        0.74228003173253,
        0.7260825340507616,
        0.6828406756288721
    ],
    "avg_utilization3": [
        0.7779517443127019,
        0.8126985542385405,
        0.7490321872418102,
        0.7408833544455392,
        0.7958650925636406,
        0.7313758318294329,
        0.744803644933264,
        0.729201513020596,
        0.74838538165404,
        0.7899798528853966,
        0.7097625061680668,
        0.7615314097741686,
        0.7055460012345657,
        0.7401318640389538,
        0.7403403519447127,
        0.6915029967255425,
        0.7210254558542556,
        0.7548330776708149,
        0.7228386865539074,
        0.7173218470256261,
        0.6751962554804785,
        0.7076757851962633,
        0.7349439188094745,
        0.7288118066706135,
        0.7229943686891065
    ],
    "avg_utilization4": [
        0.8034649069727349,
        0.8092132725167548,
        0.7580436579431477,
        0.7526959116603272,
        0.771748603444923,
        0.7515319762394007,
        0.7363140969142097,
        0.7363530362315717,
        0.724295955011807,
        0.7670366994909165,
        0.7213707625258844,
        0.7547722250451926,
        0.686637849094973,
        0.7667381061232215,
        0.7416526852193934,
        0.6783831457578225,
        0.7214908166013477,
        0.7206668746690983,
        0.7290971853237668,
        0.7436540490713162,
        0.701755430718567,
        0.6916865811264458,
        0.7404177249622982,
        0.7460683336338128,
        0.7397014015945054
    ],
    "avg_utilization5": [
        0.7854454958818124,
        0.803716302370987,
        0.7612790343287177,
        0.7510606078666071,
        0.7641569028130264,
        0.7608922071680465,
        0.7712270324609852,
        0.7292107360105173,
        0.7261631797721371,
        0.7631231477614886,
        0.7154591399617124,
        0.7587948353897178,
        0.7297035959711,
        0.7523452055631047,
        0.7376145119890217,
        0.7051978929314064,
        0.7180665892170506,
        0.7220795574881649,
        0.7245228763696756,
        0.7384996389976319,
        0.7107062481915118,
        0.7078809913526243,
        0.7454403937124573,
        0.7110305648297063,
        0.728261535454817
    ],
    "avg_utilization6": [
        0.8078463687059145,
        0.8023830788996157,
        0.7322454030105656,
        0.7630754033072323,
        0.783774562943386,
        0.717011625379788,
        0.7542510552024458,
        0.7237841706479698,
        0.7511346569774565,
        0.7392383863298985,
        0.7020741649887213,
        0.7577132893605513,
        0.697655704898535,
        0.7402834753825452,
        0.7234230493463549,
        0.6981391326033972,
        0.7357154894251426,
        0.7581743304547776,
        0.7312867156121854,
        0.7271074014871836,
        0.6998470195402875,
        0.7020862804261333,
        0.73425162002848,
        0.7425778098453826,
        0.7270876162240397
    ],
    "global": {
        "avg_wait": [
            5.638797173025702,
            5.520861832037446,
            5.174125616204816,
            5.076381321529753,
            5.127619020735859,
            4.937568466810956,
            5.298315889177838,
            5.15064108364981,
            4.983744119991359,
            5.076848578404681,
            4.877652613704844,
            5.340488485973187,
            4.721982710986869,
            5.419909271708262,
            5.2098844301154585,
            4.7416630787244705,
            5.248916813599768,
            5.555691719299575,
            4.873477432888027,
            5.24469629639668,
            4.664757006258336,
            4.786395585149258,
            4.993974793329133,
            5.096689654242699,
            5.042273190507964
        ],
        "avg_delay": [
            1.0886138040820306,
            0.8568703009287492,
            0.7675351837101623,
            0.595084942613551,
            0.8092214899551833,
            0.6094657963006731,
            0.7573099626760196,
            0.6891708980965012,
            0.6810342264884284,
            0.60261475445221,
            0.5165614943510737,
            0.7918361024675105,
            0.44606548863868734,
            0.7914208088233807,
            0.6589701970682709,
            0.3928774848497105,
            0.649106608184682,
            0.986624433758734,
            0.49882390857723297,
            0.8422558862099141,
            0.4092356812441794,
            0.4072916798259976,
            0.5247493591290622,
            0.6465192926838355,
            0.5714276444632632
        ],
        "avg_number": [
            5.887712426646929,
            5.741220695978239,
            5.303066069043082,
            5.0817206580090035,
            5.526499456743585,
            5.074414533748913,
            5.292452953073165,
            5.044699450040882,
            5.1308960375124935,
            5.22541034037445,
            4.815403459312158,
            5.333248775098824,
            4.73528482016676,
            5.245736390712445,
            5.032286516561452,
            4.588957637258169,
            4.960023465425942,
            5.333539988995024,
            4.881277989784214,
            5.2212587485085855,
            4.569245744705182,
            4.618180146448162,
            4.935950090566263,
            5.004345117355343,
            4.8776901172072815
        ]
    },
    "q1": {
        "avg_wait": [
            1.5763842240379364,
            1.5626602440736195,
            1.5495617651456906,
            1.4587571651678781,
            1.5861118902336035,
            1.5007412767818828,
            1.6502258489892532,
            1.4717045438444667,
            1.5276773826827739,
            1.5176482630001908,
            1.5102407039331094,
            1.5105869427838297,
            1.3737984549771587,
            1.5294325631589234,
            1.5475919122935284,
            1.5181706687852325,
            1.5546502137465985,
            1.4833922127370722,
            1.4955327582774556,
            1.4980364388951797,
            1.4242123117865333,
            1.4788212156233829,
            1.5378860376635424,
            1.483918006509747,
            1.4733504535135418
        ],