{
    "interarrival": 6,
    "servers": 1,
    "seed": 1068732232,
    "GLOBAL AVG WAIT": {
        "mean": 11.518753739632585,
        "half_confidence_interval": 0.34735905887724333,
        "stdev": 1.1569194598547057,
        "confidence": 95
    },
    "GLOBAL AVG DELAY": {
        "mean": 7.057339936768156,
        "half_confidence_interval": 0.33490107200248714,
        "stdev": 1.1154266958755361,
        "confidence": 95
    },
    "GLOBAL AVG NUMBER": {
        "mean": 1.9268696871206132,
        "half_confidence_interval": 0.06766612115982537,
        "stdev": 0.2253698308480099,
        "confidence": 95
    },
    "QUEUE1 AVG WAIT": {
        "mean": 4.072463335801895,
        "half_confidence_interval": 0.057011746545467486,
        "stdev": 0.18988420578967882,
        "confidence": 95
    },
    "QUEUE1 AVG DELAY": {
        "mean": 2.844364385107265,
        "half_confidence_interval": 0.05675946402038514,
        "stdev": 0.1890439497054055,
        "confidence": 95
    },
    "QUEUE1 AVG NUMBER": {
        "mean": 0.0930380576350192,
        "half_confidence_interval": 0.0018694835983424085,
        "stdev": 0.006226531018918609,
        "confidence": 95
    },
    "QUEUE2 AVG WAIT": {
        "mean": 6.386468107504953,
        "half_confidence_interval": 0.0816980898703339,
        "stdev": 0.2721049231001936,
        "confidence": 95
    },
    "QUEUE2 AVG DELAY": {
        "mean": 3.720822818038128,
        "half_confidence_interval": 0.07767070633467663,
        "stdev": 0.25869125713806024,
        "confidence": 95
    },
    "QUEUE2 AVG NUMBER": {
        "mean": 0.2772463877319493,
        "half_confidence_interval": 0.007126365543432986,
        "stdev": 0.023735183420534683,
        "confidence": 95
    },
    "QUEUE3 AVG WAIT": {
        "mean": 21.955166569288664,
        "half_confidence_interval": 0.8353717105681224,
        "stdev": 2.7823019537541986,
        "confidence": 95
    },
    "QUEUE3 AVG DELAY": {
        "mean": 13.490813829021802,
        "half_confidence_interval": 0.8264736290430259,
        "stdev": 2.7526658656526477,
        "confidence": 95
    },
    "QUEUE3 AVG NUMBER": {
        "mean": 0.8112617654844126,
        "half_confidence_interval": 0.05664585470568095,
        "stdev": 0.188665560762774,
        "confidence": 95
    },
    "QUEUE4 AVG WAIT": {
        "mean": 0.0,
        "half_confidence_interval": 0.0,
        "stdev": 0.0,
        "confidence": 95
    },
    "QUEUE4 AVG DELAY": {
        "mean": 0.0,
        "half_confidence_interval": 0.0,
        "stdev": 0.0,
        "confidence": 95
    },
    "QUEUE4 AVG NUMBER": {
        "mean": 0.0,
        "half_confidence_interval": 0.0,
        "stdev": 0.0,
        "confidence": 95
    },
    "QUEUE5 AVG WAIT": {
        "mean": 0.0,
        "half_confidence_interval": 0.0,
        "stdev": 0.0,
        "confidence": 95
    },
    "QUEUE5 AVG DELAY": {
        "mean": 0.0,
        "half_confidence_interval": 0.0,
        "stdev": 0.0,
        "confidence": 95
    },
    "QUEUE5 AVG NUMBER": {
        "mean": 0.0,
        "half_confidence_interval": 0.0,
        "stdev": 0.0,
        "confidence": 95
    },
    "QUEUE6 AVG WAIT": {
        "mean": 0.0,
        "half_confidence_interval": 0.0,
        "stdev": 0.0,
        "confidence": 95
    },
    "QUEUE6 AVG DELAY": {
        "mean": 0.0,
        "half_confidence_interval": 0.0,
        "stdev": 0.0,
        "confidence": 95
    },
    "QUEUE6 AVG NUMBER": {
        "mean": 0.0,
        "half_confidence_interval": 0.0,
        "stdev": 0.0,
        "confidence": 95
    },
    "UTILIZATION1": {
        "mean": 0.74532337531104,
        "half_confidence_interval": 0.0068808993867784584,
        "stdev": 0.022917630038488797,
        "confidence": 95
    },
    "UTILIZATION2": {
        "mean": 0.0,
        "half_confidence_interval": 0.0,
        "stdev": 0.0,
        "confidence": 95
    },
    "UTILIZATION3": {
        "mean": 0.0,
        "half_confidence_interval": 0.0,
        "stdev": 0.0,
        "confidence": 95
    },
    "UTILIZATION4": {
        "mean": 0.0,
        "half_confidence_interval": 0.0,
        "stdev": 0.0,
        "confidence": 95
    },
    "UTILIZATION5": {
        "mean": 0.0,
        "half_confidence_interval": 0.0,
        "stdev": 0.0,
        "confidence": 95
    },
    "UTILIZATION6": {
        "mean": 0.0,
        "half_confidence_interval": 0.0,
        "stdev": 0.0,
        "confidence": 95
    }
}