{
    "seed": 951474504,
    "arrival_stream": 0,
    "service_stream": 1,
    "observation_period": 840.0,
    "interarrivals": 5,
    "batch_size": 0,
    "k": 0,
    "servers": 3,
    "acquisition_time": [
        52.06953835255074,
        126.51511606268811,
        190.3429638219495,
        239.23864987781369,
        292.9886720322741,
        401.09437165635603,
        433.93050543123707,
        475.2300579557745,
        513.2065977820702,
        549.3264233235769,
        583.1190238075393,
        612.6313896537551,
        637.7874489737702,
        667.8002673707841,
        693.0812876943195,
        723.3955962788815,
        812.5970867173821
    ],
    "avg_utilization1": [
        0.33896871926834776,
        0.3275677806934024,
        0.36805127287425154,
        0.3821387821950728,
        0.36297277199773964,
        0.3296938691897976,
        0.33947022104255575,
        0.3492775393108359,
        0.36519782315968924,
        0.36952570874087864,
        0.3782410727829248,
        0.3980343267385916,
        0.4138582978178233,
        0.4225228005569353,
        0.4339316362064612,
        0.46018881811304935,
        0.426739916029887
    ],
    "avg_utilization2": [
        0.41507762294820394,
        0.2839251471807452,
        0.3281538679401034,
        0.40836304671328577,
        0.3879669390833795,
        0.3575703388128368,
        0.36622776694320497,
        0.38349131153955307,
        0.40166729957964575,
        0.3976309407191248,
        0.4206105926208594,
        0.42632567646642205,
        0.4350988030492765,
        0.43600559878714973,
        0.45442920779426604,
        0.4723349651100965,
        0.4566532702310704
    ],
    "avg_utilization3": [
        0.4323210318372359,
        0.3544077698868783,
        0.4338022244342113,
        0.40562769301899776,
        0.41115792864479056,
        0.36881330291665554,
        0.40603115845638177,
        0.41712811508730047,
        0.4051963587912718,
        0.40568458334272467,
        0.4251489407307322,
        0.4357550736532667,
        0.4466647813470969,
        0.4622955567641673,
        0.4637857045404444,
        0.48884051036321347,
        0.47024799671625145
    ],
    "avg_utilization4": [],
    "avg_utilization5": [],
    "avg_utilization6": [],
    "avg_utilization7": [],
    "avg_utilization8": [],
    "avg_utilization9": [],
    "global": {
        "avg_wait": [
            3.9170450621936044,
            4.016904812318971,
            4.778882527797649,
            4.767673202649545,
            4.614989196932065,
            4.662784760881838,
            4.625977965062055,
            4.730290228630201,
            4.667059558804038,
            4.503467097282792,
            4.653745288644956,
            4.836152884138661,
            4.726366488194821,
            4.714938971398732,
            4.717444554791903,
            4.932985858333703,
            4.987373042529695
        ],
        "avg_delay": [
            0.12448794769007175,
            0.057797975713247594,
            0.03678052999933938,
            0.21153694273244067,
            0.4145422859451609,
            0.34001783004490727,
            0.3382174786724023,
            0.3282850036263967,
            0.38732143832226684,
            0.6569721585633437,
            0.9711947175950995,
            1.898530201471789,
            2.165628064597906,
            2.3367464812367054,
            2.275920818599153,
            2.2362461964278864,
            2.3193168586519723,
            2.2569014846222046,
            2.171294665148871,
            2.085647146880905,
            0.0,
            0.005171999252756768,
            0.0034088176893169605,
            0.006160960049889752,
            0.008593341646763475,
            0.007145025638881991,
            0.045651825183184946,
            0.07115538032757365,
            0.1143287800334733,
            0.21704804062580055,
            0.3503487803071384,
            0.32589063129618184,
            0.34262172971344523,
            0.4729147788546101,
            0.581761530853668,
            0.5450958881528065,
            0.5127779501200314,
            0.0,
            0.22625146199686957,
            0.29850944694314985,
            0.3234347830382844,
            0.3760586925366882,
            0.3598873856378093,
            0.30798055117081763,
            0.32567783654270005,
            0.44608541397112655,
            0.4290729968033117,
            0.4712174805424849,
            0.8519267744089152,
            0.9522014542644526,
            1.0068878178997867,
            1.0830329806874235,
            1.0501329931777514,
            0.9924065023271731,
            0.9405643716085894,
            0.0,
            0.281155442143735,
            0.17891709954601318,
            0.13573021344869965,
            0.2530484524088607,
            0.20755659579603186,
            0.1776205483254503,
            0.16756742965428148,
            0.14880988155865293,
            0.18970040737500704,
            0.4140935318148019,
            0.3956502587574177,
            0.43551939952204755,
            0.4733320788130097,
            0.9321586801389223,
            1.1441976535257647,
            1.0843550272191649,
            1.5489002498069562,
            0.7744501249034781,
            0.5042931045883112,
            0.8473515271301177,
            1.0834351922074783,
            0.8946149002373791,
            0.8247088936105023,
            0.7574579005737138,
            0.7329438430954381,
            0.741102909010472,
            0.8053148269730277,
            0.8645354944697409,
            0.8090530308567867,
            0.7471159567242097,
            0.8582077586211254,
            0.8177650823844582,
            0.8458482054031436,
            0.8016621051208899,
            0.0,
            0.3222592604590011,
            0.2098432393686519,
            0.6345538578194496,
            0.6285135485857715,
            0.5588094152343006,
            0.5206200717407274,
            0.4549956929498794,
            0.42337557562350786,
            0.4061320329999615,
            0.5020233020094946,
            0.9343527282773924,
            0.9317059596450967,
            0.9438302115958891,
            0.9806811817418439,
            0.9789334389217809,
            1.1798480780282343,
            1.3774294179034912,
            0.0,
            0.0,
            0.06316126153840171,
            0.047103313689655514,
            0.03983759517308234,
            0.033499795941001054,
            0.15739752617907643,
            0.22337468967185403,
            0.20568432701315112,
            0.18758751377084718,
            0.36437850555799456,
            0.5303164968661751,
            0.5049140199435819,
            0.5062518303565586,
            0.5359735989982317,
            0.6703447780528076,
            0.6712502681570385
        ],
        "avg_number": [
            1.0531806619718969,
            0.920761432962124,
            1.1046945313922294,
            1.1757829226171765,
            1.1656054761576378,
            1.0230137542522142,
            1.0980461719967658,
            1.1844884972729957,
            1.2185852317224244,
            1.2215261618680198,
            1.2928865394199738,
            1.4130378901252145,
            1.4302393903946442,
            1.4615034086795824,
            1.5246517241704014,
            1.6161525649851658,
            1.55894326168453
        ]
    },