{
    "interarrival": 3.0,
    "servers": 2,
    "seed": 123456789,
    "GLOBAL AVG WAIT": {
        "mean": 7.630312415126235,
        "half_confidence_interval": 0.17930094305355795,
        "stdev": 0.7003243724887265,
        "confidence": 95
    },
    "GLOBAL AVG DELAY": {
        "mean": 3.1938530701287453,
        "half_confidence_interval": 0.16449591650760795,
        "stdev": 0.6424980122426774,
        "confidence": 95
    },
    "GLOBAL AVG NUMBER": {
        "mean": 2.5483705871967133,
        "half_confidence_interval": 0.06729332567432823,
        "stdev": 0.2628383056606476,
        "confidence": 95
    },
    "QUEUE1 AVG WAIT": {
        "mean": 2.528892930288831,
        "half_confidence_interval": 0.03462928400633309,
        "stdev": 0.13525713350110502,
        "confidence": 95
    },
    "QUEUE1 AVG DELAY": {
        "mean": 1.3001702427485236,
        "half_confidence_interval": 0.03467066199848822,
        "stdev": 0.13541875014347945,
        "confidence": 95
    },
    "QUEUE1 AVG NUMBER": {
        "mean": 0.08585332357358096,
        "half_confidence_interval": 0.0024170751514419188,
        "stdev": 0.009440757030407965,
        "confidence": 95
    },
    "QUEUE2 AVG WAIT": {
        "mean": 4.5378391322642555,
        "half_confidence_interval": 0.0480692622767704,
        "stdev": 0.18775180635787087,
        "confidence": 95
    },
    "QUEUE2 AVG DELAY": {
        "mean": 1.876257027473203,
        "half_confidence_interval": 0.04665488211097566,
        "stdev": 0.18222743551407208,
        "confidence": 95
    },
    "QUEUE2 AVG NUMBER": {
        "mean": 0.27885123168151527,
        "half_confidence_interval": 0.007207486581040127,
        "stdev": 0.028151433177794893,
        "confidence": 95
    },
    "QUEUE3 AVG WAIT": {
        "mean": 14.303150650093333,
        "half_confidence_interval": 0.3856381398698376,
        "stdev": 1.5062485657501097,
        "confidence": 95
    },
    "QUEUE3 AVG DELAY": {
        "mean": 5.869372769362211,
        "half_confidence_interval": 0.3784324200632323,
        "stdev": 1.4781040333458206,
        "confidence": 95
    },
    "QUEUE3 AVG NUMBER": {
        "mean": 0.7030903054580934,
        "half_confidence_interval": 0.05198278372915871,
        "stdev": 0.20303747306262626,
        "confidence": 95
    },
    "QUEUE4 AVG WAIT": {
        "mean": 0.0,
        "half_confidence_interval": 0.0,
        "stdev": 0.0,
        "confidence": 95
    },
    "QUEUE4 AVG DELAY": {
        "mean": 0.0,
        "half_confidence_interval": 0.0,
        "stdev": 0.0,
        "confidence": 95
    },
    "QUEUE4 AVG NUMBER": {
        "mean": 0.0,
        "half_confidence_interval": 0.0,
        "stdev": 0.0,
        "confidence": 95
    },
    "QUEUE5 AVG WAIT": {
        "mean": 0.0,
        "half_confidence_interval": 0.0,
        "stdev": 0.0,
        "confidence": 95
    },
    "QUEUE5 AVG DELAY": {
        "mean": 0.0,
        "half_confidence_interval": 0.0,
        "stdev": 0.0,
        "confidence": 95
    },
    "QUEUE5 AVG NUMBER": {
        "mean": 0.0,
        "half_confidence_interval": 0.0,
        "stdev": 0.0,
        "confidence": 95
    },
    "QUEUE6 AVG WAIT": {
        "mean": 0.0,
        "half_confidence_interval": 0.0,
        "stdev": 0.0,
        "confidence": 95
    },
    "QUEUE6 AVG DELAY": {
        "mean": 0.0,
        "half_confidence_interval": 0.0,
        "stdev": 0.0,
        "confidence": 95
    },
    "QUEUE6 AVG NUMBER": {
        "mean": 0.0,
        "half_confidence_interval": 0.0,
        "stdev": 0.0,
        "confidence": 95
    },
    "UTILIZATION1": {
        "mean": 0.7390099662065304,
        "half_confidence_interval": 0.0058333561994448465,
        "stdev": 0.022784272354101093,
        "confidence": 95
    },
    "UTILIZATION2": {
        "mean": 0.7415686383008102,
        "half_confidence_interval": 0.005780435564103932,
        "stdev": 0.02257757176398897,
        "confidence": 95
    },
    "UTILIZATION3": {
        "mean": 0.0,
        "half_confidence_interval": 0.0,
        "stdev": 0.0,
        "confidence": 95
    },
    "UTILIZATION4": {
        "mean": 0.0,
        "half_confidence_interval": 0.0,
        "stdev": 0.0,
        "confidence": 95
    },
    "UTILIZATION5": {
        "mean": 0.0,
        "half_confidence_interval": 0.0,
        "stdev": 0.0,
        "confidence": 95
    },
    "UTILIZATION6": {
        "mean": 0.0,
        "half_confidence_interval": 0.0,
        "stdev": 0.0,
        "confidence": 95
    }
}