{
    "interarrival": 2,
    "servers": 3,
    "seed": 661187887,
    "GLOBAL AVG WAIT": {
        "mean": 14.03943160875452,
        "half_confidence_interval": 0.6485985253748937,
        "stdev": 2.533335003958153,
        "confidence": 95
    },
    "GLOBAL AVG DELAY": {
        "mean": 9.618324128630647,
        "half_confidence_interval": 0.6331893911035125,
        "stdev": 2.473149083541794,
        "confidence": 95
    },
    "GLOBAL AVG NUMBER": {
        "mean": 0.44428610733370383,
        "half_confidence_interval": 0.1767788763337656,
        "stdev": 0.6904735330964,
        "confidence": 95
    },
    "QUEUE1 AVG WAIT": {
        "mean": 0.0,
        "half_confidence_interval": 0.0,
        "stdev": 0.0,
        "confidence": 95
    },
    "QUEUE1 AVG DELAY": {
        "mean": 0.0,
        "half_confidence_interval": 0.0,
        "stdev": 0.0,
        "confidence": 95
    },
    "QUEUE1 AVG NUMBER": {
        "mean": 0.0,
        "half_confidence_interval": 0.0,
        "stdev": 0.0,
        "confidence": 95
    },
    "QUEUE2 AVG WAIT": {
        "mean": 0.0,
        "half_confidence_interval": 0.0,
        "stdev": 0.0,
        "confidence": 95
    },
    "QUEUE2 AVG DELAY": {
        "mean": 0.0,
        "half_confidence_interval": 0.0,
        "stdev": 0.0,
        "confidence": 95
    },
    "QUEUE2 AVG NUMBER": {
        "mean": 0.0,
        "half_confidence_interval": 0.0,
        "stdev": 0.0,
        "confidence": 95
    },
    "QUEUE3 AVG WAIT": {
        "mean": 0.0,
        "half_confidence_interval": 0.0,
        "stdev": 0.0,
        "confidence": 95
    },
    "QUEUE3 AVG DELAY": {
        "mean": 0.0,
        "half_confidence_interval": 0.0,
        "stdev": 0.0,
        "confidence": 95
    },
    "QUEUE3 AVG NUMBER": {
        "mean": 0.0,
        "half_confidence_interval": 0.0,
        "stdev": 0.0,
        "confidence": 95
    },
    "UTILIZATION1": {
        "mean": 0.7226957357861705,
        "half_confidence_interval": 0.012282919636580248,
        "stdev": 0.047975363878861796,
        "confidence": 95
    },
    "UTILIZATION2": {
        "mean": 0.7240553678946957,
        "half_confidence_interval": 0.012116737765642684,
        "stdev": 0.04732628076473345,
        "confidence": 95
    },
    "UTILIZATION3": {
        "mean": 0.7460241207588054,
        "half_confidence_interval": 0.013568314910811877,
        "stdev": 0.05299593780053575,
        "confidence": 95
    },
    "UTILIZATION4": {
        "mean": 0.0,
        "half_confidence_interval": 0.0,
        "stdev": 0.0,
        "confidence": 95
    },
    "UTILIZATION5": {
        "mean": 0.0,
        "half_confidence_interval": 0.0,
        "stdev": 0.0,
        "confidence": 95
    },
    "UTILIZATION6": {
        "mean": 0.0,
        "half_confidence_interval": 0.0,
        "stdev": 0.0,
        "confidence": 95
    }
}