{
    "interarrival": 3,
    "servers": 2,
    "seed": 770776036,
    "GLOBAL AVG WAIT": {
        "mean": 9.26307177232179,
        "half_confidence_interval": 0.2531510931187637,
        "stdev": 0.9887727159375662,
        "confidence": 95
    },
    "GLOBAL AVG DELAY": {
        "mean": 4.828738856068098,
        "half_confidence_interval": 0.2401466029938139,
        "stdev": 0.9379789987870049,
        "confidence": 95
    },
    "GLOBAL AVG NUMBER": {
        "mean": 3.094830160160921,
        "half_confidence_interval": 0.09350728616928133,
        "stdev": 0.36522636409148695,
        "confidence": 95
    },
    "QUEUE1 AVG WAIT": {
        "mean": 9.254219715970384,
        "half_confidence_interval": 0.2607454257200563,
        "stdev": 1.0184351154927223,
        "confidence": 95
    },
    "QUEUE1 AVG DELAY": {
        "mean": 4.827479252595131,
        "half_confidence_interval": 0.24542761497505386,
        "stdev": 0.9586058919805481,
        "confidence": 95
    },
    "QUEUE1 AVG NUMBER": {
        "mean": 0.8066883887958316,
        "half_confidence_interval": 0.04294350460959507,
        "stdev": 0.1677313147717135,
        "confidence": 95
    },
    "QUEUE2 AVG WAIT": {
        "mean": 9.277158328972902,
        "half_confidence_interval": 0.255162664620789,
        "stdev": 0.9966296325040969,
        "confidence": 95
    },
    "QUEUE2 AVG DELAY": {
        "mean": 4.8329613328508145,
        "half_confidence_interval": 0.23884105423057783,
        "stdev": 0.9328797081597736,
        "confidence": 95
    },
    "QUEUE2 AVG NUMBER": {
        "mean": 0.8081085369005435,
        "half_confidence_interval": 0.042474807435959314,
        "stdev": 0.16590064925248277,
        "confidence": 95
    },
    "QUEUE3 AVG WAIT": {
        "mean": 0.0,
        "half_confidence_interval": 0.0,
        "stdev": 0.0,
        "confidence": 95
    },
    "QUEUE3 AVG DELAY": {
        "mean": 0.0,
        "half_confidence_interval": 0.0,
        "stdev": 0.0,
        "confidence": 95
    },
    "QUEUE3 AVG NUMBER": {
        "mean": 0.0,
        "half_confidence_interval": 0.0,
        "stdev": 0.0,
        "confidence": 95
    },
    "QUEUE4 AVG WAIT": {
        "mean": 0.0,
        "half_confidence_interval": 0.0,
        "stdev": 0.0,
        "confidence": 95
    },
    "QUEUE4 AVG DELAY": {
        "mean": 0.0,
        "half_confidence_interval": 0.0,
        "stdev": 0.0,
        "confidence": 95
    },
    "QUEUE4 AVG NUMBER": {
        "mean": 0.0,
        "half_confidence_interval": 0.0,
        "stdev": 0.0,
        "confidence": 95
    },
    "QUEUE5 AVG WAIT": {
        "mean": 0.0,
        "half_confidence_interval": 0.0,
        "stdev": 0.0,
        "confidence": 95
    },
    "QUEUE5 AVG DELAY": {
        "mean": 0.0,
        "half_confidence_interval": 0.0,
        "stdev": 0.0,
        "confidence": 95
    },
    "QUEUE5 AVG NUMBER": {
        "mean": 0.0,
        "half_confidence_interval": 0.0,
        "stdev": 0.0,
        "confidence": 95
    },
    "QUEUE6 AVG WAIT": {
        "mean": 0.0,
        "half_confidence_interval": 0.0,
        "stdev": 0.0,
        "confidence": 95
    },
    "QUEUE6 AVG DELAY": {
        "mean": 0.0,
        "half_confidence_interval": 0.0,
        "stdev": 0.0,
        "confidence": 95
    },
    "QUEUE6 AVG NUMBER": {
        "mean": 0.0,
        "half_confidence_interval": 0.0,
        "stdev": 0.0,
        "confidence": 95
    },
    "UTILIZATION1": {
        "mean": 0.7384461508875383,
        "half_confidence_interval": 0.005141747757886682,
        "stdev": 0.020082946641065382,
        "confidence": 95
    },
    "UTILIZATION2": {
        "mean": 0.7415834042837344,
        "half_confidence_interval": 0.005401314780422,
        "stdev": 0.021096779078753763,
        "confidence": 95
    },
    "UTILIZATION3": {
        "mean": 0.0,
        "half_confidence_interval": 0.0,
        "stdev": 0.0,
        "confidence": 95
    },
    "UTILIZATION4": {
        "mean": 0.0,
        "half_confidence_interval": 0.0,
        "stdev": 0.0,
        "confidence": 95
    },
    "UTILIZATION5": {
        "mean": 0.0,
        "half_confidence_interval": 0.0,
        "stdev": 0.0,
        "confidence": 95
    },
    "UTILIZATION6": {
        "mean": 0.0,
        "half_confidence_interval": 0.0,
        "stdev": 0.0,
        "confidence": 95
    }
}