{
    "interarrival": 4,
    "servers": 2,
    "seed": 829480971,
    "GLOBAL AVG WAIT": {
        "mean": 6.349821185930102,
        "half_confidence_interval": 0.07560013359896778,
        "stdev": 0.2952835340467017,
        "confidence": 95
    },
    "GLOBAL AVG DELAY": {
        "mean": 1.927606960918982,
        "half_confidence_interval": 0.06268102557168723,
        "stdev": 0.24482330741188263,
        "confidence": 95
    },
    "GLOBAL AVG NUMBER": {
        "mean": 1.585638744770585,
        "half_confidence_interval": 0.024236727079218104,
        "stdev": 0.0946652616203132,
        "confidence": 95
    },
    "QUEUE1 AVG WAIT": {
        "mean": 6.3447027075447044,
        "half_confidence_interval": 0.08012982107186989,
        "stdev": 0.31297585893359675,
        "confidence": 95
    },
    "QUEUE1 AVG DELAY": {
        "mean": 1.9153531360070362,
        "half_confidence_interval": 0.06394818689828045,
        "stdev": 0.24977266208774343,
        "confidence": 95
    },
    "QUEUE1 AVG NUMBER": {
        "mean": 0.23908282145355603,
        "half_confidence_interval": 0.008682731636920975,
        "stdev": 0.03391353375814848,
        "confidence": 95
    },
    "QUEUE2 AVG WAIT": {
        "mean": 6.357579092216478,
        "half_confidence_interval": 0.08501536049484598,
        "stdev": 0.3320580917004521,
        "confidence": 95
    },
    "QUEUE2 AVG DELAY": {
        "mean": 1.9407991207281865,
        "half_confidence_interval": 0.0654965589340327,
        "stdev": 0.25582038641004873,
        "confidence": 95
    },
    "QUEUE2 AVG NUMBER": {
        "mean": 0.2427387830475408,
        "half_confidence_interval": 0.008832407494002341,
        "stdev": 0.034498146693820037,
        "confidence": 95
    },
    "QUEUE3 AVG WAIT": {
        "mean": 0.0,
        "half_confidence_interval": 0.0,
        "stdev": 0.0,
        "confidence": 95
    },
    "QUEUE3 AVG DELAY": {
        "mean": 0.0,
        "half_confidence_interval": 0.0,
        "stdev": 0.0,
        "confidence": 95
    },
    "QUEUE3 AVG NUMBER": {
        "mean": 0.0,
        "half_confidence_interval": 0.0,
        "stdev": 0.0,
        "confidence": 95
    },
    "QUEUE4 AVG WAIT": {
        "mean": 0.0,
        "half_confidence_interval": 0.0,
        "stdev": 0.0,
        "confidence": 95
    },
    "QUEUE4 AVG DELAY": {
        "mean": 0.0,
        "half_confidence_interval": 0.0,
        "stdev": 0.0,
        "confidence": 95
    },
    "QUEUE4 AVG NUMBER": {
        "mean": 0.0,
        "half_confidence_interval": 0.0,
        "stdev": 0.0,
        "confidence": 95
    },
    "QUEUE5 AVG WAIT": {
        "mean": 0.0,
        "half_confidence_interval": 0.0,
        "stdev": 0.0,
        "confidence": 95
    },
    "QUEUE5 AVG DELAY": {
        "mean": 0.0,
        "half_confidence_interval": 0.0,
        "stdev": 0.0,
        "confidence": 95
    },
    "QUEUE5 AVG NUMBER": {
        "mean": 0.0,
        "half_confidence_interval": 0.0,
        "stdev": 0.0,
        "confidence": 95
    },
    "QUEUE6 AVG WAIT": {
        "mean": 0.0,
        "half_confidence_interval": 0.0,
        "stdev": 0.0,
        "confidence": 95
    },
    "QUEUE6 AVG DELAY": {
        "mean": 0.0,
        "half_confidence_interval": 0.0,
        "stdev": 0.0,
        "confidence": 95
    },
    "QUEUE6 AVG NUMBER": {
        "mean": 0.0,
        "half_confidence_interval": 0.0,
        "stdev": 0.0,
        "confidence": 95
    },
    "UTILIZATION1": {
        "mean": 0.5520874045179699,
        "half_confidence_interval": 0.004064973853970626,
        "stdev": 0.015877218574442787,
        "confidence": 95
    },
    "UTILIZATION2": {
        "mean": 0.5517189256848852,
        "half_confidence_interval": 0.0047640624731013085,
        "stdev": 0.01860776081347866,
        "confidence": 95
    },
    "UTILIZATION3": {
        "mean": 0.0,
        "half_confidence_interval": 0.0,
        "stdev": 0.0,
        "confidence": 95
    },
    "UTILIZATION4": {
        "mean": 0.0,
        "half_confidence_interval": 0.0,
        "stdev": 0.0,
        "confidence": 95
    },
    "UTILIZATION5": {
        "mean": 0.0,
        "half_confidence_interval": 0.0,
        "stdev": 0.0,
        "confidence": 95
    },
    "UTILIZATION6": {
        "mean": 0.0,
        "half_confidence_interval": 0.0,
        "stdev": 0.0,
        "confidence": 95
    }
}