{
    "interarrival": 1.5,
    "servers": 4,
    "seed": 123456789,
    "GLOBAL AVG WAIT": {
        "mean": 5.749763692473557,
        "half_confidence_interval": 0.09718178610950136,
        "stdev": 0.37957844624465104,
        "confidence": 95
    },
    "GLOBAL AVG DELAY": {
        "mean": 1.3133735101928572,
        "half_confidence_interval": 0.0816508059271064,
        "stdev": 0.3189166127643794,
        "confidence": 95
    },
    "GLOBAL AVG NUMBER": {
        "mean": 3.839735622494589,
        "half_confidence_interval": 0.07600987750451652,
        "stdev": 0.2968839363571836,
        "confidence": 95
    },
    "QUEUE1 AVG WAIT": {
        "mean": 1.763599652574174,
        "half_confidence_interval": 0.018505312567429513,
        "stdev": 0.07227915922127467,
        "confidence": 95
    },
    "QUEUE1 AVG DELAY": {
        "mean": 0.5348788445766287,
        "half_confidence_interval": 0.018627100910177666,
        "stdev": 0.0727548474316042,
        "confidence": 95
    },
    "QUEUE1 AVG NUMBER": {
        "mean": 0.07054398738081749,
        "half_confidence_interval": 0.0023647053396157816,
        "stdev": 0.009236207879801785,
        "confidence": 95
    },
    "QUEUE2 AVG WAIT": {
        "mean": 3.5012754582950723,
        "half_confidence_interval": 0.02990406473121604,
        "stdev": 0.11680108877896701,
        "confidence": 95
    },
    "QUEUE2 AVG DELAY": {
        "mean": 0.8397908159111124,
        "half_confidence_interval": 0.028438380413174428,
        "stdev": 0.11107633110163315,
        "confidence": 95
    },
    "QUEUE2 AVG NUMBER": {
        "mean": 0.24968909279661086,
        "half_confidence_interval": 0.008771752432251674,
        "stdev": 0.03426123651735703,
        "confidence": 95
    },
    "QUEUE3 AVG WAIT": {
        "mean": 10.760975011850773,
        "half_confidence_interval": 0.19298910053101417,
        "stdev": 0.7537883985706361,
        "confidence": 95
    },
    "QUEUE3 AVG DELAY": {
        "mean": 2.327118703273517,
        "half_confidence_interval": 0.18512546953176603,
        "stdev": 0.7230741571882784,
        "confidence": 95
    },
    "QUEUE3 AVG NUMBER": {
        "mean": 0.5583492910398636,
        "half_confidence_interval": 0.04995938478073678,
        "stdev": 0.195134360146903,
        "confidence": 95
    },
    "QUEUE4 AVG WAIT": {
        "mean": 0.0,
        "half_confidence_interval": 0.0,
        "stdev": 0.0,
        "confidence": 95
    },
    "QUEUE4 AVG DELAY": {
        "mean": 0.0,
        "half_confidence_interval": 0.0,
        "stdev": 0.0,
        "confidence": 95
    },
    "QUEUE4 AVG NUMBER": {
        "mean": 0.0,
        "half_confidence_interval": 0.0,
        "stdev": 0.0,
        "confidence": 95
    },
    "QUEUE5 AVG WAIT": {
        "mean": 0.0,
        "half_confidence_interval": 0.0,
        "stdev": 0.0,
        "confidence": 95
    },
    "QUEUE5 AVG DELAY": {
        "mean": 0.0,
        "half_confidence_interval": 0.0,
        "stdev": 0.0,
        "confidence": 95
    },
    "QUEUE5 AVG NUMBER": {
        "mean": 0.0,
        "half_confidence_interval": 0.0,
        "stdev": 0.0,
        "confidence": 95
    },
    "QUEUE6 AVG WAIT": {
        "mean": 0.0,
        "half_confidence_interval": 0.0,
        "stdev": 0.0,
        "confidence": 95
    },
    "QUEUE6 AVG DELAY": {
        "mean": 0.0,
        "half_confidence_interval": 0.0,
        "stdev": 0.0,
        "confidence": 95
    },
    "QUEUE6 AVG NUMBER": {
        "mean": 0.0,
        "half_confidence_interval": 0.0,
        "stdev": 0.0,
        "confidence": 95
    },
    "UTILIZATION1": {
        "mean": 0.7406492845885888,
        "half_confidence_interval": 0.006123740328586476,
        "stdev": 0.02391847209426114,
        "confidence": 95
    },
    "UTILIZATION2": {
        "mean": 0.7402674267266858,
        "half_confidence_interval": 0.006142588340716875,
        "stdev": 0.023992089789980336,
        "confidence": 95
    },
    "UTILIZATION3": {
        "mean": 0.7389860859980335,
        "half_confidence_interval": 0.005809633028922587,
        "stdev": 0.02269161297246872,
        "confidence": 95
    },
    "UTILIZATION4": {
        "mean": 0.7413022898523296,
        "half_confidence_interval": 0.006098260980516997,
        "stdev": 0.02381895332908181,
        "confidence": 95
    },
    "UTILIZATION5": {
        "mean": 0.0,
        "half_confidence_interval": 0.0,
        "stdev": 0.0,
        "confidence": 95
    },
    "UTILIZATION6": {
        "mean": 0.0,
        "half_confidence_interval": 0.0,
        "stdev": 0.0,
        "confidence": 95
    }
}