{
    "seed": 854242936,
    "arrival_stream": 0,
    "service_stream": 1,
    "observation_period": 40000.0,
    "interarrivals": 5.0,
    "batch_size": 0,
    "k": 0,
    "servers": 2,
    "acquisition_time": [
        54.3319401241067,
        61.03602531337087,
        62.678824549852074,
        97.12145251917744,
        100.50627767997183,
        121.2161690800271,
        139.46661572482745,
        153.6027356647256,
        179.7288710201165,
        220.7548697767442,
        264.56146120038034,
        306.53786545146386,
        342.2900757951883,
        414.44292808556935,
        545.3984511097557,
        655.3581988106292,
        831.2671410612156,
        1014.6808774151239,
        1223.7551844141894,
        1394.0648684548237,
        1662.4598009763993,
        2035.0424219946067,
        2440.1859790898307,
        2951.30874622961,
        3587.1468829632167,
        4405.275866224141,
        5375.519922520579,
        6515.168342074455,
        7706.83698324925,
        9325.063438321402,
        11077.82348173679,
        13314.175370607785,
        15941.477326521857,
        19320.806803013125,
        23377.51838110346,
        28140.987894480622,
        33847.886533593264
    ],
    "avg_utilization1": [
        0.2798180025858667,
        0.36702179121668227,
        0.35740222475682987,
        0.28268471643976195,
        0.2840543686935182,
        0.4699180443936677,
        0.4766191127487544,
        0.5181128844200261,
        0.49393358140403953,
        0.4917979144951048,
        0.48477041124981324,
        0.5405829990365963,
        0.5891300776644199,
        0.5763747265929973,
        0.540143679248952,
        0.5443090725579102,
        0.4935240267392988,
        0.4718646332518589,
        0.4590884932199779,
        0.4844362547515172,
        0.4995898993778733,
        0.4942682942109157,
        0.48829855064328537,
        0.4811167130724001,
        0.4680789801212753,
        0.4646710620577644,
        0.4621857334455293,
        0.4580512037366556,
        0.47013068327438523,
        0.46100844031713517,
        0.4593200577573973,
        0.4555305968512481,
        0.45905681286695577,
        0.45828099316554327,
        0.4549797245309828,
        0.4563303139913278,
        0.456073887110429
    ],
    "avg_utilization2": [
        0.4547045182443531,
        0.47329846483016275,
        0.4608934083819152,
        0.41231435994749643,
        0.4205336505004832,
        0.4870542205953984,
        0.5511052058500843,
        0.5672114527962179,
        0.534167097715943,
        0.5332609797502084,
        0.48753718822848846,
        0.5687454935195104,
        0.5903172160127416,
        0.620434036982527,
        0.5763558693741158,
        0.534567325465276,
        0.48535125518931277,
        0.46325351599120945,
        0.45474588641273544,
        0.49630506632205,
        0.48715836114039907,
        0.48369541129257726,
        0.48439189163212004,
        0.49341837103616937,
        0.48072127935248843,
        0.4674138269211817,
        0.47217732010171903,
        0.46289350338756896,
        0.4713299732438528,
        0.46487908213219414,
        0.47340384226775395,
        0.467408227498007,
        0.46163422257293385,
        0.45372972132009165,
        0.44822625843109526,
        0.44439228805530795,
        0.44600963253432546
    ],
    "avg_utilization3": [],
    "avg_utilization4": [],
    "avg_utilization5": [],
    "avg_utilization6": [],
    "global": {
        "avg_wait": [
            3.63357212526846,
            4.499814300351961,
            4.0494340315037,
            4.249957395261513,
            3.8108893564365944,
            4.912554830224324,
            5.841352374292456,
            6.3797142514885685,
            5.89221766767222,
            5.543200843120361,
            5.402800151608948,
            7.277087280280902,
            9.26372505628048,
            8.803002702116878,
            8.321088363686458,
            7.652867713554527,
            7.147006891926701,
            6.7838899189393,
            6.481126701179822,
            7.209434117555779,
            6.9348078720824375,
            6.90339328370697,
            6.695026472451123,
            6.6236480591201055,
            6.346574629835405,
            6.2497277196869065,
            6.223160316587216,
            6.196513394107503,
            6.150734905804277,
            5.9896751425733274,
            5.974904414228879,
            5.891743215075568,
            5.808584869807733,
            5.753363777256028,
            5.6952734920896715,
            5.6695212922687155,
            5.717748643430341
        ],
        "avg_delay": [
            0.0,
            0.45018900180318927,
            0.3858762872598765,
            0.3177804718610748,
            0.27011340108191356,
            0.7765898717644826,
            1.2325510247107812,
            1.6533893448594537,
            1.4455526246330268,
            1.2588468100319496,
            1.1541653861728387,
            2.6545149837009054,
            4.615968617389451,
            3.987382038673091,
            3.4195308261700847,
            2.8754995179614586,
            2.5497930102075603,
            2.346590342136092,
            2.133613193481547,
            2.759167436069708,
            2.4901082881483703,
            2.400683718388768,
            2.218864480817462,
            2.1047165763409956,
            1.8859115979533643,
            1.7670955508101032,
            1.6529262772692994,
            1.6490804574592735,
            1.5682960367015446,
            1.443092792078212,
            1.4425097229036248,
            1.3995408921566672,
            1.335200149845258,
            1.2821461260666918,
            1.226550853228606,
            1.199111443859655,
            1.2302924639548398
        ],
        "avg_number": [
            0.6687727544734353,
            0.8846868931420162,
            0.9044853161845964,
            0.7439064577949913,
            0.7583385723568591,
            0.972653374712289,
            1.214621993758792,
            1.41215118084921,
            1.3441408884581578,
            1.2555104330713884,
            1.2048814952057334,
            1.685511824579963,
            2.327500594311185,
            2.187778381227033,
            1.876598414701891,
            1.728252463555965,
            1.5217974552152642,
            1.4240620720231716,
            1.3558009450201243,
            1.5876565891390932,
            1.5350803041538121,
            1.4993789802218518,
            1.454136717776981,
            1.427380368449139,
            1.3499409420793624,
            1.2995214749490855,
            1.2722961288407666,
            1.2544881018723482,
            1.2633734665791716,
            1.219765760413341,
            1.2291951738061782,
            1.210282818476657,
            1.1954956599996167,
            1.1726604787177346,
            1.1511130827246296,
            1.142326127558178,
            1.1493645764644458
        ]
    },