{
    "interarrival": 2.5,
    "servers": 3,
    "seed": 1989359617,
    "GLOBAL AVG WAIT": {
        "mean": 5.253991929084716,
        "half_confidence_interval": 0.05016421478219551,
        "stdev": 0.19593439744618033,
        "confidence": 95
    },
    "GLOBAL AVG DELAY": {
        "mean": 0.8206305436225664,
        "half_confidence_interval": 0.03524138232038667,
        "stdev": 0.13764790379149291,
        "confidence": 95
    },
    "GLOBAL AVG NUMBER": {
        "mean": 2.0952390892908066,
        "half_confidence_interval": 0.028193867199490494,
        "stdev": 0.1101212967330339,
        "confidence": 95
    },
    "QUEUE1 AVG WAIT": {
        "mean": 1.6835667911869638,
        "half_confidence_interval": 0.014143145363447913,
        "stdev": 0.055241145043586855,
        "confidence": 95
    },
    "QUEUE1 AVG DELAY": {
        "mean": 0.4556158064797942,
        "half_confidence_interval": 0.014241167844269754,
        "stdev": 0.0556240071256387,
        "confidence": 95
    },
    "QUEUE1 AVG NUMBER": {
        "mean": 0.0361101579803346,
        "half_confidence_interval": 0.0012681622053351655,
        "stdev": 0.00495326396805388,
        "confidence": 95
    },
    "QUEUE2 AVG WAIT": {
        "mean": 3.2943980485387203,
        "half_confidence_interval": 0.0228219678267262,
        "stdev": 0.08913941011696636,
        "confidence": 95
    },
    "QUEUE2 AVG DELAY": {
        "mean": 0.6358545518273331,
        "half_confidence_interval": 0.0210808845770571,
        "stdev": 0.08233898278228732,
        "confidence": 95
    },
    "QUEUE2 AVG NUMBER": {
        "mean": 0.11287133531887124,
        "half_confidence_interval": 0.004089721984698802,
        "stdev": 0.0159738813070939,
        "confidence": 95
    },
    "QUEUE3 AVG WAIT": {
        "mean": 9.686725244310496,
        "half_confidence_interval": 0.08244053404735915,
        "stdev": 0.32200118020074536,
        "confidence": 95
    },
    "QUEUE3 AVG DELAY": {
        "mean": 1.2513550985984299,
        "half_confidence_interval": 0.07223696729407576,
        "stdev": 0.2821474774708855,
        "confidence": 95
    },
    "QUEUE3 AVG NUMBER": {
        "mean": 0.17885077036929523,
        "half_confidence_interval": 0.01184426852359477,
        "stdev": 0.04626205406458338,
        "confidence": 95
    },
    "QUEUE4 AVG WAIT": {
        "mean": 0.0,
        "half_confidence_interval": 0.0,
        "stdev": 0.0,
        "confidence": 95
    },
    "QUEUE4 AVG DELAY": {
        "mean": 0.0,
        "half_confidence_interval": 0.0,
        "stdev": 0.0,
        "confidence": 95
    },
    "QUEUE4 AVG NUMBER": {
        "mean": 0.0,
        "half_confidence_interval": 0.0,
        "stdev": 0.0,
        "confidence": 95
    },
    "QUEUE5 AVG WAIT": {
        "mean": 0.0,
        "half_confidence_interval": 0.0,
        "stdev": 0.0,
        "confidence": 95
    },
    "QUEUE5 AVG DELAY": {
        "mean": 0.0,
        "half_confidence_interval": 0.0,
        "stdev": 0.0,
        "confidence": 95
    },
    "QUEUE5 AVG NUMBER": {
        "mean": 0.0,
        "half_confidence_interval": 0.0,
        "stdev": 0.0,
        "confidence": 95
    },
    "QUEUE6 AVG WAIT": {
        "mean": 0.0,
        "half_confidence_interval": 0.0,
        "stdev": 0.0,
        "confidence": 95
    },
    "QUEUE6 AVG DELAY": {
        "mean": 0.0,
        "half_confidence_interval": 0.0,
        "stdev": 0.0,
        "confidence": 95
    },
    "QUEUE6 AVG NUMBER": {
        "mean": 0.0,
        "half_confidence_interval": 0.0,
        "stdev": 0.0,
        "confidence": 95
    },
    "UTILIZATION1": {
        "mean": 0.5881439856699732,
        "half_confidence_interval": 0.004985844797444948,
        "stdev": 0.019474011511773404,
        "confidence": 95
    },
    "UTILIZATION2": {
        "mean": 0.591301824257809,
        "half_confidence_interval": 0.004837587943548902,
        "stdev": 0.018894941003812456,
        "confidence": 95
    },
    "UTILIZATION3": {
        "mean": 0.5879532638537626,
        "half_confidence_interval": 0.0052761587887015,
        "stdev": 0.020607937303177143,
        "confidence": 95
    },
    "UTILIZATION4": {
        "mean": 0.0,
        "half_confidence_interval": 0.0,
        "stdev": 0.0,
        "confidence": 95
    },
    "UTILIZATION5": {
        "mean": 0.0,
        "half_confidence_interval": 0.0,
        "stdev": 0.0,
        "confidence": 95
    },
    "UTILIZATION6": {
        "mean": 0.0,
        "half_confidence_interval": 0.0,
        "stdev": 0.0,
        "confidence": 95
    }
}