{
    "interarrival": 1.5,
    "servers": 3,
    "seed": 1844958100,
    "GLOBAL AVG WAIT": {
        "mean": 53.349455787246704,
        "half_confidence_interval": 9.095514581029464,
        "stdev": 35.525806127627746,
        "confidence": 95
    },
    "GLOBAL AVG DELAY": {
        "mean": 48.913702969113444,
        "half_confidence_interval": 9.091942750907826,
        "stdev": 35.51185505940706,
        "confidence": 95
    },
    "GLOBAL AVG NUMBER": {
        "mean": 35.84966026460042,
        "half_confidence_interval": 6.174348730484172,
        "stdev": 24.116141424372106,
        "confidence": 95
    },
    "QUEUE1 AVG WAIT": {
        "mean": 2.8046531637073135,
        "half_confidence_interval": 0.032840992418230984,
        "stdev": 0.12827231700802955,
        "confidence": 95
    },
    "QUEUE1 AVG DELAY": {
        "mean": 1.5758178578619013,
        "half_confidence_interval": 0.032278521399028655,
        "stdev": 0.12607538398103313,
        "confidence": 95
    },
    "QUEUE1 AVG NUMBER": {
        "mean": 0.2109201256672729,
        "half_confidence_interval": 0.005259724314913033,
        "stdev": 0.020543746550205737,
        "confidence": 95
    },
    "QUEUE2 AVG WAIT": {
        "mean": 5.343705074483872,
        "half_confidence_interval": 0.045961281399597105,
        "stdev": 0.1795183282741351,
        "confidence": 95
    },
    "QUEUE2 AVG DELAY": {
        "mean": 2.6905338138044335,
        "half_confidence_interval": 0.04553038947757302,
        "stdev": 0.177835324773078,
        "confidence": 95
    },
    "QUEUE2 AVG NUMBER": {
        "mean": 0.7988308099817915,
        "half_confidence_interval": 0.01557887583753687,
        "stdev": 0.06084890720147439,
        "confidence": 95
    },
    "QUEUE3 AVG WAIT": {
        "mean": 141.20905775285408,
        "half_confidence_interval": 25.457036575721393,
        "stdev": 99.4316196094367,
        "confidence": 95
    },
    "QUEUE3 AVG DELAY": {
        "mean": 132.75324187344603,
        "half_confidence_interval": 25.453155965519144,
        "stdev": 99.41646248946577,
        "confidence": 95
    },
    "QUEUE3 AVG NUMBER": {
        "mean": 31.872906661044553,
        "half_confidence_interval": 6.158402709757296,
        "stdev": 24.05385850065148,
        "confidence": 95
    },
    "QUEUE4 AVG WAIT": {
        "mean": 0.0,
        "half_confidence_interval": 0.0,
        "stdev": 0.0,
        "confidence": 95
    },
    "QUEUE4 AVG DELAY": {
        "mean": 0.0,
        "half_confidence_interval": 0.0,
        "stdev": 0.0,
        "confidence": 95
    },
    "QUEUE4 AVG NUMBER": {
        "mean": 0.0,
        "half_confidence_interval": 0.0,
        "stdev": 0.0,
        "confidence": 95
    },
    "QUEUE5 AVG WAIT": {
        "mean": 0.0,
        "half_confidence_interval": 0.0,
        "stdev": 0.0,
        "confidence": 95
    },
    "QUEUE5 AVG DELAY": {
        "mean": 0.0,
        "half_confidence_interval": 0.0,
        "stdev": 0.0,
        "confidence": 95
    },
    "QUEUE5 AVG NUMBER": {
        "mean": 0.0,
        "half_confidence_interval": 0.0,
        "stdev": 0.0,
        "confidence": 95
    },
    "QUEUE6 AVG WAIT": {
        "mean": 0.0,
        "half_confidence_interval": 0.0,
        "stdev": 0.0,
        "confidence": 95
    },
    "QUEUE6 AVG DELAY": {
        "mean": 0.0,
        "half_confidence_interval": 0.0,
        "stdev": 0.0,
        "confidence": 95
    },
    "QUEUE6 AVG NUMBER": {
        "mean": 0.0,
        "half_confidence_interval": 0.0,
        "stdev": 0.0,
        "confidence": 95
    },
    "UTILIZATION1": {
        "mean": 0.9885539029185558,
        "half_confidence_interval": 0.004314188036618515,
        "stdev": 0.016850614269445018,
        "confidence": 95
    },
    "UTILIZATION2": {
        "mean": 0.9893809169429039,
        "half_confidence_interval": 0.003962396474073387,
        "stdev": 0.015476565694515583,
        "confidence": 95
    },
    "UTILIZATION3": {
        "mean": 0.9890573949847075,
        "half_confidence_interval": 0.004091651667591067,
        "stdev": 0.0159814183782192,
        "confidence": 95
    },
    "UTILIZATION4": {
        "mean": 0.0,
        "half_confidence_interval": 0.0,
        "stdev": 0.0,
        "confidence": 95
    },
    "UTILIZATION5": {
        "mean": 0.0,
        "half_confidence_interval": 0.0,
        "stdev": 0.0,
        "confidence": 95
    },
    "UTILIZATION6": {
        "mean": 0.0,
        "half_confidence_interval": 0.0,
        "stdev": 0.0,
        "confidence": 95
    }
}