{
    "interarrival": 2,
    "servers": 3,
    "seed": 1954244124,
    "GLOBAL AVG WAIT": {
        "mean": 15.272623466985646,
        "half_confidence_interval": 0.7648239754131919,
        "stdev": 2.013809633505158,
        "confidence": 95
    },
    "GLOBAL AVG DELAY": {
        "mean": 10.822533755409074,
        "half_confidence_interval": 0.7539811565665923,
        "stdev": 1.9852600930231963,
        "confidence": 95
    },
    "GLOBAL AVG NUMBER": {
        "mean": 0.7851471677591397,
        "half_confidence_interval": 0.3259481269392979,
        "stdev": 0.8582333963820958,
        "confidence": 95
    },
    "QUEUE1 AVG WAIT": {
        "mean": 0.0,
        "half_confidence_interval": 0.0,
        "stdev": 0.0,
        "confidence": 95
    },
    "QUEUE1 AVG DELAY": {
        "mean": 0.0,
        "half_confidence_interval": 0.0,
        "stdev": 0.0,
        "confidence": 95
    },
    "QUEUE1 AVG NUMBER": {
        "mean": 0.0,
        "half_confidence_interval": 0.0,
        "stdev": 0.0,
        "confidence": 95
    },
    "QUEUE2 AVG WAIT": {
        "mean": 0.0,
        "half_confidence_interval": 0.0,
        "stdev": 0.0,
        "confidence": 95
    },
    "QUEUE2 AVG DELAY": {
        "mean": 0.0,
        "half_confidence_interval": 0.0,
        "stdev": 0.0,
        "confidence": 95
    },
    "QUEUE2 AVG NUMBER": {
        "mean": 0.0,
        "half_confidence_interval": 0.0,
        "stdev": 0.0,
        "confidence": 95
    },
    "QUEUE3 AVG WAIT": {
        "mean": 0.0,
        "half_confidence_interval": 0.0,
        "stdev": 0.0,
        "confidence": 95
    },
    "QUEUE3 AVG DELAY": {
        "mean": 0.0,
        "half_confidence_interval": 0.0,
        "stdev": 0.0,
        "confidence": 95
    },
    "QUEUE3 AVG NUMBER": {
        "mean": 0.0,
        "half_confidence_interval": 0.0,
        "stdev": 0.0,
        "confidence": 95
    },
    "UTILIZATION1": {
        "mean": 0.7160487491174569,
        "half_confidence_interval": 0.01886248808990084,
        "stdev": 0.04966562431152499,
        "confidence": 95
    },
    "UTILIZATION2": {
        "mean": 0.7240469724166584,
        "half_confidence_interval": 0.01962990046676005,
        "stdev": 0.051686249301157755,
        "confidence": 95
    },
    "UTILIZATION3": {
        "mean": 0.7813418778576078,
        "half_confidence_interval": 0.01839549167210907,
        "stdev": 0.048436005581995234,
        "confidence": 95
    },
    "UTILIZATION4": {
        "mean": 0.0,
        "half_confidence_interval": 0.0,
        "stdev": 0.0,
        "confidence": 95
    },
    "UTILIZATION5": {
        "mean": 0.0,
        "half_confidence_interval": 0.0,
        "stdev": 0.0,
        "confidence": 95
    },
    "UTILIZATION6": {
        "mean": 0.0,
        "half_confidence_interval": 0.0,
        "stdev": 0.0,
        "confidence": 95
    }
}