{
    "interarrival": 4,
    "servers": 2,
    "seed": 263203606,
    "GLOBAL AVG WAIT": {
        "mean": 6.4643716124997495,
        "half_confidence_interval": 0.08354647061602581,
        "stdev": 0.32632081355165565,
        "confidence": 95
    },
    "GLOBAL AVG DELAY": {
        "mean": 2.024697030059853,
        "half_confidence_interval": 0.072535957346186,
        "stdev": 0.2833152907409023,
        "confidence": 95
    },
    "GLOBAL AVG NUMBER": {
        "mean": 1.6189272914726756,
        "half_confidence_interval": 0.02452872837203744,
        "stdev": 0.09580577777531478,
        "confidence": 95
    },
    "QUEUE1 AVG WAIT": {
        "mean": 6.481996152695871,
        "half_confidence_interval": 0.1039398641644397,
        "stdev": 0.4059745526591098,
        "confidence": 95
    },
    "QUEUE1 AVG DELAY": {
        "mean": 2.0345639455672724,
        "half_confidence_interval": 0.08237607813353598,
        "stdev": 0.32174942442839605,
        "confidence": 95
    },
    "QUEUE1 AVG NUMBER": {
        "mean": 0.2541950528955422,
        "half_confidence_interval": 0.010474068186402435,
        "stdev": 0.040910243443925166,
        "confidence": 95
    },
    "QUEUE2 AVG WAIT": {
        "mean": 6.450698526317815,
        "half_confidence_interval": 0.0796101959243309,
        "stdev": 0.31094627588075746,
        "confidence": 95
    },
    "QUEUE2 AVG DELAY": {
        "mean": 2.016475087090776,
        "half_confidence_interval": 0.06688549777794923,
        "stdev": 0.2612453870136458,
        "confidence": 95
    },
    "QUEUE2 AVG NUMBER": {
        "mean": 0.2531839835125044,
        "half_confidence_interval": 0.00895089387703965,
        "stdev": 0.03496093791195812,
        "confidence": 95
    },
    "QUEUE3 AVG WAIT": {
        "mean": 0.0,
        "half_confidence_interval": 0.0,
        "stdev": 0.0,
        "confidence": 95
    },
    "QUEUE3 AVG DELAY": {
        "mean": 0.0,
        "half_confidence_interval": 0.0,
        "stdev": 0.0,
        "confidence": 95
    },
    "QUEUE3 AVG NUMBER": {
        "mean": 0.0,
        "half_confidence_interval": 0.0,
        "stdev": 0.0,
        "confidence": 95
    },
    "QUEUE4 AVG WAIT": {
        "mean": 0.0,
        "half_confidence_interval": 0.0,
        "stdev": 0.0,
        "confidence": 95
    },
    "QUEUE4 AVG DELAY": {
        "mean": 0.0,
        "half_confidence_interval": 0.0,
        "stdev": 0.0,
        "confidence": 95
    },
    "QUEUE4 AVG NUMBER": {
        "mean": 0.0,
        "half_confidence_interval": 0.0,
        "stdev": 0.0,
        "confidence": 95
    },
    "QUEUE5 AVG WAIT": {
        "mean": 0.0,
        "half_confidence_interval": 0.0,
        "stdev": 0.0,
        "confidence": 95
    },
    "QUEUE5 AVG DELAY": {
        "mean": 0.0,
        "half_confidence_interval": 0.0,
        "stdev": 0.0,
        "confidence": 95
    },
    "QUEUE5 AVG NUMBER": {
        "mean": 0.0,
        "half_confidence_interval": 0.0,
        "stdev": 0.0,
        "confidence": 95
    },
    "QUEUE6 AVG WAIT": {
        "mean": 0.0,
        "half_confidence_interval": 0.0,
        "stdev": 0.0,
        "confidence": 95
    },
    "QUEUE6 AVG DELAY": {
        "mean": 0.0,
        "half_confidence_interval": 0.0,
        "stdev": 0.0,
        "confidence": 95
    },
    "QUEUE6 AVG NUMBER": {
        "mean": 0.0,
        "half_confidence_interval": 0.0,
        "stdev": 0.0,
        "confidence": 95
    },
    "UTILIZATION1": {
        "mean": 0.5553625007126364,
        "half_confidence_interval": 0.004404832086613988,
        "stdev": 0.01720465723403754,
        "confidence": 95
    },
    "UTILIZATION2": {
        "mean": 0.5561702232065893,
        "half_confidence_interval": 0.003935590071366456,
        "stdev": 0.015371863639776228,
        "confidence": 95
    },
    "UTILIZATION3": {
        "mean": 0.0,
        "half_confidence_interval": 0.0,
        "stdev": 0.0,
        "confidence": 95
    },
    "UTILIZATION4": {
        "mean": 0.0,
        "half_confidence_interval": 0.0,
        "stdev": 0.0,
        "confidence": 95
    },
    "UTILIZATION5": {
        "mean": 0.0,
        "half_confidence_interval": 0.0,
        "stdev": 0.0,
        "confidence": 95
    },
    "UTILIZATION6": {
        "mean": 0.0,
        "half_confidence_interval": 0.0,
        "stdev": 0.0,
        "confidence": 95
    }
}