{
    "seed": 244046203,
    "arrival_stream": 0,
    "service_stream": 1,
    "observation_period": 84000.0,
    "interarrivals": 1,
    "batch_size": 1000,
    "k": 25,
    "servers": 6,
    "acquisition_time": [],
    "avg_utilization1": [
        0.792538259150849,
        0.7230010634075641,
        0.695221061133161,
        0.7161270038887946,
        0.7441082419530598,
        0.7919533659014354,
        0.7418839522296682,
        0.7124606592499338,
        0.691165511465268,
        0.6921136203743048,
        0.7657194374679935,
        0.7234422244484691,
        0.7241356694554835,
        0.8176430693062529,
        0.7356800273528079,
        0.7690951780735614,
        0.7351016385428846,
        0.6723928130816949,
        0.7917870988239091,
        0.7921825027876295,
        0.7238198490564016,
        0.752840626860725,
        0.7501184473605046,
        0.7992554217898196,
        0.7127714606348006
    ],
    "avg_utilization2": [
        0.7918265943106987,
        0.7238439594307868,
        0.703819204286335,
        0.7334123511496207,
        0.7532932079718513,
        0.7648469487512751,
        0.7532700841065009,
        0.68303203883019,
        0.7055566334946459,
        0.7090283607111701,
        0.7656807090709277,
        0.7091475762262741,
        0.7504154478851033,
        0.8255988197968297,
        0.6950927497108111,
        0.7816335255925921,
        0.7445826753073926,
        0.6560469975283465,
        0.7891367074270093,
        0.7544537725983891,
        0.746980935802532,
        0.7578663615800337,
        0.7188739398168035,
        0.7756048707211789,
        0.7201597595019958
    ],
    "avg_utilization3": [
        0.7978534124294462,
        0.7096841658931448,
        0.6862511696605774,
        0.7283399408997167,
        0.769138633271589,
        0.7635412655739703,
        0.7512341419061067,
        0.7125462003487378,
        0.6916445564749755,
        0.7051856427260714,
        0.7708799723713726,
        0.7369060193681142,
        0.7104632577142043,
        0.8180335535056642,
        0.7267596031946976,
        0.8101055346999506,
        0.7536336464169395,
        0.6914167764844357,
        0.811961891031695,
        0.786917470145723,
        0.7229269291597232,
        0.75713142631282,
        0.7414722821187256,
        0.7679092950512362,
        0.7441804183402676
    ],
    "avg_utilization4": [
        0.7508497094311903,
        0.7196513388686075,
        0.6865524344728589,
        0.7469668922265732,
        0.7615059692772908,
        0.7772957866205502,
        0.7324956559122826,
        0.7302992274229614,
        0.706850709523592,
        0.6882484392589552,
        0.7965593743355535,
        0.7029525040965882,
        0.7239663607529034,
        0.8017406474062533,
        0.7395510381089753,
        0.8020906022501928,
        0.7397444124741777,
        0.6661144686793439,
        0.774059098706475,
        0.773132109512729,
        0.7313772108992332,
        0.7597394686002683,
        0.7191387594962745,
        0.7954950255487884,
        0.7484406827460133
    ],
    "avg_utilization5": [
        0.7867979750986177,
        0.7173546440678241,
        0.7019012851902392,
        0.7381660495574331,
        0.7603040395029433,
        0.7717404720996974,
        0.7407650863143965,
        0.7217938848484834,
        0.6936869180349176,
        0.6884132211268341,
        0.7795573473735,
        0.7148955201054608,
        0.7366810412518728,
        0.8132291801509206,
        0.7177974917318873,
        0.7785211929036195,
        0.7301720096171557,
        0.6544545800166284,
        0.7529448063997896,
        0.7961526474378329,
        0.7340316581853644,
        0.7597587357922145,
        0.7346344707091019,
        0.7968129338548513,
        0.7455703963359906
    ],
    "avg_utilization6": [
        0.7511112212520948,
        0.7348805997277941,
        0.6635124275310694,
        0.7282690596008038,
        0.7850538247681714,
        0.7625149129839799,
        0.7316542207949039,
        0.6880609141294565,
        0.7097899418377972,
        0.6952973311555354,
        0.7644504820744713,
        0.6973361521481783,
        0.6990455342379605,
        0.8282868196067004,
        0.7116232016866695,
        0.7970981178425939,
        0.7441169141270314,
        0.6682810952078807,
        0.7865442001290776,
        0.7807325770180132,
        0.758835012628951,
        0.7556604024880268,
        0.7176640618852141,
        0.7937420791954741,
        0.7111151763321647
    ],
    "global": {
        "avg_wait": [
            5.276524716126229,
            5.44698643166397,
            4.726548466981652,
            4.841044871564974,
            5.6442967104352295,
            5.826588638938812,
            4.982291521548581,
            4.918215298069476,
            4.963807427084695,
            4.884362201617472,
            5.124355130756412,
            4.85300012753267,
            4.982525864429741,
            5.833305540453011,
            4.9323364463059916,
            5.35591425302829,
            5.069309890555424,
            4.699336394427915,
            6.038743079298442,
            5.292030614864659,
            5.1253572910979095,
            5.018825970549293,
            5.14476625188579,
            5.4387887191270385,
            5.052346227148184
        ],
        "avg_delay": [
            0.7238573074656032,
            0.9583825587818389,
            0.4203777428352321,
            0.42745989088564873,
            1.196978222194366,
            1.1517319821103673,
            0.5639646953475712,
            0.5373282553786093,
            0.5459048686173401,
            0.5024127341505118,
            0.70701108678731,
            0.4278151301024973,
            0.5385283859879928,
            1.2506455068684899,
            0.5898285142363493,
            0.7644411796265231,
            0.7335218608123215,
            0.37233681756842274,
            1.4470822968979482,
            0.7759777846703618,
            0.6621808045404323,
            0.6618928319615953,
            0.8124332585667107,
            0.9376447826824406,
            0.5429710423562973
        ],
        "avg_number": [
            5.403876471537785,
            5.25199908369174,
            4.538610622625986,
            4.806994748513708,
            5.81618369480939,
            5.759288529957112,
            5.009754726695564,
            4.7994881789165404,
            4.714144408867394,
            4.655229794435459,
            5.357473834194878,
            4.716416378588149,
            4.87215961035419,
            6.254194997423386,
            4.879959028136874,
            5.554713912587718,
            5.200982292802719,
            4.348145206163993,
            6.192652643834152,
            5.475828908996743,
            5.077201006469905,
            5.229175559603637,
            5.2320034892630005,
            5.693213931508775,
            4.894110436721184
        ]
    },
    "q1": {
        "avg_wait": [
            1.5424329228624445,
            1.5378877090238856,
            1.4119864646999345,
            1.533599671696487,
            1.5452577512418104,
            1.5677549320081754,
            1.4834986604709899,
            1.4482465048390194,
            1.5408038635517922,
            1.5393081638330042,
            1.5245095096442878,
            1.4337096008032364,
            1.5385451586204844,
            1.6165538008745486,
            1.479408594596366,
            1.5262289236125048,
            1.4759120768724021,
            1.4878382112464883,
            1.639299581653197,
            1.6565685668991033,
            1.4769511182371358,
            1.5408162713664404,
            1.4906889666478325,
            1.716557581331413,
            1.5084870893708395
        ],