{
    "interarrival": 2,
    "servers": 3,
    "seed": 1324992750,
    "GLOBAL AVG WAIT": {
        "mean": 14.697265246736736,
        "half_confidence_interval": 0.6807040439717175,
        "stdev": 2.6587346632227984,
        "confidence": 95
    },
    "GLOBAL AVG DELAY": {
        "mean": 10.256429194866259,
        "half_confidence_interval": 0.6640656258245912,
        "stdev": 2.593747332148858,
        "confidence": 95
    },
    "GLOBAL AVG NUMBER": {
        "mean": 0.4347590157014181,
        "half_confidence_interval": 0.14717518923528095,
        "stdev": 0.5748456772830255,
        "confidence": 95
    },
    "QUEUE1 AVG WAIT": {
        "mean": 0.0,
        "half_confidence_interval": 0.0,
        "stdev": 0.0,
        "confidence": 95
    },
    "QUEUE1 AVG DELAY": {
        "mean": 0.0,
        "half_confidence_interval": 0.0,
        "stdev": 0.0,
        "confidence": 95
    },
    "QUEUE1 AVG NUMBER": {
        "mean": 0.0,
        "half_confidence_interval": 0.0,
        "stdev": 0.0,
        "confidence": 95
    },
    "QUEUE2 AVG WAIT": {
        "mean": 0.0,
        "half_confidence_interval": 0.0,
        "stdev": 0.0,
        "confidence": 95
    },
    "QUEUE2 AVG DELAY": {
        "mean": 0.0,
        "half_confidence_interval": 0.0,
        "stdev": 0.0,
        "confidence": 95
    },
    "QUEUE2 AVG NUMBER": {
        "mean": 0.0,
        "half_confidence_interval": 0.0,
        "stdev": 0.0,
        "confidence": 95
    },
    "QUEUE3 AVG WAIT": {
        "mean": 0.0,
        "half_confidence_interval": 0.0,
        "stdev": 0.0,
        "confidence": 95
    },
    "QUEUE3 AVG DELAY": {
        "mean": 0.0,
        "half_confidence_interval": 0.0,
        "stdev": 0.0,
        "confidence": 95
    },
    "QUEUE3 AVG NUMBER": {
        "mean": 0.0,
        "half_confidence_interval": 0.0,
        "stdev": 0.0,
        "confidence": 95
    },
    "UTILIZATION1": {
        "mean": 0.7212810563580888,
        "half_confidence_interval": 0.010457507258318927,
        "stdev": 0.04084555877818725,
        "confidence": 95
    },
    "UTILIZATION2": {
        "mean": 0.7397873158152967,
        "half_confidence_interval": 0.010922844696388012,
        "stdev": 0.04266310164082518,
        "confidence": 95
    },
    "UTILIZATION3": {
        "mean": 0.7620434666792227,
        "half_confidence_interval": 0.014756276435471465,
        "stdev": 0.057635949141967825,
        "confidence": 95
    },
    "UTILIZATION4": {
        "mean": 0.0,
        "half_confidence_interval": 0.0,
        "stdev": 0.0,
        "confidence": 95
    },
    "UTILIZATION5": {
        "mean": 0.0,
        "half_confidence_interval": 0.0,
        "stdev": 0.0,
        "confidence": 95
    },
    "UTILIZATION6": {
        "mean": 0.0,
        "half_confidence_interval": 0.0,
        "stdev": 0.0,
        "confidence": 95
    }
}