{
    "interarrival": 1.5,
    "servers": 4,
    "seed": 721410750,
    "GLOBAL AVG WAIT": {
        "mean": 5.753235851774717,
        "half_confidence_interval": 0.07995820629835812,
        "stdev": 0.312305555662891,
        "confidence": 95
    },
    "GLOBAL AVG DELAY": {
        "mean": 1.3140803672358263,
        "half_confidence_interval": 0.07520104086450438,
        "stdev": 0.2937247337187837,
        "confidence": 95
    },
    "GLOBAL AVG NUMBER": {
        "mean": 3.8437882072435703,
        "half_confidence_interval": 0.06918084286813679,
        "stdev": 0.27021068347307664,
        "confidence": 95
    },
    "QUEUE1 AVG WAIT": {
        "mean": 1.7660247215773635,
        "half_confidence_interval": 0.018650825536040617,
        "stdev": 0.07284751249759348,
        "confidence": 95
    },
    "QUEUE1 AVG DELAY": {
        "mean": 0.5367903518765527,
        "half_confidence_interval": 0.018868850586670975,
        "stdev": 0.07369908781096995,
        "confidence": 95
    },
    "QUEUE1 AVG NUMBER": {
        "mean": 0.07120097402895922,
        "half_confidence_interval": 0.0028818373992414697,
        "stdev": 0.01125605328040843,
        "confidence": 95
    },
    "QUEUE2 AVG WAIT": {
        "mean": 3.48115420103624,
        "half_confidence_interval": 0.027848566758631663,
        "stdev": 0.10877260157033022,
        "confidence": 95
    },
    "QUEUE2 AVG DELAY": {
        "mean": 0.8287921687620844,
        "half_confidence_interval": 0.024716465750319522,
        "stdev": 0.09653905368228424,
        "confidence": 95
    },
    "QUEUE2 AVG NUMBER": {
        "mean": 0.24625849675103986,
        "half_confidence_interval": 0.008234076816990522,
        "stdev": 0.0321611508655611,
        "confidence": 95
    },
    "QUEUE3 AVG WAIT": {
        "mean": 10.789223216237744,
        "half_confidence_interval": 0.18636361976722018,
        "stdev": 0.7279101986051503,
        "confidence": 95
    },
    "QUEUE3 AVG DELAY": {
        "mean": 2.3467123671894985,
        "half_confidence_interval": 0.18035933688295389,
        "stdev": 0.704458310558401,
        "confidence": 95
    },
    "QUEUE3 AVG NUMBER": {
        "mean": 0.5624504287441762,
        "half_confidence_interval": 0.047118792018872785,
        "stdev": 0.1840394026437838,
        "confidence": 95
    },
    "QUEUE4 AVG WAIT": {
        "mean": 0.0,
        "half_confidence_interval": 0.0,
        "stdev": 0.0,
        "confidence": 95
    },
    "QUEUE4 AVG DELAY": {
        "mean": 0.0,
        "half_confidence_interval": 0.0,
        "stdev": 0.0,
        "confidence": 95
    },
    "QUEUE4 AVG NUMBER": {
        "mean": 0.0,
        "half_confidence_interval": 0.0,
        "stdev": 0.0,
        "confidence": 95
    },
    "QUEUE5 AVG WAIT": {
        "mean": 0.0,
        "half_confidence_interval": 0.0,
        "stdev": 0.0,
        "confidence": 95
    },
    "QUEUE5 AVG DELAY": {
        "mean": 0.0,
        "half_confidence_interval": 0.0,
        "stdev": 0.0,
        "confidence": 95
    },
    "QUEUE5 AVG NUMBER": {
        "mean": 0.0,
        "half_confidence_interval": 0.0,
        "stdev": 0.0,
        "confidence": 95
    },
    "QUEUE6 AVG WAIT": {
        "mean": 0.0,
        "half_confidence_interval": 0.0,
        "stdev": 0.0,
        "confidence": 95
    },
    "QUEUE6 AVG DELAY": {
        "mean": 0.0,
        "half_confidence_interval": 0.0,
        "stdev": 0.0,
        "confidence": 95
    },
    "QUEUE6 AVG NUMBER": {
        "mean": 0.0,
        "half_confidence_interval": 0.0,
        "stdev": 0.0,
        "confidence": 95
    },
    "UTILIZATION1": {
        "mean": 0.7427159306129675,
        "half_confidence_interval": 0.00544911923324401,
        "stdev": 0.021283496576467872,
        "confidence": 95
    },
    "UTILIZATION2": {
        "mean": 0.7397247680651928,
        "half_confidence_interval": 0.00561291012531187,
        "stdev": 0.021923240861987495,
        "confidence": 95
    },
    "UTILIZATION3": {
        "mean": 0.7398462160343929,
        "half_confidence_interval": 0.00543760558206171,
        "stdev": 0.021238525867435465,
        "confidence": 95
    },
    "UTILIZATION4": {
        "mean": 0.7415853387818384,
        "half_confidence_interval": 0.005261708147036065,
        "stdev": 0.020551495120642818,
        "confidence": 95
    },
    "UTILIZATION5": {
        "mean": 0.0,
        "half_confidence_interval": 0.0,
        "stdev": 0.0,
        "confidence": 95
    },
    "UTILIZATION6": {
        "mean": 0.0,
        "half_confidence_interval": 0.0,
        "stdev": 0.0,
        "confidence": 95
    }
}