{
    "seed": 1668695955,
    "arrival_stream": 0,
    "service_stream": 1,
    "observation_period": 84000.0,
    "interarrivals": 1,
    "batch_size": 1000,
    "k": 25,
    "servers": 6,
    "acquisition_time": [],
    "avg_utilization1": [
        0.665943839425452,
        0.7785836755279062,
        0.7668219091282352,
        0.714129521660183,
        0.7689299866827396,
        0.7639228427120137,
        0.7690545319251828,
        0.7522569287658453,
        0.7027725997773467,
        0.6961477657990729,
        0.7532361815723383,
        0.6817959050791846,
        0.7496584876905337,
        0.6859103691969698,
        0.7634733940170988,
        0.7472597500214955,
        0.725974253841606,
        0.6991323005336512,
        0.7769338117905994,
        0.7711754727104198,
        0.7494829596788337,
        0.7180118284487907,
        0.7718191978023599,
        0.751713487517923,
        0.7646982806939571
    ],
    "avg_utilization2": [
        0.7013467902506312,
        0.7585071829738318,
        0.7684745513727781,
        0.6827491644461451,
        0.7732616553386427,
        0.7433358724702646,
        0.7651084524985364,
        0.7562499514066378,
        0.7544540443504915,
        0.69991559262249,
        0.7422870468150875,
        0.740333522781364,
        0.7471510486538693,
        0.6903263601217633,
        0.7871704866326439,
        0.7188300706937929,
        0.7719261694312459,
        0.7225513310875856,
        0.7590807329912317,
        0.7628353065210767,
        0.7320661386999895,
        0.7599949756675962,
        0.7779011876345877,
        0.7105201754268352,
        0.7766473750928929
    ],
    "avg_utilization3": [
        0.6836080056112286,
        0.7216157636332248,
        0.7804232488968882,
        0.6805510633009868,
        0.7759907068178755,
        0.7419821760574205,
        0.7466690516705917,
        0.7824650718714613,
        0.7060057369648219,
        0.6843829121926136,
        0.7423291946735262,
        0.7148993689323893,
        0.7332268286624931,
        0.6711439365526332,
        0.7693634381851141,
        0.7594021463456687,
        0.7253221214159885,
        0.7172679148812635,
        0.7758831564431816,
        0.741520867660424,
        0.7554583455096363,
        0.7605120310790738,
        0.7667085900792846,
        0.7397154691719244,
        0.774764956892465
    ],
    "avg_utilization4": [
        0.6551703518845771,
        0.773382029251592,
        0.7813802975458035,
        0.6859333764163619,
        0.7739195668621703,
        0.7447045358875749,
        0.7611171409938329,
        0.7259955587743937,
        0.73707392497967,
        0.7327227305620883,
        0.7554852925435289,
        0.733716374792777,
        0.7572974441429147,
        0.6864199653058978,
        0.7500812104376444,
        0.7524181564428055,
        0.7336265045755205,
        0.6994434658230306,
        0.7604702448552968,
        0.754594504150216,
        0.7398826727261912,
        0.7476028224128807,
        0.7432637177464484,
        0.7332406289820236,
        0.7961307094051978
    ],
    "avg_utilization5": [
        0.6900079214550122,
        0.7459810067585325,
        0.7591509259129694,
        0.6854494291523782,
        0.7823793025858903,
        0.725883260147431,
        0.7560376345864923,
        0.750748279838823,
        0.7471384829852431,
        0.6849032995678426,
        0.7347816330685945,
        0.7122155810611527,
        0.746798633355265,
        0.6766836002772604,
        0.7779745411846561,
        0.7765241651316709,
        0.7105596894932683,
        0.7049881200448798,
        0.7786991385199469,
        0.7662369928673486,
        0.7423765221079767,
        0.7335372845371512,
        0.7574915709730018,
        0.7505096527449313,
        0.7961954151587015
    ],
    "avg_utilization6": [
        0.673031540498454,
        0.7318476875130538,
        0.7892453287624348,
        0.6885039500523201,
        0.7603376149244223,
        0.7677504572443592,
        0.769485608477465,
        0.7808497876696997,
        0.7324561197002398,
        0.6594860279661483,
        0.7539659585413907,
        0.6924785841819704,
        0.7569171457958632,
        0.6795148836610427,
        0.7991886094591497,
        0.7601371013679562,
        0.7169304326430792,
        0.7198775311247865,
        0.7537153458585939,
        0.7566204255306085,
        0.7660173222968332,
        0.7249451674561271,
        0.7443436186856028,
        0.7619922299109508,
        0.7795122241403422
    ],
    "global": {
        "avg_wait": [
            4.79073563815673,
            5.164576018635581,
            5.333528411295434,
            4.91019980078213,
            5.29424519060255,
            5.1625198965241035,
            5.277565866347759,
            5.53514392022549,
            4.821682422129756,
            4.617183852725362,
            4.764811084062136,
            4.90140826051899,
            4.885288701355801,
            4.695018038859715,
            5.120760853315503,
            4.849463146603224,
            5.187998310068069,
            5.016123296236077,
            5.405935597585201,
            5.6419040185944755,
            4.940911835035622,
            5.088274290560126,
            5.16797755989066,
            4.863604002980544,
            5.010036890113981
        ],
        "avg_delay": [
            0.45424364146469937,
            0.7052219346884816,
            0.8791908135360827,
            0.5398441867183923,
            0.8092642911157373,
            0.7039685347243256,
            0.8142945716946823,
            0.9125900308610507,
            0.5112901238941576,
            0.3485519859913456,
            0.5589239029769743,
            0.6010266621147693,
            0.5309935685485925,
            0.4366165481498265,
            0.7755427749217578,
            0.464670789472897,
            0.7556658865170647,
            0.6396937349934851,
            0.7460856502262104,
            1.0348866533689944,
            0.45580190451593444,
            0.6984564621181162,
            0.7905184244126431,
            0.6238328236896523,
            0.5907851146182983
        ],
        "avg_number": [
            4.482928352373532,
            5.2118003554568375,
            5.528265766149589,
            4.695367900169439,
            5.456552663998826,
            5.2072555639715565,
            5.393404374637877,
            5.439564325356667,
            4.912769826490676,
            4.504980675120889,
            5.06820899332459,
            4.881054881762691,
            5.016776373906713,
            4.526283148190503,
            5.464687482702154,
            4.988083794708968,
            5.1251333485613575,
            4.9083781925481444,
            5.325735025766609,
            5.582445442128059,
            4.928242426986162,
            5.176398446927016,
            5.380954627159965,
            5.101870192506145,
            5.303849025217325
        ]
    },
    "q1": {
        "avg_wait": [
            1.479936168755116,
            1.5521800064058788,
            1.5114685039689806,
            1.4541909949280187,
            1.5233743689604062,
            1.4915729719209996,
            1.6192160486176346,
            1.5505093006605473,
            1.4357166859395016,
            1.373936020239516,
            1.4807911888208396,
            1.4403787172491407,
            1.5110863505404608,
            1.4579213309578385,
            1.615465521146221,
            1.3987814979520934,
            1.565189638297496,
            1.4832945939436748,
            1.5844552790743025,
            1.6785099067875937,
            1.4710670993757209,
            1.5463246409477256,
            1.5422638966999596,
            1.466302062993092,
            1.4719515889535484
        ],