{
    "interarrival": 1,
    "servers": 6,
    "seed": 1668695955,
    "GLOBAL AVG WAIT": {
        "mean": 5.071570624997144,
        "half_confidence_interval": 0.11523698305344893,
        "stdev": 0.26062798625149336,
        "confidence": 95
    },
    "GLOBAL AVG DELAY": {
        "mean": 0.6668231417065731,
        "half_confidence_interval": 0.07405305614538572,
        "stdev": 0.16748354900951234,
        "confidence": 95
    },
    "GLOBAL AVG NUMBER": {
        "mean": 5.122791905588324,
        "half_confidence_interval": 0.13176780141817657,
        "stdev": 0.2980152363107027,
        "confidence": 95
    },
    "QUEUE1 AVG WAIT": {
        "mean": 1.5110433315838108,
        "half_confidence_interval": 0.03172095060178912,
        "stdev": 0.07174231100351566,
        "confidence": 95
    },
    "QUEUE1 AVG DELAY": {
        "mean": 0.2873306151163814,
        "half_confidence_interval": 0.029402552338967814,
        "stdev": 0.06649886003354517,
        "confidence": 95
    },
    "QUEUE1 AVG NUMBER": {
        "mean": 0.058807819532566225,
        "half_confidence_interval": 0.006482553886170668,
        "stdev": 0.014661395329447473,
        "confidence": 95
    },
    "QUEUE2 AVG WAIT": {
        "mean": 3.109516103255565,
        "half_confidence_interval": 0.039392550602615074,
        "stdev": 0.08909293583386937,
        "confidence": 95
    },
    "QUEUE2 AVG DELAY": {
        "mean": 0.45852747271508654,
        "half_confidence_interval": 0.036427950602121756,
        "stdev": 0.08238799001095264,
        "confidence": 95
    },
    "QUEUE2 AVG NUMBER": {
        "mean": 0.20669951671401812,
        "half_confidence_interval": 0.015572841981161214,
        "stdev": 0.03522062395437981,
        "confidence": 95
    },
    "QUEUE3 AVG WAIT": {
        "mean": 9.625386976181897,
        "half_confidence_interval": 0.20307213031601667,
        "stdev": 0.4592820723492572,
        "confidence": 95
    },
    "QUEUE3 AVG DELAY": {
        "mean": 1.1463248580073957,
        "half_confidence_interval": 0.1526109998107077,
        "stdev": 0.3451556653652029,
        "confidence": 95
    },
    "QUEUE3 AVG NUMBER": {
        "mean": 0.4089420027623987,
        "half_confidence_interval": 0.05918026274658593,
        "stdev": 0.1338462036820508,
        "confidence": 95
    },
    "UTILIZATION1": {
        "mean": 0.7416607461687099,
        "half_confidence_interval": 0.013561765408399469,
        "stdev": 0.030672233121262094,
        "confidence": 95
    },
    "UTILIZATION2": {
        "mean": 0.7445665661147167,
        "half_confidence_interval": 0.012353332989711798,
        "stdev": 0.027939158205047835,
        "confidence": 95
    },
    "UTILIZATION3": {
        "mean": 0.7388190930868906,
        "half_confidence_interval": 0.01395966019466231,
        "stdev": 0.03157213968021421,
        "confidence": 95
    },
    "UTILIZATION4": {
        "mean": 0.7419031376613331,
        "half_confidence_interval": 0.010783105738028084,
        "stdev": 0.024387822898276325,
        "confidence": 95
    },
    "UTILIZATION5": {
        "mean": 0.7394369020392482,
        "half_confidence_interval": 0.013423301942971146,
        "stdev": 0.030359074504924064,
        "confidence": 95
    },
    "UTILIZATION6": {
        "mean": 0.7420263886445262,
        "half_confidence_interval": 0.015543659639792502,
        "stdev": 0.03515462313881261,
        "confidence": 95
    }
}