{
    "seed": 1545454903,
    "arrival_stream": 0,
    "service_stream": 1,
    "observation_period": 840.0,
    "interarrivals": 5,
    "batch_size": 0,
    "k": 0,
    "servers": 3,
    "acquisition_time": [
        73.58832252154025,
        136.18686789437345,
        221.1773579037317,
        271.82313992519613,
        314.372380454444,
        382.91530113235194,
        455.98564241747835,
        499.52698728054327,
        535.9833585347261,
        563.1234350309795,
        590.4227022136087,
        627.1955634088579,
        651.7038476564429,
        669.7097582934001,
        697.8938260966568,
        746.5177928201249,
        815.1965608031483
    ],
    "avg_utilization1": [
        0.390000575674926,
        0.4207139316055927,
        0.3795727168310772,
        0.37702498394354106,
        0.42852284832535276,
        0.3788445445803196,
        0.3858541471496732,
        0.37641842141195897,
        0.37852355748548655,
        0.40050146295758837,
        0.41787185217161726,
        0.42227066156862336,
        0.442108813500091,
        0.4559985814671717,
        0.47570382045773485,
        0.4768807146179607,
        0.4610088752226433
    ],
    "avg_utilization2": [
        0.2919183802654927,
        0.41726962247687854,
        0.3650420148816686,
        0.3833268356253942,
        0.3975909608504931,
        0.377823764691482,
        0.3563016830375446,
        0.3663916342751541,
        0.3643256081165189,
        0.3894270406599643,
        0.3961107551859349,
        0.4066866779937863,
        0.4231840164254864,
        0.434418202888971,
        0.4542689151276042,
        0.4562994784371357,
        0.4470009005978135
    ],
    "avg_utilization3": [
        0.2953831520336635,
        0.37828163722306374,
        0.3040552306364961,
        0.37472372574385093,
        0.36860005759766695,
        0.3719537168729736,
        0.37673719048956356,
        0.3791190997164224,
        0.38721112251697365,
        0.4015221328371266,
        0.4104441844222252,
        0.43938167928134736,
        0.43974552533930233,
        0.4539070409414321,
        0.47556314358642837,
        0.4632363287169634,
        0.4545213310251852
    ],
    "avg_utilization4": [],
    "avg_utilization5": [],
    "avg_utilization6": [],
    "avg_utilization7": [],
    "avg_utilization8": [],
    "avg_utilization9": [],
    "global": {
        "avg_wait": [
            4.772433601606705,
            5.530515300484871,
            5.213510511548363,
            5.097222784362026,
            5.045959344844962,
            4.821406933015457,
            4.871561259439798,
            4.761522451076966,
            4.62642524215681,
            4.6706797769427615,
            4.731517164296097,
            4.711704053531994,
            4.702523152350422,
            4.8198987908925135,
            4.9590764843673805,
            4.901798894824766,
            4.85384283639873
        ],
        "avg_delay": [
            0.12448794769007175,
            0.057797975713247594,
            0.03678052999933938,
            0.21153694273244067,
            0.4145422859451609,
            0.34001783004490727,
            0.3382174786724023,
            0.3282850036263967,
            0.38732143832226684,
            0.6569721585633437,
            0.9711947175950995,
            1.898530201471789,
            2.165628064597906,
            2.3367464812367054,
            2.275920818599153,
            2.2362461964278864,
            2.3193168586519723,
            2.2569014846222046,
            2.171294665148871,
            2.085647146880905,
            0.0,
            0.005171999252756768,
            0.0034088176893169605,
            0.006160960049889752,
            0.008593341646763475,
            0.007145025638881991,
            0.045651825183184946,
            0.07115538032757365,
            0.1143287800334733,
            0.21704804062580055,
            0.3503487803071384,
            0.32589063129618184,
            0.34262172971344523,
            0.4729147788546101,
            0.581761530853668,
            0.5450958881528065,
            0.5127779501200314
        ],
        "avg_number": [
            0.9079439255180267,
            1.177682886711631,
            1.0371516536876835,
            1.0876149895640062,
            1.1877665301854885,
            1.1206269787846856,
            1.100409230128571,
            1.1247833721374731,
            1.156642221399952,
            1.2275472196419954,
            1.314259787158087,
            1.3371958771047172,
            1.3926371183281425,
            1.4825812803654388,
            1.5845878193236298,
            1.5627599880253569,
            1.5064124367735385
        ]
    },
    "q1": {
        "avg_wait": [
            0.0,
            1.2173257867506324,
            1.2175279715796243,
            1.2465668271940198,
            1.2055922969847326,
            1.2280698013257914,
            1.3724516130192137,
            1.391408000818332,
            1.4250933830958925,
            1.5918000254983447,
            1.692513842488452,
            1.7031506179431282,
            1.6959227069126492,
            1.7339466245646404,
            1.7523950713732757,
            1.7745864909577196,
            1.6884745956419456
        ],
        "avg_delay": [
            0.0,
            0.0,
            0.0,
            0.0,
            0.0,
            0.0,
            0.04026984083417609,
            0.13602207605876665,
            0.12306759262459839,
            0.328329737948327,
            0.43073593256990655,
            0.4020202037319128,
            0.44254925581430243,
            0.482616506944038,
            0.5001173313865334,
            0.48761439810187,
            0.44328581645624543
        ],
        "avg_number": [
            0.0,
            0.0,
            0.0,
            0.0,
            0.0,
            0.0,
            0.0011480798563499302,
            0.005173733373618731,
            0.0048218277749926125,
            0.014576277487468814,
            0.0204270704136881,
            0.01922941872612591,
            0.02376727406045023,
            0.026663506893543472,
            0.027947769696093368,
            0.02612740930178267,
            0.023926224498369442
        ]
    },
    "q2": {
        "avg_wait": [
            2.819596358067521,
            2.7289290075542096,
            2.9326887000017376,
            2.7911698180599136,
            2.779250481885232,
            2.932527366414512,
            2.8173718115056534,
            2.9141468486428694,
            2.8190241445649393,
            2.9652585393371944,
            3.063019613700232,
            2.994821837619769,
            3.110435975201069,
            3.1783152503000336,
            3.253217408218232,
            3.1708368865754517,
            3.1717201752294293
        ],
        "avg_delay": [
            0.0,
            0.01071342702356759,
            0.006817635378633921,
            0.011166740090425176,
            0.01718668329352695,
            0.014131272930233271,
            0.012228986189624945,
            0.03009255151555223,
            0.05445268054967891,
            0.1930108442004358,
            0.3375653698113565,
            0.31040493775756917,
            0.34079648610042884,
            0.4305289639242072,
            0.5303831239936756,
            0.485813113574039,
            0.4552107127189814
        ],