{
    "seed": 51988104,
    "arrival_stream": 0,
    "service_stream": 1,
    "observation_period": 40000.0,
    "interarrivals": 5.0,
    "batch_size": 0,
    "k": 0,
    "servers": 2,
    "acquisition_time": [
        35.37842091719082,
        67.38825286911862,
        70.81491874660996,
        88.3759890339269,
        122.94781963103466,
        148.90805237622607,
        157.88191064022047,
        184.23631687846148,
        219.20447903147715,
        240.15921684623464,
        255.35538955713008,
        320.19147012594226,
        374.50731245774125,
        473.31036590241706,
        559.4432511017762,
        698.3184535389712,
        850.4569619529209,
        1045.3238097688593,
        1265.4803647485578,
        1465.0344144416702,
        1854.9465228736078,
        2187.6230039186894,
        2618.508504278419,
        3171.176668730978,
        3760.8201221479667,
        4573.915315086639,
        5440.323964046459,
        6475.371929436375,
        7845.856643511023,
        9394.606898933873,
        11342.149875951985,
        13558.187144343998,
        16343.270258932731,
        19801.46715939308,
        23675.37581220407,
        28331.178262121466,
        33963.114927459734
    ],
    "avg_utilization1": [
        0.6303855426409981,
        0.35689051597108,
        0.3564536605445347,
        0.4113468527564237,
        0.3342438473210985,
        0.33713489194317414,
        0.334181883561884,
        0.35685528777253606,
        0.374071108573773,
        0.4366952256086384,
        0.4480155683036931,
        0.45435149045942985,
        0.4632822722141136,
        0.43669615334988326,
        0.4756153244932302,
        0.436757719808243,
        0.4470798330108124,
        0.45221320897026246,
        0.43760168597857774,
        0.45597752427150695,
        0.4166081438120571,
        0.4255164525645186,
        0.4304331019359762,
        0.42948500098991765,
        0.42664594598515304,
        0.41760479464087547,
        0.42040775675938213,
        0.4322339835796971,
        0.43233998080519587,
        0.43348952679318675,
        0.432998741112511,
        0.4414995267700138,
        0.4436249452181091,
        0.43663894048807916,
        0.4375591375723675,
        0.43774821599438013,
        0.43603798447417585
    ],
    "avg_utilization2": [
        0.6579859281183016,
        0.3862120918349517,
        0.3903624980735524,
        0.3127941071436288,
        0.2405760209902157,
        0.3061920377352603,
        0.32776905618751173,
        0.29712384953482923,
        0.34135492538305534,
        0.4207262882293213,
        0.4269060424916775,
        0.435361997552838,
        0.4719760778883537,
        0.4216538643631527,
        0.41997087577922204,
        0.3948148292968788,
        0.3887342966979254,
        0.4002891339092047,
        0.4063241405729116,
        0.42205147620366656,
        0.39307674431617434,
        0.405241049413045,
        0.4122775678591399,
        0.41827705606446075,
        0.43152675719320677,
        0.43465732500012144,
        0.4419066179864131,
        0.45071542380183416,
        0.44142239392190574,
        0.43802693431159007,
        0.4372446491617001,
        0.44267915489769116,
        0.4430980428828894,
        0.440273950373662,
        0.44380873084041395,
        0.4426588411725661,
        0.44085111155986473
    ],
    "avg_utilization3": [],
    "avg_utilization4": [],
    "avg_utilization5": [],
    "avg_utilization6": [],
    "global": {
        "avg_wait": [
            4.82564772615023,
            4.396026292817827,
            3.9686896187481997,
            3.921917800142583,
            3.6674389280377064,
            4.2805094178825565,
            3.8540792840260707,
            3.8102597957633964,
            4.016842184354813,
            5.565767237869913,
            5.906680950409403,
            5.964540087787705,
            5.9397619936150035,
            5.5021103076122255,
            5.545964300698485,
            5.238225827668554,
            5.287905658350614,
            5.418016035946953,
            5.300253522962033,
            5.338366090416281,
            5.092485266324198,
            5.248083500729885,
            5.435891054830706,
            5.486131982954151,
            5.491544051734497,
            5.510167595938383,
            5.485895315094336,
            5.529617686062333,
            5.57018029202022,
            5.520535039481278,
            5.52775256404854,
            5.568909213830829,
            5.650083956789942,
            5.565896734981722,
            5.5980292417609645,
            5.5605756077908195,
            5.547508815890337
        ],
        "avg_delay": [
            0.2675929071279579,
            0.22299408927329828,
            0.19113779080568427,
            0.15740759242821056,
            0.13379645356397898,
            0.3856053133003911,
            0.35193492316527775,
            0.3001797874056781,
            0.35844200460092607,
            1.7276895778814274,
            2.138948265304062,
            2.034073031056884,
            1.8669586081436509,
            1.5588198087413008,
            1.5562330794548127,
            1.3196388755706767,
            1.2913396051618582,
            1.247595324729224,
            1.1571072260249102,
            1.1600516596985333,
            1.0234765852235141,
            1.1458550781813615,
            1.2801946440095844,
            1.2590828383531742,
            1.2616185335283538,
            1.2547461932224104,
            1.221017684101221,
            1.1964989370347734,
            1.240628707308563,
            1.2090265834363334,
            1.200119258000106,
            1.1874970250526986,
            1.23395292669379,
            1.1565108004852442,
            1.1824398338856033,
            1.1627301664486491,
            1.1717662628075747
        ],
        "avg_number": [
            1.3640087943567278,
            0.7828117404419047,
            0.7846038044791886,
            0.7544198750276931,
            0.596584622491665,
            0.6899037653761099,
            0.7079234016330876,
            0.7031666462449817,
            0.7513100566476026,
            1.1587661116986143,
            1.3647418081856737,
            1.3225909674182044,
            1.3639774564042197,
            1.1973482993628328,
            1.2193437093797623,
            1.1101774821588344,
            1.1005369388461437,
            1.1039999327212113,
            1.0722133188908705,
            1.1186620420670328,
            1.0102903533327348,
            1.0603531335917635,
            1.100253161046806,
            1.1002792671765964,
            1.1141314860547769,
            1.1034995556720213,
            1.1082058699321218,
            1.126354718678076,
            1.1238537489160816,
            1.1159057694223102,
            1.1107019596149754,
            1.123377818706474,
            1.1342849483930877,
            1.106912996189815,
            1.117223581882315,
            1.1128539520831446,
            1.1113600758922204
        ]
    },