{
    "interarrival": 1.0,
    "servers": 4,
    "seed": 1866970671,
    "GLOBAL AVG WAIT": {
        "mean": 7948.616953169972,
        "half_confidence_interval": 1144.829087542481,
        "stdev": 4471.542082746005,
        "confidence": 95
    },
    "GLOBAL AVG DELAY": {
        "mean": 7944.174350238982,
        "half_confidence_interval": 1144.826442161593,
        "stdev": 4471.531750258741,
        "confidence": 95
    },
    "GLOBAL AVG NUMBER": {
        "mean": 7149.487176431074,
        "half_confidence_interval": 1029.5689997683128,
        "stdev": 4021.3523220634374,
        "confidence": 95
    },
    "QUEUE1 AVG WAIT": {
        "mean": 8014.827959888417,
        "half_confidence_interval": 1156.0511008226194,
        "stdev": 4515.373694976431,
        "confidence": 95
    },
    "QUEUE1 AVG DELAY": {
        "mean": 8010.35005604251,
        "half_confidence_interval": 1156.046227771514,
        "stdev": 4515.354661521283,
        "confidence": 95
    },
    "QUEUE1 AVG NUMBER": {
        "mean": 1786.3196599826783,
        "half_confidence_interval": 257.39240258348696,
        "stdev": 1005.3386767118245,
        "confidence": 95
    },
    "QUEUE2 AVG WAIT": {
        "mean": 7942.418662515806,
        "half_confidence_interval": 1141.0750690243094,
        "stdev": 4456.879412163931,
        "confidence": 95
    },
    "QUEUE2 AVG DELAY": {
        "mean": 7937.981085837813,
        "half_confidence_interval": 1141.0701632912019,
        "stdev": 4456.86025105746,
        "confidence": 95
    },
    "QUEUE2 AVG NUMBER": {
        "mean": 1786.4313275967195,
        "half_confidence_interval": 257.3919219219621,
        "stdev": 1005.336799315225,
        "confidence": 95
    },
    "QUEUE3 AVG WAIT": {
        "mean": 7892.313587477164,
        "half_confidence_interval": 1140.6634094360315,
        "stdev": 4455.271527465001,
        "confidence": 95
    },
    "QUEUE3 AVG DELAY": {
        "mean": 7887.891780127725,
        "half_confidence_interval": 1140.6642783365912,
        "stdev": 4455.274921268897,
        "confidence": 95
    },
    "QUEUE3 AVG NUMBER": {
        "mean": 1786.4228828178657,
        "half_confidence_interval": 257.391598408414,
        "stdev": 1005.3355357166142,
        "confidence": 95
    },
    "QUEUE4 AVG WAIT": {
        "mean": 7969.623627892031,
        "half_confidence_interval": 1150.9597168864225,
        "stdev": 4495.487462369438,
        "confidence": 95
    },
    "QUEUE4 AVG DELAY": {
        "mean": 7965.175367655019,
        "half_confidence_interval": 1150.9526415041732,
        "stdev": 4495.4598269172775,
        "confidence": 95
    },
    "QUEUE4 AVG NUMBER": {
        "mean": 1786.313306033809,
        "half_confidence_interval": 257.3930772281643,
        "stdev": 1005.3413117794504,
        "confidence": 95
    },
    "QUEUE5 AVG WAIT": {
        "mean": 0.0,
        "half_confidence_interval": 0.0,
        "stdev": 0.0,
        "confidence": 95
    },
    "QUEUE5 AVG DELAY": {
        "mean": 0.0,
        "half_confidence_interval": 0.0,
        "stdev": 0.0,
        "confidence": 95
    },
    "QUEUE5 AVG NUMBER": {
        "mean": 0.0,
        "half_confidence_interval": 0.0,
        "stdev": 0.0,
        "confidence": 95
    },
    "QUEUE6 AVG WAIT": {
        "mean": 0.0,
        "half_confidence_interval": 0.0,
        "stdev": 0.0,
        "confidence": 95
    },
    "QUEUE6 AVG DELAY": {
        "mean": 0.0,
        "half_confidence_interval": 0.0,
        "stdev": 0.0,
        "confidence": 95
    },
    "QUEUE6 AVG NUMBER": {
        "mean": 0.0,
        "half_confidence_interval": 0.0,
        "stdev": 0.0,
        "confidence": 95
    },
    "UTILIZATION1": {
        "mean": 1.0000051402983503,
        "half_confidence_interval": 0.0005471104668201554,
        "stdev": 0.0021369368606354157,
        "confidence": 95
    },
    "UTILIZATION2": {
        "mean": 0.999978627139312,
        "half_confidence_interval": 0.0005021494664341922,
        "stdev": 0.0019613254899112824,
        "confidence": 95
    },
    "UTILIZATION3": {
        "mean": 1.000007879913081,
        "half_confidence_interval": 0.0004273960793375274,
        "stdev": 0.0016693492291158163,
        "confidence": 95
    },
    "UTILIZATION4": {
        "mean": 0.9999981198196431,
        "half_confidence_interval": 0.0005160702767580431,
        "stdev": 0.002015698225428203,
        "confidence": 95
    },
    "UTILIZATION5": {
        "mean": 0.0,
        "half_confidence_interval": 0.0,
        "stdev": 0.0,
        "confidence": 95
    },
    "UTILIZATION6": {
        "mean": 0.0,
        "half_confidence_interval": 0.0,
        "stdev": 0.0,
        "confidence": 95
    }
}