{
    "seed": 649720997,
    "arrival_stream": 0,
    "service_stream": 1,
    "observation_period": 20000.0,
    "interarrivals": 2,
    "batch_size": 512,
    "k": 76,
    "servers": 3,
    "acquisition_time": [],
    "avg_utilization1": [
        0.7564472613390447,
        0.6886450835292457,
        0.7550617308250813,
        0.7198256540266016,
        0.6521369822104803,
        0.7249265479953861,
        0.6945890650455114,
        0.7122885237482633,
        0.774414472300805,
        0.7321383473151258,
        0.6931934567654873,
        0.7351954525861641,
        0.6715129953933768,
        0.6798340160085783,
        0.7279957612573419,
        0.8400613517597154,
        0.7580366204016191,
        0.7911650825757424,
        0.7551821723546785
    ],
    "avg_utilization2": [
        0.7444678942411421,
        0.7131775951250591,
        0.7781176503468188,
        0.7301978394226872,
        0.6667562943515244,
        0.6955240652561345,
        0.6913155652507849,
        0.7353992303488424,
        0.7504720897803698,
        0.7294734471459675,
        0.6802942128914826,
        0.6871589766624991,
        0.6826223891911251,
        0.6629316381556899,
        0.6804817114575388,
        0.8261176345640598,
        0.7675236621017817,
        0.7974647158654573,
        0.7502305193185556
    ],
    "avg_utilization3": [
        0.7558241501823012,
        0.7002388880008819,
        0.7643920575683308,
        0.7128847374814071,
        0.6655423838843442,
        0.7267522326107685,
        0.6993983491430541,
        0.7458841254131168,
        0.7545073687710349,
        0.7458596941705549,
        0.6486650384479222,
        0.6900745111343485,
        0.6860991911575939,
        0.6619110070124351,
        0.753866360562929,
        0.7984104800439157,
        0.7205390584572267,
        0.8145495403992586,
        0.7424790465252369
    ],
    "avg_utilization4": [],
    "avg_utilization5": [],
    "avg_utilization6": [],
    "avg_utilization7": [],
    "avg_utilization8": [],
    "avg_utilization9": [],
    "global": {
        "avg_wait": [
            6.533761412350944,
            5.343715312849743,
            7.3771483707753935,
            6.54477604660663,
            4.997614651574823,
            5.537456542538063,
            5.850881044850203,
            6.178788974729846,
            5.983154659703189,
            6.064143353361896,
            5.389030499889511,
            6.2093150078189865,
            5.78453853029411,
            5.391672732341998,
            6.101209954963345,
            7.705850823611726,
            6.4319302168270625,
            7.5134431740474525,
            6.0070457919895475
        ],
        "avg_delay": [
            1.9750882476378686,
            0.9889114796596399,
            2.7491624573370714,
            2.2043109359640303,
            0.7558144989482916,
            1.342789701671558,
            1.484386043646543,
            1.754104389063695,
            1.7324950348152477,
            1.6567591682943963,
            1.0956045250339557,
            1.8534156119588765,
            1.5484306209595857,
            1.0616459475246138,
            1.8438654953201805,
            2.9312338622051968,
            2.0404702329719697,
            2.984371349759435,
            1.6635709268965186
        ],
        "avg_number": [
            3.230830685043354,
            1.3046599631390063,
            1.2068473733093046,
            0.8067452169323531,
            0.4875563351407577,
            0.45338295737584033,
            0.40884053138455184,
            0.3784089816461824,
            0.3288820900431399,
            0.3004064180888698,
            0.24161682393701217,
            0.25477815423937256,
            0.21867572223007273,
            0.1885124974907024,
            0.19955288708095753,
            0.2369202505393128,
            0.18664587143463296,
            0.206726874639678,
            0.15689636043692679
        ]
    },
    "q1": {
        "avg_wait": [
            2.019605812677285,
            1.8455978325238014,
            2.264395399346567,
            2.1334265898535723,
            1.704036222226425,
            2.000124676398076,
            1.7205357812972484,
            2.163172562201864,
            2.0023415871366033,
            1.940068875029557,
            1.5939614288882606,
            1.8959518819940429,
            1.8583425562738816,
            1.8468400957128113,
            1.8979736237598117,
            2.3204579418736784,
            2.07002446569595,
            2.154660948716406,
            1.8507572827776606
        ],
        "avg_delay": [
            0.7903869028575742,
            0.6090868280315243,
            1.0525270673228035,
            0.8991258255162652,
            0.4493085035446793,
            0.7719558354135818,
            0.5262122653237846,
            0.9197629755283001,
            0.7784161731489131,
            0.690830100663556,
            0.3575185165859154,
            0.6549977328332778,
            0.6241423259283799,
            0.6055595662686095,
            0.6911666601974934,
            1.107571787392912,
            0.8734851361424466,
            0.9313075392620955,
            0.6317945277798241
        ],
        "avg_number": [
            0.07557112649781647,
            0.03311068153548763,
            0.03531152246235788,
            0.022079655443837408,
            0.009502977337982187,
            0.012838393798646,
            0.008187070546801964,
            0.01309215073255812,
            0.0092763016571768,
            0.0060156636866761,
            0.003694257091586024,
            0.005406616365765181,
            0.005483937377528344,
            0.004672851457577221,
            0.004282788219761676,
            0.006451418924869276,
            0.0048516414501685815,
            0.004704450942978156,
            0.0035452797562793284
        ]
    },
    "q2": {
        "avg_wait": [
            3.9280184819618365,
            3.4614756413435326,
            4.18878885917649,
            3.7478825503270903,
            3.1540974465623295,
            3.5996079139146824,
            3.6395033657724265,
            3.808169643264793,
            3.9145798518831656,
            3.835127626447288,
            3.7348198366022123,
            3.8635043776894338,
            3.4703479365125216,
            3.50513795620381,
            3.384746546603192,
            3.9685779282337545,
            3.7444567864633163,
            4.458296071000788,
            3.8083756638704207
        ],
        "avg_delay": [
            1.2412310517358032,
            0.8291776477607254,
            1.4704534793277686,
            1.2342049897724772,
            0.4846164767705979,
            0.9393682264507837,
            0.9435862719214358,
            1.2450983884452065,
            1.3062749631821693,
            1.09701247893398,
            1.0738488911366009,
            1.2324942379498012,
            0.7414898297199742,
            0.9492894124268205,
            0.7522541137165721,
            1.3395465510533082,
            1.0487456743122574,
            1.7528782031732162,
            1.1367463711407304
        ],
        "avg_number": [
            0.25893296787258563,
            0.08975476302776485,
            0.10195414654836053,
            0.06596474993507513,
            0.021792259189388364,
            0.03695352503847233,
            0.027558660313340092,
            0.030531324428425547,
            0.03281636654943142,
            0.02642899822219873,
            0.019935429768674667,
            0.022026134854071552,
            0.011989779710430614,
            0.014196765702528749,
            0.01186953236201431,
            0.016570539786791048,
            0.014206110436125045,
            0.021382849029059247,
            0.012873555705719967
        ]
    },