{
    "GLOBAL AVG WAIT": {
        "mean": 6.141451170399058,
        "half_confidence_interval": 0.40222445627973746,
        "stdev": 0.7589479707973373,
        "confidence": 95
    },
    "GLOBAL AVG DELAY": {
        "mean": 1.7663394914784876,
        "half_confidence_interval": 0.33956442504377127,
        "stdev": 0.640716215333019,
        "confidence": 95
    },
    "GLOBAL AVG NUMBER": {
        "mean": 0.4358328793324557,
        "half_confidence_interval": 0.17775906875753616,
        "stdev": 0.3354094521555642,
        "confidence": 95
    },
    "QUEUE1 AVG WAIT": {
        "mean": 1.9654066158193269,
        "half_confidence_interval": 0.10349237981494831,
        "stdev": 0.1952773642359428,
        "confidence": 95
    },
    "QUEUE1 AVG DELAY": {
        "mean": 0.7378220493590905,
        "half_confidence_interval": 0.10633866434942776,
        "stdev": 0.20064795231936025,
        "confidence": 95
    },
    "QUEUE1 AVG NUMBER": {
        "mean": 0.011115434060691681,
        "half_confidence_interval": 0.005054926579801891,
        "stdev": 0.009538023385634283,
        "confidence": 95
    },
    "QUEUE2 AVG WAIT": {
        "mean": 3.7340659022353426,
        "half_confidence_interval": 0.1591638082275004,
        "stdev": 0.3003224875879415,
        "confidence": 95
    },
    "QUEUE2 AVG DELAY": {
        "mean": 1.0847258727090408,
        "half_confidence_interval": 0.15710444832590978,
        "stdev": 0.29643672929042364,
        "confidence": 95
    },
    "QUEUE2 AVG NUMBER": {
        "mean": 0.033290113817773664,
        "half_confidence_interval": 0.01382718615116023,
        "stdev": 0.026090195927722746,
        "confidence": 95
    },
    "QUEUE3 AVG WAIT": {
        "mean": 11.606334846659907,
        "half_confidence_interval": 0.7056113925646273,
        "stdev": 1.331401724081055,
        "confidence": 95
    },
    "QUEUE3 AVG DELAY": {
        "mean": 3.1949168692973235,
        "half_confidence_interval": 0.6925099821655594,
        "stdev": 1.306680977538382,
        "confidence": 95
    },
    "QUEUE3 AVG NUMBER": {
        "mean": 0.07604221182388021,
        "half_confidence_interval": 0.036980095674269284,
        "stdev": 0.06977688236927806,
        "confidence": 95
    },
    "UTILIZATION1": {
        "mean": 0.7265306555143839,
        "half_confidence_interval": 0.024332193154615888,
        "stdev": 0.04591184929566124,
        "confidence": 95
    },
    "UTILIZATION2": {
        "mean": 0.7220605128186955,
        "half_confidence_interval": 0.02484450068701791,
        "stdev": 0.04687851046225698,
        "confidence": 95
    },
    "UTILIZATION3": {
        "mean": 0.7229161778975954,
        "half_confidence_interval": 0.02403875729638431,
        "stdev": 0.04535817200009385,
        "confidence": 95
    },
    "UTILIZATION4": {
        "mean": 0.0,
        "half_confidence_interval": 0.0,
        "stdev": 0.0,
        "confidence": 95
    },
    "UTILIZATION5": {
        "mean": 0.0,
        "half_confidence_interval": 0.0,
        "stdev": 0.0,
        "confidence": 95
    },
    "UTILIZATION6": {
        "mean": 0.0,
        "half_confidence_interval": 0.0,
        "stdev": 0.0,
        "confidence": 95
    }
}