{
    "seed": 837217907,
    "arrival_stream": 0,
    "service_stream": 1,
    "observation_period": 84000.0,
    "interarrivals": 1,
    "batch_size": 1000,
    "k": 25,
    "servers": 6,
    "acquisition_time": [],
    "avg_utilization1": [
        0.8016306704200726,
        0.7417318726844575,
        0.7511394579705064,
        0.7570150878248267,
        0.7663255911627109,
        0.6877195619237985,
        0.7294114901622847,
        0.7393414543236907,
        0.7949131444357775,
        0.7813199886638926,
        0.7136565187233549,
        0.7595922390180135,
        0.7212086312100998,
        0.7453317413797892,
        0.7376480822639834,
        0.7196298912634498,
        0.7337948120209881,
        0.7171013660812724,
        0.7300145188325768,
        0.7915085717407723,
        0.7362755652534678,
        0.7834906640631688,
        0.7606991488130224,
        0.7798780017095295,
        0.7429705314351214
    ],
    "avg_utilization2": [
        0.7954456521399892,
        0.7208103928687114,
        0.7605681222198881,
        0.7832114654968255,
        0.7585086988809834,
        0.6884079115844349,
        0.7467255534334916,
        0.6941243438753119,
        0.7796545110101221,
        0.7410335465814943,
        0.700111093025705,
        0.7530124193931278,
        0.7130292306404299,
        0.7482441916504747,
        0.7490293565314491,
        0.7212965583346753,
        0.7432050351924683,
        0.6986727032006648,
        0.7335227756115635,
        0.7895363727946992,
        0.7383100574406222,
        0.725470320783675,
        0.737475560152731,
        0.7717017166338714,
        0.7287351634344351
    ],
    "avg_utilization3": [
        0.7691055951959751,
        0.7478096822104843,
        0.7616497385689168,
        0.7532376359003348,
        0.7947601892011726,
        0.6573990056687433,
        0.7302410151981726,
        0.7480921666656598,
        0.8182863953928947,
        0.769889354924988,
        0.7232625184360819,
        0.7571070957042328,
        0.740095233763925,
        0.7499357063818924,
        0.7216225744285067,
        0.7092576367485581,
        0.7530610208927353,
        0.6900824736547062,
        0.720635805350404,
        0.8010481800165034,
        0.7469447631251935,
        0.7772342022399716,
        0.759860185224785,
        0.7807486945718106,
        0.7463456567691829
    ],
    "avg_utilization4": [
        0.7861042240148682,
        0.7360945229696051,
        0.7586629418572868,
        0.7592985032464895,
        0.7649313000014628,
        0.6973187784751709,
        0.7276178034156249,
        0.752559913091715,
        0.8053981651728084,
        0.781523924845173,
        0.7245380890353801,
        0.7568953560085613,
        0.7348823332745549,
        0.7341761043469865,
        0.7517338155404519,
        0.726491882798082,
        0.7357259030308082,
        0.7315564889765345,
        0.698516075072692,
        0.7878787952560679,
        0.7555974805869115,
        0.7241418382635763,
        0.7708789160679906,
        0.7550333284555771,
        0.7160245738343424
    ],
    "avg_utilization5": [
        0.7956678034737052,
        0.7165691556596933,
        0.752389962560479,
        0.7855462264138401,
        0.7605854876541258,
        0.6853123998345528,
        0.7153405833086843,
        0.7289075873047994,
        0.7879100980111491,
        0.762496626537178,
        0.7048700705969035,
        0.7588066683108418,
        0.6845924784197639,
        0.7724397306850199,
        0.779471296152328,
        0.7237569936372085,
        0.7545294478051705,
        0.687732916528922,
        0.7209921818582519,
        0.7710709597015275,
        0.7526827700434019,
        0.7248759837747722,
        0.7654609081401389,
        0.7427510448075324,
        0.7570397905513245
    ],
    "avg_utilization6": [
        0.7789362974686149,
        0.7152894979375239,
        0.7365864427374423,
        0.7551316607244338,
        0.7716177979122687,
        0.6882037035980192,
        0.7337993983001466,
        0.7402228158114275,
        0.8055639980110957,
        0.7511910616202279,
        0.7329153333053601,
        0.7558783384763182,
        0.6979526245509712,
        0.7606527914138843,
        0.7514142453575587,
        0.7368920719025479,
        0.7536720007317805,
        0.7485225978096207,
        0.7091790819472709,
        0.8012860578416546,
        0.7378216049974619,
        0.754924523457281,
        0.7606460358981773,
        0.7694624233548226,
        0.7270840156288358
    ],
    "global": {
        "avg_wait": [
            5.058800349472322,
            5.2724364933202725,
            5.718573067500767,
            5.135297436243596,
            5.465196289485119,
            5.197448069518446,
            4.969367035313026,
            5.332185904728778,
            5.5997350332471525,
            5.281979652615479,
            4.916600066916848,
            5.161965490913082,
            4.9876216604229135,
            5.0861697184285894,
            5.089461278719533,
            4.714223050914419,
            5.038612578770466,
            5.238951518807386,
            4.913645070280967,
            5.913369893796065,
            5.013302014899684,
            5.187579369049771,
            5.41894193288351,
            5.446335389364754,
            5.259432378442427
        ],
        "avg_delay": [
            0.5796367888215339,
            0.6947116303669595,
            1.225327027598068,
            0.555059838604101,
            1.0414695169572505,
            0.8522407904454885,
            0.544607571305477,
            0.8017513358276018,
            1.1447714565612424,
            0.7572794283281364,
            0.49681925780372516,
            0.7226086443651675,
            0.6654011103365519,
            0.7102804236523063,
            0.6500577994424748,
            0.4629973077389714,
            0.548419935527083,
            0.6781548246273923,
            0.5383626141507885,
            1.4109080211914915,
            0.5711014009128521,
            0.7938206727554715,
            0.8799137414261531,
            0.8543452313516318,
            0.746790814294116
        ],
        "avg_number": [
            5.312148858048945,
            5.064948289628973,
            5.740457239685061,
            5.156171278819114,
            5.691457749457617,
            4.928217040504693,
            4.900474553142855,
            5.1980140423426064,
            6.0218462004728535,
            5.349044479931317,
            4.790184025817165,
            5.259936232676286,
            4.961249629072321,
            5.249514919193032,
            5.140964898848275,
            4.823397427598365,
            5.005248370485144,
            4.908573545817991,
            4.8618069548409,
            6.2038456020740504,
            5.046113562964126,
            5.297377208183324,
            5.440256512668858,
            5.462372451701845,
            5.147988158154649
        ]
    },
    "q1": {
        "avg_wait": [
            1.569757097311392,
            1.5997949081766956,
            1.6009525757472627,
            1.5468631850829948,
            1.536844680430459,
            1.4691231227659822,
            1.4503772451859638,
            1.5683882846528938,
            1.5511030073354162,
            1.5258102020579862,
            1.5276097739943877,
            1.4927750591093734,
            1.4634514191976242,
            1.6501237563249234,
            1.539534410731227,
            1.4404532036084479,
            1.5142819993281191,
            1.4389900493466043,
            1.498207340342031,
            1.6180868095382703,
            1.4588596858413505,
            1.5090055993632798,
            1.5228928153322618,
            1.5568593449452324,
            1.484700820253614
        ],