{
    "seed": 1226319573,
    "arrival_stream": 0,
    "service_stream": 1,
    "observation_period": 90000.0,
    "interarrivals": 2,
    "batch_size": 2048,
    "k": 8,
    "servers": 3,
    "acquisition_time": [],
    "avg_utilization1": [
        0.7630005792211918,
        0.712169137241898,
        0.7243022045342746,
        0.7626969702515252,
        0.739190266128153,
        0.7662420782651317,
        0.7452060122152989,
        0.7235006042688137
    ],
    "avg_utilization2": [
        0.7440826821453259,
        0.8171986349995928,
        0.7742809649663873,
        0.7590373889664765,
        0.734499866571343,
        0.7569894886628294,
        0.6731307932783428,
        0.7706426278445601
    ],
    "avg_utilization3": [
        0.6666445296072774,
        0.7660137604917345,
        0.7547126155879179,
        0.6767881871234959,
        0.7325533854910107,
        0.7301144150883915,
        0.7072350672022684,
        0.7729471935719288
    ],
    "avg_utilization4": [],
    "avg_utilization5": [],
    "avg_utilization6": [],
    "avg_utilization7": [],
    "avg_utilization8": [],
    "avg_utilization9": [],
    "global": {
        "avg_wait": [
            13.947388891102985,
            18.28192785795196,
            15.300579525789168,
            14.589170088535948,
            13.682942127709286,
            15.470892674383833,
            13.364193860222647,
            15.454373904201551
        ],
        "avg_delay": [
            9.512040960851117,
            13.668912292469525,
            10.875674988566251,
            10.1228257852881,
            9.323093673306396,
            11.076737832888224,
            9.031942976766883,
            10.965840770410873
        ],
        "avg_number": [
            6.821890197530234,
            4.513229974680479,
            2.5439891396754497,
            1.8131657513977277,
            1.3649173113584254,
            1.292133821742218,
            0.953760929200763,
            0.9664555706675477
        ]
    },
    "c1": {
        "avg_wait": [
            14.828724897683825,
            13.11009650469976,
            12.84557546475235,
            14.966284953585278,
            15.319615426246347,
            15.582410731583746,
            14.452780602290698,
            13.985377081306106
        ],
        "avg_delay": [
            10.303646650724822,
            8.59590009565718,
            8.459404988308838,
            10.414746301905932,
            10.943024949607201,
            11.151186705484614,
            9.914526240603283,
            9.617091113179644
        ],
        "avg_number": [
            1.7323892418506799,
            0.6735040888640937,
            0.4560214976545027,
            0.4405127070329733,
            0.365110952059656,
            0.3137851212242763,
            0.2366624447266484,
            0.19704561597188702
        ]
    },
    "c2": {
        "avg_wait": [
            14.959366300352857,
            24.683747614270533,
            15.122181362517747,
            17.979684925673432,
            14.149054647949088,
            15.822283702489193,
            10.9085912184582,
            14.581826502419588
        ],
        "avg_delay": [
            10.423455940006411,
            19.9623549003965,
            10.724110510401129,
            13.402297003058626,
            9.742463779437562,
            11.471329909438072,
            6.63060492779182,
            9.971190680208332
        ],
        "avg_number": [
            1.7077241216647034,
            1.7132758245925648,
            0.6164132401933434,
            0.5611840202291843,
            0.3203092438862106,
            0.32466495250915695,
            0.15180473920513973,
            0.20643210507135584
        ]
    },
    "c3": {
        "avg_wait": [
            11.949399451318186,
            16.537896827507534,
            17.898846679819677,
            10.652249818393397,
            11.59610032442476,
            14.987740817496697,
            14.593158473994073,
            17.71086032275808
        ],
        "avg_delay": [
            7.7148964602863455,
            11.943732687635729,
            13.407791749974281,
            6.391655225009294,
            7.298780089142748,
            10.586953761778128,
            10.410285133209776,
            13.225331158335734
        ],
        "avg_number": [
            1.212377471577742,
            0.9876423662384586,
            0.7358365770339627,
            0.2563845007902112,
            0.24458826505187756,
            0.286682553690505,
            0.256114480784199,
            0.28228269638367365
        ]
    },
    "c4": {
        "avg_wait": [],
        "avg_delay": [],
        "avg_number": []
    },
    "c5": {
        "avg_wait": [],
        "avg_delay": [],
        "avg_number": []
    },
    "c6": {
        "avg_wait": [],
        "avg_delay": [],
        "avg_number": []
    },
    "mean_conditional_slowdown": {
        "(1.24)": [
            12.247894267018536,
            15.743490208025774,
            13.339177036926749,
            12.765459748819312,
            12.034630748152649,
            13.476526350309543,
            11.777575693727941,
            13.463204761452864
        ],
        "(2.65)": [
            6.263165619284146,
            7.898840701113947,
            6.773803594637422,
            6.505347203221112,
            6.163374387814825,
            6.838072707314654,
            6.043092022725528,
            6.831839209132661
        ],
        "(4.42)": [
            4.155517848665834,
            5.136182773292298,
            4.4616695759704,
            4.300717214600893,
            4.095688264187621,
            4.500201962530279,
            4.023573271543585,
            4.496464684208496
        ],
        "(8.26)": [
            2.6885458705935816,
            3.213308457379172,
            2.8523704026379137,
            2.766243352122996,
            2.656530523935749,
            2.8729894278915054,
            2.617941145305405,
            2.8709895767798486
        ]
    }
}