{
    "seed": 908336418,
    "arrival_stream": 0,
    "service_stream": 1,
    "observation_period": 20000.0,
    "interarrivals": 2,
    "batch_size": 512,
    "k": 133,
    "servers": 3,
    "acquisition_time": [],
    "avg_utilization1": [
        0.9060248896063018,
        0.8505236286786748,
        0.8130820220629286,
        0.8927669259271557,
        0.8345531948303503,
        0.8357373119607087,
        0.8696743948267543,
        0.8261131446227582,
        0.8608589101166815,
        0.9126059260068076,
        0.8495328626926405,
        0.8348271849594681,
        0.8795067998107376,
        0.8043589011641286,
        0.8359332381493536,
        0.8806584650879933,
        0.810487683316886,
        0.8717193568221947,
        0.8560226873088841
    ],
    "avg_utilization2": [
        0.799485908109755,
        0.7639083978104841,
        0.6637046315260113,
        0.7653043657794723,
        0.6928639226364248,
        0.7336928228962999,
        0.7898304673182591,
        0.7025499932651632,
        0.7661836908168829,
        0.8654832294877001,
        0.7298088248914174,
        0.7077203681834304,
        0.77386164440135,
        0.6873589109866939,
        0.6970627007809459,
        0.7487510599327778,
        0.6965756223147426,
        0.771433002556058,
        0.7971667632303568
    ],
    "avg_utilization3": [
        0.7035112967191811,
        0.681264327499456,
        0.5074848210279943,
        0.7083421871288142,
        0.5751997390571334,
        0.5729019496886528,
        0.7051768636018995,
        0.5886978929236875,
        0.6452311072454543,
        0.8185623508134235,
        0.6018839410708411,
        0.5858191727062081,
        0.6589655047743695,
        0.5973677172285676,
        0.5411688241100161,
        0.6234319034041462,
        0.5809379509469055,
        0.6351815107310037,
        0.6377038597428955
    ],
    "avg_utilization4": [],
    "avg_utilization5": [],
    "avg_utilization6": [],
    "avg_utilization7": [],
    "avg_utilization8": [],
    "avg_utilization9": [],
    "global": {
        "avg_wait": [
            9.29382456510157,
            8.096449897551857,
            6.461831373401724,
            10.176869754908598,
            7.40326899600411,
            6.744666854162011,
            9.892985382223717,
            5.933274558424305,
            9.544545461708324,
            16.588875794035058,
            7.350497750687076,
            8.126224310615349,
            7.15962780184439,
            7.7485991656510045,
            6.724040457560758,
            7.433218902065676,
            6.854131224102108,
            7.6677422610984465,
            7.994569404851802
        ],
        "avg_delay": [
            4.59569851460433,
            3.502746761981713,
            2.186608656065976,
            5.675263626855517,
            3.135384582022708,
            2.387181619925235,
            5.296433527804967,
            1.563549651631832,
            5.010918576962912,
            11.862018046901786,
            2.8041247229216655,
            3.661098429139713,
            2.5510374578152457,
            3.243026655942577,
            2.407901690935965,
            2.88198963096638,
            2.5167090122524023,
            3.069812831020369,
            3.5705734416777433
        ],
        "avg_number": [
            4.771779888748896,
            2.069429567011513,
            1.0673563698860324,
            1.2830502599158229,
            0.744320046394097,
            0.5643865772969546,
            0.7128980728207147,
            0.37310209788686277,
            0.5330981496910293,
            0.8412816020820416,
            0.33728946857018266,
            0.3405679562420976,
            0.2772618404996837,
            0.27719668983381995,
            0.2241330253265692,
            0.23237369785561848,
            0.2012269856458753,
            0.2126530932888532,
            0.21050414444758586
        ]
    },
    "c1": {
        "avg_wait": [
            9.140968179465252,
            9.00808982135808,
            6.958081700633738,
            10.534534147985172,
            7.805376819591955,
            7.3952138115624875,
            10.958298917800429,
            6.536426396011589,
            9.247181436438874,
            16.671367468558167,
            8.06506333182963,
            8.227119996822841,
            7.9507093884894475,
            8.034853418368487,
            7.295842496093339,
            8.130827621173927,
            7.2262096152777815,
            8.094447637674342,
            8.839539971063175
        ],
        "avg_delay": [
            4.729867653846266,
            4.533038598127516,
            2.6208961090887066,
            6.126536861970537,
            3.457137104202093,
            3.102157637701333,
            6.171558513666837,
            2.184908941510732,
            4.93822964459835,
            12.174945891026038,
            3.5338321972176345,
            3.840666690946675,
            3.3267103143071357,
            3.7113880410249793,
            3.024727190745981,
            3.5101601185933244,
            2.7544159589822734,
            3.6140679543035428,
            4.331936612181341
        ],
        "avg_number": [
            0.967598368879792,
            0.43448691504004106,
            0.17333550570563985,
            0.29417729746334487,
            0.13441508737282284,
            0.10089349159520904,
            0.1563498498177006,
            0.05286434464698818,
            0.10989638658275605,
            0.22792046326270757,
            0.062391901344195894,
            0.0638186587952267,
            0.04805936707429913,
            0.052900699513790256,
            0.04017186108740105,
            0.041792815001851336,
            0.030324566446794883,
            0.03895683157473002,
            0.04143722369707453
        ]
    },
    "c2": {
        "avg_wait": [
            9.28727805436324,
            7.652001280183377,
            6.065499808769237,
            10.295029817818696,
            6.956912702083426,
            6.655685412687648,
            9.867247163042137,
            5.601565428885617,
            9.651414485303127,
            16.514204896408152,
            6.928526685832912,
            8.161834697157845,
            6.957736793155699,
            7.291659472456101,
            6.6400577730820505,
            7.079304729721352,
            7.447872186299328,
            8.191691132947623,
            8.079275495604366
        ],
        "avg_delay": [
            4.666016534568766,
            3.1921740481825673,
            2.021526697010734,
            5.851436015893837,
            2.9090850867885107,
            2.315723337319621,
            5.2946189965474675,
            1.4949546334285495,
            5.033126868370298,
            11.744866208099113,
            2.54564814183887,
            3.7775383269639904,
            2.505727212342785,
            2.957026478202031,
            2.4175674036546586,
            2.773560751972926,
            2.923600563795431,
            3.29966417750227,
            3.526153024517514
        ],
        "avg_number": [
            0.8048050476313904,
            0.27409496986681636,
            0.11608693589495239,
            0.2420645731440662,
            0.1005391749376466,
            0.065475524787697,
            0.12742684671351848,
            0.032682201283846156,
            0.09334020756667794,
            0.19543926946870036,
            0.039925695967395404,
            0.053493374917863615,
            0.03316664430386855,
            0.0357434278652196,
            0.027228910781441473,
            0.0299744370265501,
            0.02732558618217219,
            0.02877596224836424,
            0.030828024069367823
        ]
    },