{
    "interarrival": 2.5,
    "servers": 3,
    "seed": 2141510053,
    "GLOBAL AVG WAIT": {
        "mean": 5.269036476881071,
        "half_confidence_interval": 0.041297200110111475,
        "stdev": 0.1613010799615049,
        "confidence": 95
    },
    "GLOBAL AVG DELAY": {
        "mean": 0.8340589575973522,
        "half_confidence_interval": 0.03141207617574216,
        "stdev": 0.12269117028443971,
        "confidence": 95
    },
    "GLOBAL AVG NUMBER": {
        "mean": 2.109831575403309,
        "half_confidence_interval": 0.023425744019519877,
        "stdev": 0.0914976753672253,
        "confidence": 95
    },
    "QUEUE1 AVG WAIT": {
        "mean": 1.7153846836414803,
        "half_confidence_interval": 0.016452013155750737,
        "stdev": 0.06425925928362693,
        "confidence": 95
    },
    "QUEUE1 AVG DELAY": {
        "mean": 0.4869241978577186,
        "half_confidence_interval": 0.016249270907249255,
        "stdev": 0.06346737645501101,
        "confidence": 95
    },
    "QUEUE1 AVG NUMBER": {
        "mean": 0.039374657486521955,
        "half_confidence_interval": 0.0014944468615873167,
        "stdev": 0.005837100144232154,
        "confidence": 95
    },
    "QUEUE2 AVG WAIT": {
        "mean": 3.309100891937327,
        "half_confidence_interval": 0.021221460045950127,
        "stdev": 0.08288805087620364,
        "confidence": 95
    },
    "QUEUE2 AVG DELAY": {
        "mean": 0.6481987646570723,
        "half_confidence_interval": 0.01982928403243591,
        "stdev": 0.07745040634152336,
        "confidence": 95
    },
    "QUEUE2 AVG NUMBER": {
        "mean": 0.11461475144184229,
        "half_confidence_interval": 0.003864219058946521,
        "stdev": 0.015093098460766848,
        "confidence": 95
    },
    "QUEUE3 AVG WAIT": {
        "mean": 9.697498038364294,
        "half_confidence_interval": 0.07388390879702236,
        "stdev": 0.28858020032740833,
        "confidence": 95
    },
    "QUEUE3 AVG DELAY": {
        "mean": 1.2586141587559463,
        "half_confidence_interval": 0.06583292347173625,
        "stdev": 0.2571341791865002,
        "confidence": 95
    },
    "QUEUE3 AVG NUMBER": {
        "mean": 0.18042598622645348,
        "half_confidence_interval": 0.010223245832401123,
        "stdev": 0.0399305664568407,
        "confidence": 95
    },
    "QUEUE4 AVG WAIT": {
        "mean": 0.0,
        "half_confidence_interval": 0.0,
        "stdev": 0.0,
        "confidence": 95
    },
    "QUEUE4 AVG DELAY": {
        "mean": 0.0,
        "half_confidence_interval": 0.0,
        "stdev": 0.0,
        "confidence": 95
    },
    "QUEUE4 AVG NUMBER": {
        "mean": 0.0,
        "half_confidence_interval": 0.0,
        "stdev": 0.0,
        "confidence": 95
    },
    "QUEUE5 AVG WAIT": {
        "mean": 0.0,
        "half_confidence_interval": 0.0,
        "stdev": 0.0,
        "confidence": 95
    },
    "QUEUE5 AVG DELAY": {
        "mean": 0.0,
        "half_confidence_interval": 0.0,
        "stdev": 0.0,
        "confidence": 95
    },
    "QUEUE5 AVG NUMBER": {
        "mean": 0.0,
        "half_confidence_interval": 0.0,
        "stdev": 0.0,
        "confidence": 95
    },
    "QUEUE6 AVG WAIT": {
        "mean": 0.0,
        "half_confidence_interval": 0.0,
        "stdev": 0.0,
        "confidence": 95
    },
    "QUEUE6 AVG DELAY": {
        "mean": 0.0,
        "half_confidence_interval": 0.0,
        "stdev": 0.0,
        "confidence": 95
    },
    "QUEUE6 AVG NUMBER": {
        "mean": 0.0,
        "half_confidence_interval": 0.0,
        "stdev": 0.0,
        "confidence": 95
    },
    "UTILIZATION1": {
        "mean": 0.5911335074999067,
        "half_confidence_interval": 0.0040815390083690116,
        "stdev": 0.015941919747574727,
        "confidence": 95
    },
    "UTILIZATION2": {
        "mean": 0.5903455558751607,
        "half_confidence_interval": 0.00456396474303088,
        "stdev": 0.0178262071034899,
        "confidence": 95
    },
    "UTILIZATION3": {
        "mean": 0.5939388080499108,
        "half_confidence_interval": 0.00465996966310469,
        "stdev": 0.01820118887581911,
        "confidence": 95
    },
    "UTILIZATION4": {
        "mean": 0.0,
        "half_confidence_interval": 0.0,
        "stdev": 0.0,
        "confidence": 95
    },
    "UTILIZATION5": {
        "mean": 0.0,
        "half_confidence_interval": 0.0,
        "stdev": 0.0,
        "confidence": 95
    },
    "UTILIZATION6": {
        "mean": 0.0,
        "half_confidence_interval": 0.0,
        "stdev": 0.0,
        "confidence": 95
    }
}