{
    "interarrival": 3.0,
    "servers": 2,
    "seed": 709454743,
    "GLOBAL AVG WAIT": {
        "mean": 7.683938799236292,
        "half_confidence_interval": 0.1812480111703739,
        "stdev": 0.7079293478663219,
        "confidence": 95
    },
    "GLOBAL AVG DELAY": {
        "mean": 3.256174674484993,
        "half_confidence_interval": 0.168173066381476,
        "stdev": 0.6568604446655477,
        "confidence": 95
    },
    "GLOBAL AVG NUMBER": {
        "mean": 2.5739603946702014,
        "half_confidence_interval": 0.07056924079035924,
        "stdev": 0.2756335713122926,
        "confidence": 95
    },
    "QUEUE1 AVG WAIT": {
        "mean": 2.5464967610148674,
        "half_confidence_interval": 0.03710635222542581,
        "stdev": 0.14493221505173412,
        "confidence": 95
    },
    "QUEUE1 AVG DELAY": {
        "mean": 1.3172345252925344,
        "half_confidence_interval": 0.03710146873376185,
        "stdev": 0.14491314081722717,
        "confidence": 95
    },
    "QUEUE1 AVG NUMBER": {
        "mean": 0.08841989443084061,
        "half_confidence_interval": 0.0026889718192015834,
        "stdev": 0.010502747335577106,
        "confidence": 95
    },
    "QUEUE2 AVG WAIT": {
        "mean": 4.523123639223995,
        "half_confidence_interval": 0.044974373569320616,
        "stdev": 0.17566360450541435,
        "confidence": 95
    },
    "QUEUE2 AVG DELAY": {
        "mean": 1.8655149447335733,
        "half_confidence_interval": 0.044448440850221066,
        "stdev": 0.17360938496143427,
        "confidence": 95
    },
    "QUEUE2 AVG NUMBER": {
        "mean": 0.2768393166366052,
        "half_confidence_interval": 0.007758975226758108,
        "stdev": 0.030305470592041715,
        "confidence": 95
    },
    "QUEUE3 AVG WAIT": {
        "mean": 14.493591185055106,
        "half_confidence_interval": 0.4139211994281602,
        "stdev": 1.6167182353453613,
        "confidence": 95
    },
    "QUEUE3 AVG DELAY": {
        "mean": 6.062028775538511,
        "half_confidence_interval": 0.4059386881811891,
        "stdev": 1.585539664364564,
        "confidence": 95
    },
    "QUEUE3 AVG NUMBER": {
        "mean": 0.7270398547473522,
        "half_confidence_interval": 0.054575411258248996,
        "stdev": 0.21316391309403648,
        "confidence": 95
    },
    "QUEUE4 AVG WAIT": {
        "mean": 0.0,
        "half_confidence_interval": 0.0,
        "stdev": 0.0,
        "confidence": 95
    },
    "QUEUE4 AVG DELAY": {
        "mean": 0.0,
        "half_confidence_interval": 0.0,
        "stdev": 0.0,
        "confidence": 95
    },
    "QUEUE4 AVG NUMBER": {
        "mean": 0.0,
        "half_confidence_interval": 0.0,
        "stdev": 0.0,
        "confidence": 95
    },
    "QUEUE5 AVG WAIT": {
        "mean": 0.0,
        "half_confidence_interval": 0.0,
        "stdev": 0.0,
        "confidence": 95
    },
    "QUEUE5 AVG DELAY": {
        "mean": 0.0,
        "half_confidence_interval": 0.0,
        "stdev": 0.0,
        "confidence": 95
    },
    "QUEUE5 AVG NUMBER": {
        "mean": 0.0,
        "half_confidence_interval": 0.0,
        "stdev": 0.0,
        "confidence": 95
    },
    "QUEUE6 AVG WAIT": {
        "mean": 0.0,
        "half_confidence_interval": 0.0,
        "stdev": 0.0,
        "confidence": 95
    },
    "QUEUE6 AVG DELAY": {
        "mean": 0.0,
        "half_confidence_interval": 0.0,
        "stdev": 0.0,
        "confidence": 95
    },
    "QUEUE6 AVG NUMBER": {
        "mean": 0.0,
        "half_confidence_interval": 0.0,
        "stdev": 0.0,
        "confidence": 95
    },
    "UTILIZATION1": {
        "mean": 0.7404636101569692,
        "half_confidence_interval": 0.005767262486403499,
        "stdev": 0.02252611956737924,
        "confidence": 95
    },
    "UTILIZATION2": {
        "mean": 0.7411778271226158,
        "half_confidence_interval": 0.00601309294883849,
        "stdev": 0.02348629892511956,
        "confidence": 95
    },
    "UTILIZATION3": {
        "mean": 0.0,
        "half_confidence_interval": 0.0,
        "stdev": 0.0,
        "confidence": 95
    },
    "UTILIZATION4": {
        "mean": 0.0,
        "half_confidence_interval": 0.0,
        "stdev": 0.0,
        "confidence": 95
    },
    "UTILIZATION5": {
        "mean": 0.0,
        "half_confidence_interval": 0.0,
        "stdev": 0.0,
        "confidence": 95
    },
    "UTILIZATION6": {
        "mean": 0.0,
        "half_confidence_interval": 0.0,
        "stdev": 0.0,
        "confidence": 95
    }
}