{
    "seed": 553455074,
    "arrival_stream": 0,
    "service_stream": 1,
    "observation_period": 20000.0,
    "interarrivals": 2,
    "batch_size": 512,
    "k": 286,
    "servers": 3,
    "acquisition_time": [],
    "avg_utilization1": [
        0.8387633822987035,
        0.845687179618996,
        0.8533550183358276,
        0.8671599410994596,
        0.8450598956134553,
        0.8186969921433188,
        0.8755535629162845,
        0.8556315280460158,
        0.9018574934765986,
        0.8385084236942728,
        0.8547307170183794,
        0.8441992365592417,
        0.8598445998927561,
        0.8273732873621046,
        0.85022876851669,
        0.9061582540955496,
        0.8856307382014895,
        0.8111000550143083,
        0.8366807506350784
    ],
    "avg_utilization2": [
        0.7484313062632166,
        0.7087466609263816,
        0.7643582351704478,
        0.7819766258261421,
        0.7638699698788463,
        0.7396841956578057,
        0.7108657827940492,
        0.8211182315388589,
        0.8186867253621046,
        0.7084162498708109,
        0.7788447962417541,
        0.7645585379462997,
        0.789111433797941,
        0.7181436032689953,
        0.7128788558968895,
        0.7998699629000657,
        0.7641981072640222,
        0.7210934494502077,
        0.734668700323297
    ],
    "avg_utilization3": [
        0.5595982031429371,
        0.6116802615346761,
        0.6614889814934098,
        0.6713891813191073,
        0.6084644508489802,
        0.6263963189034821,
        0.6082381110265518,
        0.6954246245120345,
        0.732386824261009,
        0.6028424448950274,
        0.6462757986949154,
        0.615249744023752,
        0.6512797663327863,
        0.5762658056066625,
        0.6463739480692702,
        0.678167894362802,
        0.6922474840622848,
        0.6157783562843594,
        0.5852693158138756
    ],
    "avg_utilization4": [],
    "avg_utilization5": [],
    "avg_utilization6": [],
    "avg_utilization7": [],
    "avg_utilization8": [],
    "avg_utilization9": [],
    "global": {
        "avg_wait": [
            6.7991316412812495,
            6.09176499038802,
            8.560033919493947,
            7.562767024342886,
            7.550708951637285,
            7.38881359165679,
            7.723799175992003,
            8.846301755306708,
            9.291662053171606,
            6.59318598570729,
            7.2268831427235085,
            7.202568775495752,
            8.601105281928142,
            7.696174814206859,
            8.16724296899044,
            7.826618378421195,
            7.824323810876912,
            5.757898395008631,
            6.552006633596328
        ],
        "avg_delay": [
            2.3104642999244245,
            1.7762636329268202,
            4.081664757456752,
            2.9476765955591446,
            3.0144649192035184,
            3.1155750320723583,
            3.226897546994613,
            4.2516200027598545,
            4.602885387488846,
            2.021601118212697,
            2.7230072130059795,
            2.7566772278641287,
            4.138089517486779,
            3.2482089447294378,
            3.735542526288872,
            2.9524759336667774,
            3.257129514367809,
            1.4058393886445628,
            2.216797538746593
        ],
        "avg_number": [
            3.289592844101508,
            1.506261505158627,
            1.431527367512904,
            0.9530705593089076,
            0.7575408167696721,
            0.6208245166249676,
            0.5541478357220228,
            0.5579590037561092,
            0.5237138936701737,
            0.33241549128164405,
            0.3315733779085715,
            0.30320784731967043,
            0.33473852706619733,
            0.27735031351149125,
            0.27466910023184526,
            0.24654919097133432,
            0.23238167537048773,
            0.16143909264356332,
            0.17399509092096418
        ]
    },
    "c1": {
        "avg_wait": [
            8.275091256515982,
            6.981141404766846,
            10.056832893898605,
            7.824668356902429,
            7.487471125015719,
            7.841304654341088,
            9.205670901168665,
            8.843889657868761,
            9.889151958987453,
            7.27007655783617,
            7.41088394544663,
            7.311724719661843,
            8.865701498539721,
            8.439993385236903,
            8.430766330230021,
            8.664317746652413,
            8.827104585251154,
            6.054000511566785,
            7.785971305013214
        ],
        "avg_delay": [
            3.3728775433258167,
            2.6091115043727626,
            5.263666834166418,
            3.51000591780565,
            3.3011717634730475,
            3.572942315792247,
            4.230081752749004,
            4.615095953565488,
            5.342771812421819,
            2.7443063484018633,
            3.09006904089365,
            3.2319892909062116,
            4.526765847181465,
            3.964145546007952,
            4.191530238118126,
            3.8416191065982144,
            4.1931059331981135,
            1.916814559469607,
            3.155280300466447
        ],
        "avg_number": [
            0.5768964761345239,
            0.24318524679985332,
            0.30774827848020364,
            0.1736513953901633,
            0.13584253046824477,
            0.11140477186200515,
            0.10847372589107725,
            0.11313693032315449,
            0.11233904358299814,
            0.05350738753941063,
            0.05538049573168523,
            0.055007679004417366,
            0.06744124486508254,
            0.054687672356407924,
            0.05588985844129782,
            0.045853817175965615,
            0.045727639747417684,
            0.021098467292755857,
            0.029948959712485713
        ]
    },
    "c2": {
        "avg_wait": [
            6.582798990578073,
            5.848653770011834,
            8.100320248869435,
            7.351069431733098,
            7.666869470669629,
            7.360932317985001,
            6.962759256100523,
            9.703178929564398,
            8.936914003036794,
            6.309716558502407,
            7.380452354423575,
            7.988375169445442,
            9.323771774108211,
            7.005588863479676,
            8.066593596773126,
            7.570808233331944,
            7.623241813941329,
            5.623349100807815,
            6.756954701368476
        ],
        "avg_delay": [
            2.1581362118682095,
            1.5833103002461406,
            3.894960302334243,
            2.899960446583911,
            2.9784241269325045,
            3.1082928774733514,
            2.917079986361728,
            4.6833445408119925,
            4.483612016717299,
            1.9026458412108642,
            2.8015726317071206,
            3.1138982791104355,
            4.520182770918657,
            2.8707398252755785,
            3.6827747905482147,
            2.74774243281924,
            3.2538412417224696,
            1.2706146864814347,
            2.4045441710343365
        ],
        "avg_number": [
            0.3650485437928526,
            0.12845842541797062,
            0.22772477163857657,
            0.12633966244257339,
            0.09863285230457544,
            0.08824543013940798,
            0.07398635289826476,
            0.09288649267862525,
            0.08785748268743285,
            0.03241305947709168,
            0.04217643116058319,
            0.04096448188360561,
            0.0556611899040351,
            0.03717880559323445,
            0.039913836503906584,
            0.028908901763044382,
            0.032464588942604074,
            0.01182871429728179,
            0.02145131459999479
        ]
    },