{
    "interarrival": 3.0,
    "servers": 2,
    "seed": 31930472,
    "GLOBAL AVG WAIT": {
        "mean": 7.527792239058503,
        "half_confidence_interval": 0.12894857609647706,
        "stdev": 0.5036550789981364,
        "confidence": 95
    },
    "GLOBAL AVG DELAY": {
        "mean": 3.100129373750761,
        "half_confidence_interval": 0.11862433508464024,
        "stdev": 0.46333003951478435,
        "confidence": 95
    },
    "GLOBAL AVG NUMBER": {
        "mean": 2.5117542540486735,
        "half_confidence_interval": 0.04916134256531822,
        "stdev": 0.19201731901920754,
        "confidence": 95
    },
    "QUEUE1 AVG WAIT": {
        "mean": 2.5311396298272966,
        "half_confidence_interval": 0.030037107318622185,
        "stdev": 0.11732073449277484,
        "confidence": 95
    },
    "QUEUE1 AVG DELAY": {
        "mean": 1.301233461106301,
        "half_confidence_interval": 0.030136020092477036,
        "stdev": 0.11770707393472818,
        "confidence": 95
    },
    "QUEUE1 AVG NUMBER": {
        "mean": 0.08676805524481246,
        "half_confidence_interval": 0.0022911242733366474,
        "stdev": 0.008948810539936186,
        "confidence": 95
    },
    "QUEUE2 AVG WAIT": {
        "mean": 4.490583535383642,
        "half_confidence_interval": 0.03705405383555765,
        "stdev": 0.14472794486529314,
        "confidence": 95
    },
    "QUEUE2 AVG DELAY": {
        "mean": 1.8284274392193312,
        "half_confidence_interval": 0.035401473493796416,
        "stdev": 0.13827319749407915,
        "confidence": 95
    },
    "QUEUE2 AVG NUMBER": {
        "mean": 0.2715058112442179,
        "half_confidence_interval": 0.00599780634607825,
        "stdev": 0.023426591595625195,
        "confidence": 95
    },
    "QUEUE3 AVG WAIT": {
        "mean": 14.138990160318983,
        "half_confidence_interval": 0.3035277284792419,
        "stdev": 1.1855367984130387,
        "confidence": 95
    },
    "QUEUE3 AVG DELAY": {
        "mean": 5.697071965625561,
        "half_confidence_interval": 0.29427964522181266,
        "stdev": 1.1494150804026206,
        "confidence": 95
    },
    "QUEUE3 AVG NUMBER": {
        "mean": 0.6768413730293381,
        "half_confidence_interval": 0.037989100580544846,
        "stdev": 0.14838010649801353,
        "confidence": 95
    },
    "QUEUE4 AVG WAIT": {
        "mean": 0.0,
        "half_confidence_interval": 0.0,
        "stdev": 0.0,
        "confidence": 95
    },
    "QUEUE4 AVG DELAY": {
        "mean": 0.0,
        "half_confidence_interval": 0.0,
        "stdev": 0.0,
        "confidence": 95
    },
    "QUEUE4 AVG NUMBER": {
        "mean": 0.0,
        "half_confidence_interval": 0.0,
        "stdev": 0.0,
        "confidence": 95
    },
    "QUEUE5 AVG WAIT": {
        "mean": 0.0,
        "half_confidence_interval": 0.0,
        "stdev": 0.0,
        "confidence": 95
    },
    "QUEUE5 AVG DELAY": {
        "mean": 0.0,
        "half_confidence_interval": 0.0,
        "stdev": 0.0,
        "confidence": 95
    },
    "QUEUE5 AVG NUMBER": {
        "mean": 0.0,
        "half_confidence_interval": 0.0,
        "stdev": 0.0,
        "confidence": 95
    },
    "QUEUE6 AVG WAIT": {
        "mean": 0.0,
        "half_confidence_interval": 0.0,
        "stdev": 0.0,
        "confidence": 95
    },
    "QUEUE6 AVG DELAY": {
        "mean": 0.0,
        "half_confidence_interval": 0.0,
        "stdev": 0.0,
        "confidence": 95
    },
    "QUEUE6 AVG NUMBER": {
        "mean": 0.0,
        "half_confidence_interval": 0.0,
        "stdev": 0.0,
        "confidence": 95
    },
    "UTILIZATION1": {
        "mean": 0.7380997670987614,
        "half_confidence_interval": 0.005223271926837983,
        "stdev": 0.02040136862753776,
        "confidence": 95
    },
    "UTILIZATION2": {
        "mean": 0.7385454009063055,
        "half_confidence_interval": 0.0047771856777949154,
        "stdev": 0.018659018213108433,
        "confidence": 95
    },
    "UTILIZATION3": {
        "mean": 0.0,
        "half_confidence_interval": 0.0,
        "stdev": 0.0,
        "confidence": 95
    },
    "UTILIZATION4": {
        "mean": 0.0,
        "half_confidence_interval": 0.0,
        "stdev": 0.0,
        "confidence": 95
    },
    "UTILIZATION5": {
        "mean": 0.0,
        "half_confidence_interval": 0.0,
        "stdev": 0.0,
        "confidence": 95
    },
    "UTILIZATION6": {
        "mean": 0.0,
        "half_confidence_interval": 0.0,
        "stdev": 0.0,
        "confidence": 95
    }
}