{
    "seed": 419611023,
    "arrival_stream": 0,
    "service_stream": 1,
    "observation_period": 40000.0,
    "interarrivals": 5.0,
    "batch_size": 0,
    "k": 0,
    "servers": 2,
    "acquisition_time": [
        57.459215242370554,
        81.98461800927439,
        93.48935153882226,
        102.83678538322889,
        109.12111945009252,
        152.14591120208578,
        185.54860721885376,
        212.66349068910122,
        237.3875714524333,
        270.52528041550653,
        332.0432036200072,
        369.2393664058037,
        446.4810942151481,
        569.0535711578442,
        697.4308616747044,
        823.5815486664713,
        950.3773762685237,
        1174.7526651225555,
        1444.8526951352299,
        1704.0428008235394,
        1976.033618174876,
        2356.556611285707,
        2851.7215954720928,
        3388.0524419365943,
        4043.295672060097,
        4864.051438031268,
        5826.375579191576,
        6938.841100678007,
        8230.382682098458,
        9884.080676778085,
        11741.489948763803,
        13908.528137905407,
        16539.47407209088,
        19994.242705663248,
        23880.501052091666,
        28602.273018530163,
        34297.07537978417
    ],
    "avg_utilization1": [
        0.35499859090250147,
        0.2648029102370253,
        0.33233701483690603,
        0.35766916735223087,
        0.3370708400588018,
        0.28562081914050225,
        0.37655334145148134,
        0.33373958326628606,
        0.3544411790877327,
        0.39416911823229656,
        0.3850674111437858,
        0.3807010781002615,
        0.3836853810501215,
        0.3747524591989748,
        0.3922528942462247,
        0.38121478497026867,
        0.38739726153582776,
        0.3848062043344534,
        0.40902702780871325,
        0.4146784731149533,
        0.4240762969380156,
        0.42847343885609224,
        0.414818395491316,
        0.4082692686948693,
        0.41294840369809627,
        0.41397759947224033,
        0.41418388625563385,
        0.4207689119104445,
        0.42497555420697203,
        0.43299343610155205,
        0.43941437714034787,
        0.44508958684505656,
        0.4483169422658035,
        0.44762417941349597,
        0.4479991199496267,
        0.4495679348363028,
        0.4476886974878896
    ],
    "avg_utilization2": [
        0.4100778807497753,
        0.4411299636030993,
        0.40705341340221923,
        0.4644907020907695,
        0.4484961488312326,
        0.3935806936535026,
        0.4290575678535867,
        0.39773316937570996,
        0.38410403470317905,
        0.4090253836730739,
        0.4078959824833111,
        0.41291102561610754,
        0.40726067706173585,
        0.3855158329155935,
        0.37465372315599765,
        0.39805304917460227,
        0.41196474751702494,
        0.4064477534917721,
        0.39278128138271434,
        0.40936803216967416,
        0.42914535041748814,
        0.4326060241519424,
        0.42580744549407135,
        0.4305330221322111,
        0.4220570029124506,
        0.41769012696761093,
        0.41676676011784164,
        0.4279589075406352,
        0.4414516030873807,
        0.4457881388164364,
        0.4442015083738057,
        0.44531202971557077,
        0.4474408373873639,
        0.44344794586248354,
        0.44579911327128097,
        0.44731113395163913,
        0.44446565866894955
    ],
    "avg_utilization3": [],
    "avg_utilization4": [],
    "avg_utilization5": [],
    "avg_utilization6": [],
    "global": {
        "avg_wait": [
            4.912063104317184,
            4.57074293961605,
            4.7533018834243554,
            5.241119820680808,
            4.836469873552355,
            4.7529164901999605,
            5.207701087770225,
            4.988656454473284,
            4.668629257098009,
            4.6332170768788785,
            4.934359940521016,
            4.780054204179998,
            4.8302383683910115,
            4.804771115112201,
            4.980065948602429,
            4.86851868707615,
            4.972216189263205,
            5.036495534261587,
            5.106032051230403,
            5.206861444980419,
            5.339668954067748,
            5.324213796212362,
            5.198049118361575,
            5.184688092820012,
            5.134592077417433,
            5.111348895994716,
            5.112338616806611,
            5.211728569739464,
            5.2772745362306885,
            5.465046763919012,
            5.471844932163674,
            5.469226686313132,
            5.7007000251116535,
            5.647325321346811,
            5.713116344249921,
            5.750318864783557,
            5.712654828484504
        ],
        "avg_delay": [
            0.515993738163026,
            0.4299947818025216,
            0.3685669558307328,
            0.6474969553134196,
            0.5503724120164066,
            0.5255544346762379,
            0.4975065091112362,
            0.4243437871831133,
            0.39249621539940527,
            0.3256005374186294,
            0.5632190596605631,
            0.6528312415291646,
            0.7239306766358906,
            0.6044469727251125,
            0.6647351267437109,
            0.5990031815156045,
            0.6801508285152622,
            0.672515742030939,
            0.6343276465260137,
            0.663819951522415,
            0.7581617287171367,
            0.7402400588076252,
            0.6749720156258764,
            0.7162821970044491,
            0.7175543135001935,
            0.6990796202394367,
            0.7093344323639799,
            0.7471383330433004,
            0.7725195958041368,
            0.8912738072391945,
            0.9205166254912456,
            0.9485769459496074,
            1.185197869839718,
            1.1249697822492661,
            1.197307091735953,
            1.2260190429003384,
            1.2155523588322537
        ],
        "avg_number": [
            0.8548782094564733,
            0.6690147079686082,
            0.7118054117672116,
            0.8664121172160292,
            0.8864406629853823,
            0.7497407906893213,
            0.8139286724324758,
            0.797571406838495,
            0.8063345455276838,
            0.8563371729552604,
            0.8767751705705991,
            0.9191431883343342,
            0.9303876582094557,
            0.8696745788794701,
            0.8782922370358246,
            0.8748869700322414,
            0.9260345284681155,
            0.9131909895993311,
            0.9046902909314517,
            0.9380670854255851,
            0.9944153566131443,
            0.9986191236211943,
            0.9660711750775094,
            0.9732616845649279,
            0.9689357575656593,
            0.9625711504864769,
            0.9643147894441163,
            0.9906942504872543,
            1.015010591065642,
            1.0499837206979539,
            1.062074289959593,
            1.0754793633626791,
            1.1308701051113181,
            1.1122785415205865,
            1.130398171616942,
            1.1399201714562988,
            1.1333008142122574
        ]
    },