{
    "interarrival": 1.5,
    "servers": 4,
    "seed": 1045784936,
    "GLOBAL AVG WAIT": {
        "mean": 6.650729459747322,
        "half_confidence_interval": 0.11422163163194467,
        "stdev": 0.44613369642671713,
        "confidence": 95
    },
    "GLOBAL AVG DELAY": {
        "mean": 2.227518737934865,
        "half_confidence_interval": 0.10077078109854544,
        "stdev": 0.39359655803348137,
        "confidence": 95
    },
    "GLOBAL AVG NUMBER": {
        "mean": 4.430931590791868,
        "half_confidence_interval": 0.08876316973100677,
        "stdev": 0.3466965096966015,
        "confidence": 95
    },
    "QUEUE1 AVG WAIT": {
        "mean": 6.4990131703084,
        "half_confidence_interval": 0.12151746262093387,
        "stdev": 0.47463019048933597,
        "confidence": 95
    },
    "QUEUE1 AVG DELAY": {
        "mean": 2.0852822523571914,
        "half_confidence_interval": 0.10257476752663876,
        "stdev": 0.4006426763735018,
        "confidence": 95
    },
    "QUEUE1 AVG NUMBER": {
        "mean": 0.33833173357232477,
        "half_confidence_interval": 0.017730389530535726,
        "stdev": 0.06925241836705845,
        "confidence": 95
    },
    "QUEUE2 AVG WAIT": {
        "mean": 6.736559472220627,
        "half_confidence_interval": 0.14205917349778216,
        "stdev": 0.5548632363098285,
        "confidence": 95
    },
    "QUEUE2 AVG DELAY": {
        "mean": 2.3284730282478865,
        "half_confidence_interval": 0.11236811906070243,
        "stdev": 0.4388941359076883,
        "confidence": 95
    },
    "QUEUE2 AVG NUMBER": {
        "mean": 0.3987515623254676,
        "half_confidence_interval": 0.019615845368533103,
        "stdev": 0.07661674481238173,
        "confidence": 95
    },
    "QUEUE3 AVG WAIT": {
        "mean": 6.790547507212974,
        "half_confidence_interval": 0.1266651933016329,
        "stdev": 0.4947365055889987,
        "confidence": 95
    },
    "QUEUE3 AVG DELAY": {
        "mean": 2.3537066899462666,
        "half_confidence_interval": 0.10413901808040163,
        "stdev": 0.4067524199633718,
        "confidence": 95
    },
    "QUEUE3 AVG NUMBER": {
        "mean": 0.4022925289167972,
        "half_confidence_interval": 0.018634655193185613,
        "stdev": 0.0727843534030567,
        "confidence": 95
    },
    "QUEUE4 AVG WAIT": {
        "mean": 6.583577140291147,
        "half_confidence_interval": 0.119294058948141,
        "stdev": 0.46594588713086077,
        "confidence": 95
    },
    "QUEUE4 AVG DELAY": {
        "mean": 2.1374028909969836,
        "half_confidence_interval": 0.09999222003510368,
        "stdev": 0.39055560755707397,
        "confidence": 95
    },
    "QUEUE4 AVG NUMBER": {
        "mean": 0.34637326764272375,
        "half_confidence_interval": 0.017333380028786326,
        "stdev": 0.06770175485436482,
        "confidence": 95
    },
    "QUEUE5 AVG WAIT": {
        "mean": 0.0,
        "half_confidence_interval": 0.0,
        "stdev": 0.0,
        "confidence": 95
    },
    "QUEUE5 AVG DELAY": {
        "mean": 0.0,
        "half_confidence_interval": 0.0,
        "stdev": 0.0,
        "confidence": 95
    },
    "QUEUE5 AVG NUMBER": {
        "mean": 0.0,
        "half_confidence_interval": 0.0,
        "stdev": 0.0,
        "confidence": 95
    },
    "QUEUE6 AVG WAIT": {
        "mean": 0.0,
        "half_confidence_interval": 0.0,
        "stdev": 0.0,
        "confidence": 95
    },
    "QUEUE6 AVG DELAY": {
        "mean": 0.0,
        "half_confidence_interval": 0.0,
        "stdev": 0.0,
        "confidence": 95
    },
    "QUEUE6 AVG NUMBER": {
        "mean": 0.0,
        "half_confidence_interval": 0.0,
        "stdev": 0.0,
        "confidence": 95
    },
    "UTILIZATION1": {
        "mean": 0.7145552036679101,
        "half_confidence_interval": 0.005464391297903294,
        "stdev": 0.021343147122175967,
        "confidence": 95
    },
    "UTILIZATION2": {
        "mean": 0.7543703555442891,
        "half_confidence_interval": 0.00572822316360218,
        "stdev": 0.022373637439970395,
        "confidence": 95
    },
    "UTILIZATION3": {
        "mean": 0.7572859058434618,
        "half_confidence_interval": 0.005056805119361427,
        "stdev": 0.01975117259119345,
        "confidence": 95
    },
    "UTILIZATION4": {
        "mean": 0.718997471422379,
        "half_confidence_interval": 0.005700635410063245,
        "stdev": 0.022265883538309342,
        "confidence": 95
    },
    "UTILIZATION5": {
        "mean": 0.0,
        "half_confidence_interval": 0.0,
        "stdev": 0.0,
        "confidence": 95
    },
    "UTILIZATION6": {
        "mean": 0.0,
        "half_confidence_interval": 0.0,
        "stdev": 0.0,
        "confidence": 95
    }
}