{
    "seed": 454401066,
    "arrival_stream": 0,
    "service_stream": 1,
    "observation_period": 20000.0,
    "interarrivals": 2,
    "batch_size": 512,
    "k": 305,
    "servers": 3,
    "acquisition_time": [],
    "avg_utilization1": [
        0.6926834348794398,
        0.6686106586988481,
        0.6766081547033842,
        0.7640918181702713,
        0.7105280881143652,
        0.7510706893894874,
        0.7770351773392272,
        0.7174621062494988,
        0.7352916665521045,
        0.7348893746376133,
        0.6600221472391086,
        0.6937062138531326,
        0.7628952928320525,
        0.7508696202939018,
        0.7985148527109188,
        0.7312839657344024,
        0.7053225240966783,
        0.7786328542810701,
        0.7700561342739468
    ],
    "avg_utilization2": [
        0.6964878147824834,
        0.6774214819545369,
        0.6841334097608613,
        0.7569159964235848,
        0.6942899134510933,
        0.7576111717548167,
        0.7621842909574493,
        0.7007262393048126,
        0.7022075720631906,
        0.730630742664331,
        0.6878562650273793,
        0.7302740881185615,
        0.7422658238657729,
        0.7641034748661912,
        0.8007057550533961,
        0.7278330056975786,
        0.729126346001329,
        0.7611827352755217,
        0.7414763987388033
    ],
    "avg_utilization3": [
        0.6906742966131232,
        0.6522453789618611,
        0.6908127870882079,
        0.7594494526890379,
        0.7159804921333411,
        0.7639858965432805,
        0.7840715812280786,
        0.7059161282646294,
        0.7058133015761058,
        0.7550860001533275,
        0.6644808240570649,
        0.7306805074495825,
        0.7393366726775893,
        0.7749125276108109,
        0.7622389706901296,
        0.736934391886411,
        0.7393791045204153,
        0.7567585023952715,
        0.7145294450314276
    ],
    "avg_utilization4": [],
    "avg_utilization5": [],
    "avg_utilization6": [],
    "avg_utilization7": [],
    "avg_utilization8": [],
    "avg_utilization9": [],
    "global": {
        "avg_wait": [
            5.593189165310397,
            5.175261812735856,
            5.516227834940994,
            6.339900201512539,
            5.889542682415804,
            6.795927133448171,
            6.778752730414338,
            5.424082057581323,
            5.6421317703567055,
            6.530306665510288,
            5.642218016235962,
            5.9074979125423965,
            6.2249233112800795,
            6.829026132179582,
            7.5361393942175035,
            6.263160727771062,
            6.098965681629721,
            6.565660293416386,
            6.228688404811578
        ],
        "avg_delay": [
            1.236338729023115,
            0.8931718475309678,
            1.2132415379619585,
            1.9510850006904485,
            1.5805097000510724,
            2.0195311478562363,
            2.222429232385071,
            0.9939315047328705,
            1.2884848542477876,
            2.1301223254593644,
            1.27654115237614,
            1.558829183978652,
            1.7159299186013754,
            2.2500367561577583,
            2.7165163322453907,
            1.6800247928773224,
            1.697688346061092,
            2.201606571683186,
            1.6352706267490618
        ],
        "avg_number": [
            2.6610092129777323,
            1.2213308459375554,
            0.8698581768056118,
            0.7666192060062427,
            0.5715262666144035,
            0.5480248624617938,
            0.4721582579831616,
            0.3299229547336852,
            0.305447002525108,
            0.3189763935512986,
            0.24939255535314475,
            0.2396361714214494,
            0.2335640646823502,
            0.2382206136515614,
            0.24546075570850467,
            0.19106800305084812,
            0.17519096621223212,
            0.1788821326243893,
            0.16065592056804945
        ]
    },
    "q1": {
        "avg_wait": [
            1.8934777015571236,
            1.6801960897802066,
            1.5786813278587895,
            2.115347063089009,
            2.033677815681828,
            1.99288590162182,
            2.049359266902692,
            1.8717966808872961,
            1.986617970446519,
            2.225176205698602,
            2.125654900244092,
            2.045491195209138,
            1.9014615862012176,
            2.0656975814404133,
            2.4120477228641306,
            2.0342720585399396,
            2.109706183103531,
            1.8948776660115292,
            2.227913221629807
        ],
        "avg_delay": [
            0.6595121834314008,
            0.44287064654412117,
            0.37518501077993105,
            0.8832386839141525,
            0.7976366898116438,
            0.7749715309549601,
            0.7862119706486548,
            0.6626579065901212,
            0.7390698272170863,
            0.9914925631089851,
            0.887333118064442,
            0.8247838981709291,
            0.6544259712654942,
            0.8574239643390167,
            1.1591402866043317,
            0.798668347177369,
            0.878168320615416,
            0.665769874042159,
            0.9802067951582868
        ],
        "avg_number": [
            0.07292672215833793,
            0.020004790674478787,
            0.012017527165115676,
            0.02294552928057743,
            0.01738551752698728,
            0.011961713920856147,
            0.009733048350188001,
            0.007714926286826896,
            0.008674233987167582,
            0.01097242084121486,
            0.0078135882864636,
            0.006665292000274046,
            0.0035968625974662416,
            0.004731852951291393,
            0.007595150921325613,
            0.0054725376725723585,
            0.005715066821725141,
            0.0035781958491967803,
            0.004987343157946795
        ]
    },
    "q2": {
        "avg_wait": [
            3.7300929701002863,
            3.3970052134384643,
            3.7639866916720504,
            3.8051258024066192,
            3.6954804643897887,
            3.946921049156071,
            4.079139974885141,
            3.431261279546865,
            3.500544393153114,
            3.9490488835099753,
            3.5377835307503736,
            3.758764982875787,
            3.8193472975484672,
            3.9395074819711784,
            4.5040177708112825,
            3.6289442207391223,
            3.6387513587238005,
            3.9742838933097575,
            3.9825615015622393
        ],
        "avg_delay": [
            1.101831756980039,
            0.7620583003586108,
            1.028572017233372,
            1.2138166745394448,
            1.0848889714081997,
            1.4098357514755067,
            1.4150301493984507,
            0.6954434004338348,
            0.8627749584886664,
            1.2888858497655065,
            0.9031064536044269,
            1.0791622829553857,
            1.2604828769108787,
            1.326202284496664,
            1.7951739997742555,
            0.9739214315195914,
            0.9540473140594057,
            1.3414192992354619,
            1.2384085403657656
        ],
        "avg_number": [
            0.2242210127235328,
            0.08711058255228288,
            0.07571272892476325,
            0.062207127249136775,
            0.04667623436862628,
            0.046186328646361005,
            0.04369778131841579,
            0.020076332731626897,
            0.020161019376291032,
            0.027543395622616155,
            0.01777613965600504,
            0.02009247585313261,
            0.023185300550567264,
            0.021956678801516565,
            0.024667406106823653,
            0.012186182118513349,
            0.011561367907875047,
            0.016346268450162186,
            0.013038883139865209
        ]
    },