{
    "seed": 362834327,
    "arrival_stream": 0,
    "service_stream": 1,
    "observation_period": 40000.0,
    "interarrivals": 5.0,
    "batch_size": 0,
    "k": 0,
    "servers": 2,
    "acquisition_time": [
        58.32113143030398,
        64.40810682313021,
        70.63325806593892,
        87.90034165356465,
        93.28536231634514,
        124.12396243822494,
        158.87133227220232,
        191.79370262229781,
        211.8312984642605,
        261.56853462879553,
        295.4689761326392,
        365.22883244897537,
        434.616954020463,
        509.731736881903,
        593.3724205943311,
        778.8886830570555,
        901.0937511649576,
        1040.7716475709663,
        1273.7431575056335,
        1516.929761260511,
        1806.6421975595056,
        2106.0479294573947,
        2600.57872794769,
        3217.9992215486864,
        3822.687810725017,
        4604.529351312971,
        5499.231050118256,
        6605.892386488689,
        7809.561075115031,
        9257.910257537089,
        11077.811836132767,
        13379.998686980081,
        16039.833682649263,
        19432.555169900304,
        23079.561556168544,
        27738.303872342567,
        33402.02141659586
    ],
    "avg_utilization1": [
        0.3500134699624984,
        0.35008569805876,
        0.3192314450052544,
        0.32526636978402546,
        0.36056400839765346,
        0.4318448652540028,
        0.35965534764580437,
        0.3586242536330662,
        0.3716399053853213,
        0.3695215197994576,
        0.39799492495468547,
        0.40172781509294125,
        0.4013727542661575,
        0.3903399986819716,
        0.42779718544011414,
        0.3938468197470593,
        0.41420627244721386,
        0.4301182449442571,
        0.4368203560530518,
        0.4396224182440485,
        0.45669903312637056,
        0.47668019545139473,
        0.45303108965378724,
        0.4398915733438933,
        0.44727245470118765,
        0.44980955785024396,
        0.4562098980556691,
        0.4521465827097376,
        0.46526792483001256,
        0.4665060869034594,
        0.47147509142269256,
        0.4674855542725433,
        0.46650492959195133,
        0.4585518409137303,
        0.46421448927082176,
        0.467939020792539,
        0.4660535646974716
    ],
    "avg_utilization2": [
        0.5585289133839137,
        0.5057443817521139,
        0.49662471927639046,
        0.5013653312883113,
        0.5031028923820232,
        0.4369586056101728,
        0.41270365534241316,
        0.3773798492774552,
        0.37923390921465217,
        0.46442615899601875,
        0.47145638026433134,
        0.4434011613004015,
        0.4835181704666877,
        0.48475614033299597,
        0.5283794904887948,
        0.47927239594865684,
        0.47527779142460913,
        0.47150108508687205,
        0.4534897187974366,
        0.448887538628918,
        0.42879235884692946,
        0.4349751599031079,
        0.4138673834572884,
        0.40466401169353233,
        0.41186343658580504,
        0.41361470605135353,
        0.41534360484932803,
        0.4185830633617973,
        0.4394114904597266,
        0.45288503763359017,
        0.4530115271878919,
        0.45358634319416963,
        0.4551351710858237,
        0.45142972301067824,
        0.4585845938205125,
        0.46131288564941564,
        0.46048303375381433
    ],
    "avg_utilization3": [],
    "avg_utilization4": [],
    "avg_utilization5": [],
    "avg_utilization6": [],
    "global": {
        "avg_wait": [
            5.389095739446632,
            4.6688444040187855,
            4.180736902979363,
            4.236564505156838,
            4.107782628447476,
            4.498821407557567,
            4.339319265737518,
            4.388304305997156,
            4.1194586599395215,
            4.218828100152368,
            4.723007045165015,
            5.097849413368591,
            5.348328202259686,
            5.288834032880781,
            5.870181823907233,
            5.707819092112206,
            5.47485742767017,
            5.444945030947016,
            5.567313265529981,
            5.368802968905094,
            5.406108265126146,
            5.462019982387469,
            5.221920470002568,
            5.205191249199661,
            5.159844491369463,
            5.3067454650390005,
            5.2824829466692025,
            5.266103490206933,
            5.494380944199903,
            5.611653530718202,
            5.685138690496228,
            5.689030682481491,
            5.718650814770423,
            5.669547876714722,
            5.690925444808743,
            5.791340593530323,
            5.812841419115243
        ],
        "avg_delay": [
            0.09037376453186,
            0.07531147044321666,
            0.06455268895132855,
            0.07338066326354419,
            0.15672774546099932,
            0.13060645455083275,
            0.10808810031793055,
            0.28938911552928415,
            0.2399812177559917,
            0.2731941121790305,
            0.6313823907731271,
            0.8293756181621317,
            0.8763677563557324,
            0.9581129175531433,
            1.2687566995917914,
            1.1222673952192532,
            0.9566792653519293,
            1.0394058966825614,
            1.1400277938169245,
            1.0116236118235382,
            1.0589177370971548,
            1.1245303803884252,
            0.991638963029653,
            0.9319534894433279,
            0.8625745458675289,
            0.9665027076474122,
            0.9213600303684913,
            0.9052647186573199,
            1.036673440791651,
            1.1294836926244145,
            1.1913744052875146,
            1.1830194288365812,
            1.214132043572717,
            1.18059029722327,
            1.1834549173627538,
            1.2472650912868444,
            1.2643118328822058
        ],
        "avg_number": [
            0.9240382700542789,
            0.8698615067522112,
            0.8286509534512867,
            0.8193551382487206,
            0.8806917883895541,
            0.8698700207473467,
            0.7920891510545118,
            0.7779314146603119,
            0.7973222384133019,
            0.8064479365110774,
            0.9431021128243378,
            0.9910151559563309,
            1.058302537762199,
            1.0686992117050202,
            1.2168283177323793,
            1.0845673380655936,
            1.0754150313935782,
            1.1143398211302964,
            1.1189321705693807,
            1.0865516344568606,
            1.1011853062293453,
            1.1463237842062135,
            1.06423151868411,
            1.0287453186199904,
            1.0298935047401139,
            1.0556950504810285,
            1.0556837320491586,
            1.0514840535080274,
            1.1137124034259935,
            1.151072948256128,
            1.1695839636290446,
            1.162892409827188,
            1.169768570827396,
            1.1489317458923298,
            1.1650837760188923,
            1.1838107087022756,
            1.1840772306076461
        ]
    },