{
    "seed": 1512353119,
    "arrival_stream": 0,
    "service_stream": 1,
    "observation_period": 90000.0,
    "interarrivals": 2,
    "batch_size": 2048,
    "k": 8,
    "servers": 3,
    "acquisition_time": [],
    "avg_utilization1": [
        0.741371445031652,
        0.7188764503753352,
        0.7058605984306183,
        0.6642234779043756,
        0.7618444353410617,
        0.6755273588170206,
        0.7302274541311609,
        0.75704672211224
    ],
    "avg_utilization2": [
        0.7573413021588481,
        0.7520878595777429,
        0.7365562378121056,
        0.7013732621921668,
        0.7188654794845231,
        0.772634792255572,
        0.7033701958458308,
        0.7134452965854795
    ],
    "avg_utilization3": [
        0.7621220149644071,
        0.739641540882781,
        0.7767534155465897,
        0.7075252325933682,
        0.730169912055813,
        0.7622495171967821,
        0.7905619688197014,
        0.7822994277108063
    ],
    "avg_utilization4": [],
    "avg_utilization5": [],
    "avg_utilization6": [],
    "avg_utilization7": [],
    "avg_utilization8": [],
    "avg_utilization9": [],
    "global": {
        "avg_wait": [
            14.03521517081628,
            13.3554511894231,
            16.413876737634325,
            11.622695347253291,
            15.520023921879968,
            15.859535408638914,
            14.677727080009472,
            15.256627366858103
        ],
        "avg_delay": [
            9.634458704448399,
            8.937434185963792,
            11.984789162758283,
            7.447042036164506,
            11.077043529936372,
            11.422773430073468,
            10.147764647884586,
            10.854892934747118
        ],
        "avg_number": [
            7.200972926508037,
            3.382457620444063,
            2.7620990294013095,
            1.4608289157421235,
            1.5572736511830834,
            1.3245922868884983,
            1.047578312204997,
            0.9557542942937189
        ]
    },
    "c1": {
        "avg_wait": [
            13.408232151096755,
            12.156106334223956,
            12.095655253385004,
            9.62185563520427,
            17.491855602729633,
            11.96201477835654,
            14.356404273936409,
            13.899221720775682
        ],
        "avg_delay": [
            8.951406710894567,
            7.684928349291985,
            7.6988580326293174,
            5.629383707502383,
            13.033677213739622,
            7.703458770093391,
            9.973963138642867,
            9.565302352582526
        ],
        "avg_number": [
            1.4890233906089125,
            0.624380080575682,
            0.41561365329992916,
            0.23699954798550435,
            0.4489157917804316,
            0.20483075550413157,
            0.2419216504990825,
            0.2042264045972139
        ]
    },
    "c2": {
        "avg_wait": [
            13.577384696260825,
            13.522885249512127,
            14.012192733048217,
            12.240082173307691,
            16.880390822311263,
            18.909914589618694,
            13.716518185210685,
            14.014531280824725
        ],
        "avg_delay": [
            9.076087825318426,
            9.13745603522333,
            9.534771428025623,
            8.022421495954086,
            12.398441863568035,
            14.31546323128399,
            9.198813404155192,
            9.607632454292052
        ],
        "avg_number": [
            1.5211321944535394,
            0.795502972330312,
            0.5256914720757583,
            0.3382398423232518,
            0.40091623415650784,
            0.4039925058429342,
            0.2077325506271433,
            0.19072992764971522
        ]
    },
    "c3": {
        "avg_wait": [
            15.045851971615415,
            14.330845645846937,
            22.592489907396985,
            13.027778744240342,
            12.185659212504834,
            16.47078691106235,
            15.880147586907862,
            17.758181576274925
        ],
        "avg_delay": [
            10.791237224529096,
            9.930274000832295,
            18.178981735675432,
            8.70871303555232,
            7.795822537366178,
            12.023983395796945,
            11.193057625681293,
            13.293703602601932
        ],
        "avg_number": [
            1.9329447128617785,
            0.8436490390289952,
            1.075474642327444,
            0.36076159897529425,
            0.2616345612929365,
            0.34520957697355636,
            0.2746117635245906,
            0.2850504796792652
        ]
    },
    "c4": {
        "avg_wait": [],
        "avg_delay": [],
        "avg_number": []
    },
    "c5": {
        "avg_wait": [],
        "avg_delay": [],
        "avg_number": []
    },
    "c6": {
        "avg_wait": [],
        "avg_delay": [],
        "avg_number": []
    },
    "mean_conditional_slowdown": {
        "(1.24)": [
            12.318721911948613,
            11.770525152760564,
            14.23699736905994,
            10.373141409075235,
            13.516148324096749,
            13.789947910192673,
            12.836876677426993,
            13.303731747466212
        ],
        "(2.65)": [
            6.296307611628785,
            6.039792901669094,
            7.193915750050689,
            5.385922772548412,
            6.8566128007094225,
            6.984730342882609,
            6.538764935852631,
            6.757217874286077
        ],
        "(4.42)": [
            4.175388047695991,
            4.021595291724683,
            4.713546773220436,
            3.6295690830889797,
            4.5113176293846085,
            4.58813018294998,
            4.320752733033817,
            4.451725648610431
        ],
        "(8.26)": [
            2.6991785921085087,
            2.6168827105839103,
            2.9871521474133567,
            2.40710597424374,
            2.878937520808713,
            2.92004060637275,
            2.776964537531413,
            2.847049318021562
        ]
    }
}