{
    "interarrival": 2,
    "servers": 3,
    "seed": 1512353119,
    "GLOBAL AVG WAIT": {
        "mean": 14.574884947473178,
        "half_confidence_interval": 1.8853965679918487,
        "stdev": 1.64004694662172,
        "confidence": 95
    },
    "GLOBAL AVG DELAY": {
        "mean": 10.169474498796834,
        "half_confidence_interval": 1.7944944545910135,
        "stdev": 1.5609740682387434,
        "confidence": 95
    },
    "GLOBAL AVG NUMBER": {
        "mean": 1.9224716359773455,
        "half_confidence_interval": 0.9738756911960087,
        "stdev": 0.8471437154658259,
        "confidence": 95
    },
    "QUEUE1 AVG WAIT": {
        "mean": 0.0,
        "half_confidence_interval": 0.0,
        "stdev": 0.0,
        "confidence": 95
    },
    "QUEUE1 AVG DELAY": {
        "mean": 0.0,
        "half_confidence_interval": 0.0,
        "stdev": 0.0,
        "confidence": 95
    },
    "QUEUE1 AVG NUMBER": {
        "mean": 0.0,
        "half_confidence_interval": 0.0,
        "stdev": 0.0,
        "confidence": 95
    },
    "QUEUE2 AVG WAIT": {
        "mean": 0.0,
        "half_confidence_interval": 0.0,
        "stdev": 0.0,
        "confidence": 95
    },
    "QUEUE2 AVG DELAY": {
        "mean": 0.0,
        "half_confidence_interval": 0.0,
        "stdev": 0.0,
        "confidence": 95
    },
    "QUEUE2 AVG NUMBER": {
        "mean": 0.0,
        "half_confidence_interval": 0.0,
        "stdev": 0.0,
        "confidence": 95
    },
    "QUEUE3 AVG WAIT": {
        "mean": 0.0,
        "half_confidence_interval": 0.0,
        "stdev": 0.0,
        "confidence": 95
    },
    "QUEUE3 AVG DELAY": {
        "mean": 0.0,
        "half_confidence_interval": 0.0,
        "stdev": 0.0,
        "confidence": 95
    },
    "QUEUE3 AVG NUMBER": {
        "mean": 0.0,
        "half_confidence_interval": 0.0,
        "stdev": 0.0,
        "confidence": 95
    },
    "UTILIZATION1": {
        "mean": 0.7094266291665954,
        "half_confidence_interval": 0.03776452682673872,
        "stdev": 0.03285016954219609,
        "confidence": 95
    },
    "UTILIZATION2": {
        "mean": 0.7308146378613235,
        "half_confidence_interval": 0.029672189608388938,
        "stdev": 0.02581090089638341,
        "confidence": 95
    },
    "UTILIZATION3": {
        "mean": 0.7511502645158393,
        "half_confidence_interval": 0.03254186888349148,
        "stdev": 0.028307144293033056,
        "confidence": 95
    },
    "UTILIZATION4": {
        "mean": 0.0,
        "half_confidence_interval": 0.0,
        "stdev": 0.0,
        "confidence": 95
    },
    "UTILIZATION5": {
        "mean": 0.0,
        "half_confidence_interval": 0.0,
        "stdev": 0.0,
        "confidence": 95
    },
    "UTILIZATION6": {
        "mean": 0.0,
        "half_confidence_interval": 0.0,
        "stdev": 0.0,
        "confidence": 95
    }
}