{
    "interarrival": 2,
    "servers": 3,
    "seed": 1512353119,
    "GLOBAL AVG WAIT": {
        "mean": 15.034675866184552,
        "half_confidence_interval": 0.8607076437959529,
        "stdev": 2.7986608287371935,
        "confidence": 95
    },
    "GLOBAL AVG DELAY": {
        "mean": 10.610979733815174,
        "half_confidence_interval": 0.8363375853737326,
        "stdev": 2.719419603924191,
        "confidence": 95
    },
    "GLOBAL AVG NUMBER": {
        "mean": 0.5727694325559197,
        "half_confidence_interval": 0.20749471226833582,
        "stdev": 0.6746859140630032,
        "confidence": 95
    },
    "QUEUE1 AVG WAIT": {
        "mean": 0.0,
        "half_confidence_interval": 0.0,
        "stdev": 0.0,
        "confidence": 95
    },
    "QUEUE1 AVG DELAY": {
        "mean": 0.0,
        "half_confidence_interval": 0.0,
        "stdev": 0.0,
        "confidence": 95
    },
    "QUEUE1 AVG NUMBER": {
        "mean": 0.0,
        "half_confidence_interval": 0.0,
        "stdev": 0.0,
        "confidence": 95
    },
    "QUEUE2 AVG WAIT": {
        "mean": 0.0,
        "half_confidence_interval": 0.0,
        "stdev": 0.0,
        "confidence": 95
    },
    "QUEUE2 AVG DELAY": {
        "mean": 0.0,
        "half_confidence_interval": 0.0,
        "stdev": 0.0,
        "confidence": 95
    },
    "QUEUE2 AVG NUMBER": {
        "mean": 0.0,
        "half_confidence_interval": 0.0,
        "stdev": 0.0,
        "confidence": 95
    },
    "QUEUE3 AVG WAIT": {
        "mean": 0.0,
        "half_confidence_interval": 0.0,
        "stdev": 0.0,
        "confidence": 95
    },
    "QUEUE3 AVG DELAY": {
        "mean": 0.0,
        "half_confidence_interval": 0.0,
        "stdev": 0.0,
        "confidence": 95
    },
    "QUEUE3 AVG NUMBER": {
        "mean": 0.0,
        "half_confidence_interval": 0.0,
        "stdev": 0.0,
        "confidence": 95
    },
    "UTILIZATION1": {
        "mean": 0.7261371567423062,
        "half_confidence_interval": 0.01434320771972177,
        "stdev": 0.046638105160296,
        "confidence": 95
    },
    "UTILIZATION2": {
        "mean": 0.7346069571488477,
        "half_confidence_interval": 0.017386501280181436,
        "stdev": 0.05653362141299674,
        "confidence": 95
    },
    "UTILIZATION3": {
        "mean": 0.7498695604908142,
        "half_confidence_interval": 0.01791820282037039,
        "stdev": 0.05826249216700022,
        "confidence": 95
    },
    "UTILIZATION4": {
        "mean": 0.0,
        "half_confidence_interval": 0.0,
        "stdev": 0.0,
        "confidence": 95
    },
    "UTILIZATION5": {
        "mean": 0.0,
        "half_confidence_interval": 0.0,
        "stdev": 0.0,
        "confidence": 95
    },
    "UTILIZATION6": {
        "mean": 0.0,
        "half_confidence_interval": 0.0,
        "stdev": 0.0,
        "confidence": 95
    }
}