{
    "seed": 1613016760,
    "arrival_stream": 0,
    "service_stream": 1,
    "observation_period": 20000.0,
    "interarrivals": 2,
    "batch_size": 512,
    "k": 209,
    "servers": 3,
    "acquisition_time": [],
    "avg_utilization1": [
        0.7124582639257099,
        0.7682398275303944,
        0.7724767719759141,
        0.7215888860182551,
        0.8186740457336117,
        0.7246904268377712,
        0.7326574408341784,
        0.7003346258697964,
        0.7421919011059259,
        0.6904941150821338,
        0.7629011100025737,
        0.7514137857700431,
        0.7683734093147472,
        0.6991115309687298,
        0.7411172352275571,
        0.6860236986521883,
        0.7557623083456334,
        0.7729674102539165,
        0.7067482192474417
    ],
    "avg_utilization2": [
        0.6806232261894236,
        0.7445192748978294,
        0.7796929318949436,
        0.695070984554773,
        0.8073380187249484,
        0.7148450799813655,
        0.7400206163422776,
        0.6971504064357571,
        0.6933295199247215,
        0.738860883861872,
        0.7331013656088883,
        0.7198026605664796,
        0.7972631063205796,
        0.6751203712998481,
        0.6853694203167358,
        0.7003126900413066,
        0.797893460573407,
        0.7490906144015635,
        0.6835226418421446
    ],
    "avg_utilization3": [
        0.7266880122646822,
        0.7468138256113938,
        0.7776715645693775,
        0.7447437643751671,
        0.827053436280494,
        0.7214656675832242,
        0.7517333777587845,
        0.7341436696038844,
        0.7131472166126454,
        0.7413481516167618,
        0.7301301211316276,
        0.7502770643349278,
        0.7935000639418646,
        0.6672657230305841,
        0.7008555798566923,
        0.6968164720700711,
        0.7411821447652981,
        0.7446975766207456,
        0.6688402653193299
    ],
    "avg_utilization4": [],
    "avg_utilization5": [],
    "avg_utilization6": [],
    "avg_utilization7": [],
    "avg_utilization8": [],
    "avg_utilization9": [],
    "global": {
        "avg_wait": [
            5.109130909933206,
            6.7603837517067324,
            6.5161616707464285,
            6.346049923999385,
            8.110148047864714,
            6.096474805210871,
            5.894260923054224,
            5.853969732990127,
            5.531211860566394,
            6.780555789928734,
            5.931283226781154,
            5.832213966814738,
            7.6301326049245475,
            5.428485433740288,
            6.720533016179914,
            6.442522378955818,
            6.836529988898526,
            6.676075834345781,
            5.474164573621238
        ],
        "avg_delay": [
            1.0712249536186316,
            2.3391842232511437,
            1.9929640659730259,
            1.8868308265212104,
            3.449962289386697,
            1.632315720817708,
            1.321161362041737,
            1.4255243373499624,
            1.1747010391151456,
            2.2511704316728114,
            1.5226115112388783,
            1.388804946498034,
            2.782443970582481,
            1.1985141917253017,
            2.4175021855783427,
            2.2701137969131686,
            2.365205981025447,
            2.2765374251042303,
            1.1185819240726076
        ],
        "avg_number": [
            2.6818701258152773,
            1.750361291839275,
            1.121066130909788,
            0.8059115695727167,
            0.8297633885043642,
            0.515301543695145,
            0.42435415668464427,
            0.3666030831529096,
            0.30743158971814893,
            0.3374983185374248,
            0.26885863658908477,
            0.2422608216608261,
            0.2921288488457525,
            0.19254862874956863,
            0.22246293982023704,
            0.19997132601203063,
            0.2001263258564203,
            0.18491051884176546,
            0.14320040268301917
        ]
    },
    "q1": {
        "avg_wait": [
            1.890243177623617,
            2.063758095249896,
            1.8686496946564968,
            2.2061581617293182,
            2.275743647888899,
            2.0523813724117086,
            2.0292956045923702,
            1.7645972648781876,
            1.8326201993090396,
            1.8964722857410548,
            2.1388354653576656,
            1.9564677547764207,
            2.038158162662667,
            1.9249143476692268,
            1.9585221136575333,
            1.9464957037885995,
            1.9326983446581778,
            2.34857661134518,
            2.034040545338917
        ],
        "avg_delay": [
            0.642713164939235,
            0.8352843754075534,
            0.6432907663939051,
            0.9671377364713761,
            1.0313282088424405,
            0.8037796244704319,
            0.7852851947372885,
            0.5561205023242083,
            0.6128849585662701,
            0.670382099415292,
            0.8998134048726225,
            0.7126157669332462,
            0.8198739602583921,
            0.7173925775043979,
            0.7273484855685504,
            0.6943784435385499,
            0.7447635037859871,
            1.1105965646339309,
            0.7697441276167493
        ],
        "avg_number": [
            0.07379993332239743,
            0.046886058688423736,
            0.021183748590706278,
            0.027106953944150025,
            0.020196610866004442,
            0.013932818863815038,
            0.01026926830472745,
            0.007006188383741595,
            0.008183560752163133,
            0.0055395909074447405,
            0.008842616816280728,
            0.005723614799532696,
            0.005701674787922777,
            0.005665699318681836,
            0.005737019970768202,
            0.004167477408835034,
            0.004556178203901159,
            0.005527319231454362,
            0.0038934805313533853
        ]
    },
    "q2": {
        "avg_wait": [
            3.623795442642513,
            3.843210241510818,
            3.9949458579799293,
            4.236231067724166,
            4.516131512299746,
            3.673102740386004,
            3.562179511260507,
            3.975696651840118,
            3.569556789406546,
            3.6104295646387077,
            3.63469127093747,
            3.9406516074234927,
            4.144394845388556,
            3.729826323789659,
            3.7546014017765614,
            3.763821401534304,
            4.102795745558553,
            3.852442869564351,
            3.316229409160772
        ],
        "avg_delay": [
            0.8728215813317654,
            1.1345855703469425,
            1.3290342220906288,
            1.6083197081737737,
            1.9291676652539747,
            1.0787641766450036,
            0.9314144955172835,
            1.2939385679656128,
            0.9351474319771215,
            0.9284242366045251,
            0.8710200287925037,
            1.2991187338737944,
            1.4838972252593368,
            1.054252158361851,
            1.1587888826750226,
            1.1882199765792252,
            1.4089044313672832,
            1.1798166628344064,
            0.7061769122221875
        ],
        "avg_number": [
            0.22192074814058405,
            0.12679902670126258,
            0.10092854752406026,
            0.0885603457479392,
            0.0863522221347544,
            0.038467411773492444,
            0.030777971802410483,
            0.03671785667416437,
            0.022130682906283436,
            0.020849459841328077,
            0.017119318988158938,
            0.02466291915083139,
            0.02363501198548862,
            0.016798253356614726,
            0.01565793904877286,
            0.017504308256527375,
            0.01764104013146405,
            0.015828384857361055,
            0.008623187791275062
        ]
    },