{
    "interarrival": 1.0,
    "servers": 6,
    "seed": 2092383821,
    "GLOBAL AVG WAIT": {
        "mean": 5.114089802817748,
        "half_confidence_interval": 0.05315567735496122,
        "stdev": 0.20761863130138025,
        "confidence": 95
    },
    "GLOBAL AVG DELAY": {
        "mean": 0.7041418451259358,
        "half_confidence_interval": 0.04334289009115987,
        "stdev": 0.16929125852881036,
        "confidence": 95
    },
    "GLOBAL AVG NUMBER": {
        "mean": 5.120184590669872,
        "half_confidence_interval": 0.07075765004868027,
        "stdev": 0.2763694714885975,
        "confidence": 95
    },
    "QUEUE1 AVG WAIT": {
        "mean": 1.5161860496529693,
        "half_confidence_interval": 0.011256384244466094,
        "stdev": 0.04396586040343906,
        "confidence": 95
    },
    "QUEUE1 AVG DELAY": {
        "mean": 0.2866735143917984,
        "half_confidence_interval": 0.01116616673358574,
        "stdev": 0.04361348344089344,
        "confidence": 95
    },
    "QUEUE1 AVG NUMBER": {
        "mean": 0.05791680003232651,
        "half_confidence_interval": 0.0024411839004077674,
        "stdev": 0.009534922427440778,
        "confidence": 95
    },
    "QUEUE2 AVG WAIT": {
        "mean": 3.124746799121717,
        "half_confidence_interval": 0.02249520985015474,
        "stdev": 0.08786313922289894,
        "confidence": 95
    },
    "QUEUE2 AVG DELAY": {
        "mean": 0.46959129768740365,
        "half_confidence_interval": 0.02100184681122559,
        "stdev": 0.08203027233818035,
        "confidence": 95
    },
    "QUEUE2 AVG NUMBER": {
        "mean": 0.20906616910545703,
        "half_confidence_interval": 0.00991158621554201,
        "stdev": 0.038713267641286,
        "confidence": 95
    },
    "QUEUE3 AVG WAIT": {
        "mean": 9.660092253307491,
        "half_confidence_interval": 0.1085482054277462,
        "stdev": 0.42397408823586913,
        "confidence": 95
    },
    "QUEUE3 AVG DELAY": {
        "mean": 1.235607076211919,
        "half_confidence_interval": 0.09826193236771816,
        "stdev": 0.38379734625487444,
        "confidence": 95
    },
    "QUEUE3 AVG NUMBER": {
        "mean": 0.43960721952978915,
        "half_confidence_interval": 0.03673282848537342,
        "stdev": 0.1434732836350505,
        "confidence": 95
    },
    "QUEUE4 AVG WAIT": {
        "mean": 0.0,
        "half_confidence_interval": 0.0,
        "stdev": 0.0,
        "confidence": 95
    },
    "QUEUE4 AVG DELAY": {
        "mean": 0.0,
        "half_confidence_interval": 0.0,
        "stdev": 0.0,
        "confidence": 95
    },
    "QUEUE4 AVG NUMBER": {
        "mean": 0.0,
        "half_confidence_interval": 0.0,
        "stdev": 0.0,
        "confidence": 95
    },
    "QUEUE5 AVG WAIT": {
        "mean": 0.0,
        "half_confidence_interval": 0.0,
        "stdev": 0.0,
        "confidence": 95
    },
    "QUEUE5 AVG DELAY": {
        "mean": 0.0,
        "half_confidence_interval": 0.0,
        "stdev": 0.0,
        "confidence": 95
    },
    "QUEUE5 AVG NUMBER": {
        "mean": 0.0,
        "half_confidence_interval": 0.0,
        "stdev": 0.0,
        "confidence": 95
    },
    "QUEUE6 AVG WAIT": {
        "mean": 0.0,
        "half_confidence_interval": 0.0,
        "stdev": 0.0,
        "confidence": 95
    },
    "QUEUE6 AVG DELAY": {
        "mean": 0.0,
        "half_confidence_interval": 0.0,
        "stdev": 0.0,
        "confidence": 95
    },
    "QUEUE6 AVG NUMBER": {
        "mean": 0.0,
        "half_confidence_interval": 0.0,
        "stdev": 0.0,
        "confidence": 95
    },
    "UTILIZATION1": {
        "mean": 0.7366312520168506,
        "half_confidence_interval": 0.005418732544336129,
        "stdev": 0.02116481042524632,
        "confidence": 95
    },
    "UTILIZATION2": {
        "mean": 0.735965868184582,
        "half_confidence_interval": 0.006120742111009766,
        "stdev": 0.023906761476306573,
        "confidence": 95
    },
    "UTILIZATION3": {
        "mean": 0.7361168413524418,
        "half_confidence_interval": 0.005832341751845907,
        "stdev": 0.022780310063852918,
        "confidence": 95
    },
    "UTILIZATION4": {
        "mean": 0.734544213494681,
        "half_confidence_interval": 0.006016352882031649,
        "stdev": 0.023499031767618733,
        "confidence": 95
    },
    "UTILIZATION5": {
        "mean": 0.736881637397569,
        "half_confidence_interval": 0.005141149694683182,
        "stdev": 0.0200806106899512,
        "confidence": 95
    },
    "UTILIZATION6": {
        "mean": 0.7335887780313923,
        "half_confidence_interval": 0.005738718697322329,
        "stdev": 0.02241463152478289,
        "confidence": 95
    }
}