{
    "interarrival": 2,
    "servers": 3,
    "seed": 852184160,
    "GLOBAL AVG WAIT": {
        "mean": 14.884612040621846,
        "half_confidence_interval": 0.9284163882970825,
        "stdev": 3.0188213122232788,
        "confidence": 95
    },
    "GLOBAL AVG DELAY": {
        "mean": 10.413625628230083,
        "half_confidence_interval": 0.9176628858290004,
        "stdev": 2.983855425320705,
        "confidence": 95
    },
    "GLOBAL AVG NUMBER": {
        "mean": 0.5565587001904246,
        "half_confidence_interval": 0.20427527156892955,
        "stdev": 0.66421764107761,
        "confidence": 95
    },
    "QUEUE1 AVG WAIT": {
        "mean": 0.0,
        "half_confidence_interval": 0.0,
        "stdev": 0.0,
        "confidence": 95
    },
    "QUEUE1 AVG DELAY": {
        "mean": 0.0,
        "half_confidence_interval": 0.0,
        "stdev": 0.0,
        "confidence": 95
    },
    "QUEUE1 AVG NUMBER": {
        "mean": 0.0,
        "half_confidence_interval": 0.0,
        "stdev": 0.0,
        "confidence": 95
    },
    "QUEUE2 AVG WAIT": {
        "mean": 0.0,
        "half_confidence_interval": 0.0,
        "stdev": 0.0,
        "confidence": 95
    },
    "QUEUE2 AVG DELAY": {
        "mean": 0.0,
        "half_confidence_interval": 0.0,
        "stdev": 0.0,
        "confidence": 95
    },
    "QUEUE2 AVG NUMBER": {
        "mean": 0.0,
        "half_confidence_interval": 0.0,
        "stdev": 0.0,
        "confidence": 95
    },
    "QUEUE3 AVG WAIT": {
        "mean": 0.0,
        "half_confidence_interval": 0.0,
        "stdev": 0.0,
        "confidence": 95
    },
    "QUEUE3 AVG DELAY": {
        "mean": 0.0,
        "half_confidence_interval": 0.0,
        "stdev": 0.0,
        "confidence": 95
    },
    "QUEUE3 AVG NUMBER": {
        "mean": 0.0,
        "half_confidence_interval": 0.0,
        "stdev": 0.0,
        "confidence": 95
    },
    "UTILIZATION1": {
        "mean": 0.7366126551909916,
        "half_confidence_interval": 0.01592810063540364,
        "stdev": 0.05179151323426155,
        "confidence": 95
    },
    "UTILIZATION2": {
        "mean": 0.73473738133622,
        "half_confidence_interval": 0.015228668989158799,
        "stdev": 0.049517254413819774,
        "confidence": 95
    },
    "UTILIZATION3": {
        "mean": 0.7505514562550389,
        "half_confidence_interval": 0.014170106562304267,
        "stdev": 0.04607525268400466,
        "confidence": 95
    },
    "UTILIZATION4": {
        "mean": 0.0,
        "half_confidence_interval": 0.0,
        "stdev": 0.0,
        "confidence": 95
    },
    "UTILIZATION5": {
        "mean": 0.0,
        "half_confidence_interval": 0.0,
        "stdev": 0.0,
        "confidence": 95
    },
    "UTILIZATION6": {
        "mean": 0.0,
        "half_confidence_interval": 0.0,
        "stdev": 0.0,
        "confidence": 95
    }
}