{
    "interarrival": 5,
    "servers": 2,
    "seed": 867920539,
    "GLOBAL AVG WAIT": {
        "mean": 5.642018130953525,
        "half_confidence_interval": 0.057254763902512835,
        "stdev": 0.21187784673002108,
        "confidence": 95
    },
    "GLOBAL AVG DELAY": {
        "mean": 1.1927293186367105,
        "half_confidence_interval": 0.043460787195740785,
        "stdev": 0.1608316475447222,
        "confidence": 95
    },
    "GLOBAL AVG NUMBER": {
        "mean": 1.129139783557091,
        "half_confidence_interval": 0.015181402553719784,
        "stdev": 0.05618052829456551,
        "confidence": 95
    },
    "QUEUE1 AVG WAIT": {
        "mean": 5.649609960352193,
        "half_confidence_interval": 0.06104558426846205,
        "stdev": 0.22590621400868482,
        "confidence": 95
    },
    "QUEUE1 AVG DELAY": {
        "mean": 1.197266961457842,
        "half_confidence_interval": 0.04573249606025576,
        "stdev": 0.16923836778603665,
        "confidence": 95
    },
    "QUEUE1 AVG NUMBER": {
        "mean": 0.11995987106770435,
        "half_confidence_interval": 0.004857580948934466,
        "stdev": 0.01797603765390492,
        "confidence": 95
    },
    "QUEUE2 AVG WAIT": {
        "mean": 5.635980602311289,
        "half_confidence_interval": 0.0663130558893826,
        "stdev": 0.24539909929334772,
        "confidence": 95
    },
    "QUEUE2 AVG DELAY": {
        "mean": 1.1888008859280879,
        "half_confidence_interval": 0.04523352431955157,
        "stdev": 0.16739186540276693,
        "confidence": 95
    },
    "QUEUE2 AVG NUMBER": {
        "mean": 0.11893675865638481,
        "half_confidence_interval": 0.00475080695941889,
        "stdev": 0.01758090821063529,
        "confidence": 95
    },
    "QUEUE3 AVG WAIT": {
        "mean": 0.0,
        "half_confidence_interval": 0.0,
        "stdev": 0.0,
        "confidence": 95
    },
    "QUEUE3 AVG DELAY": {
        "mean": 0.0,
        "half_confidence_interval": 0.0,
        "stdev": 0.0,
        "confidence": 95
    },
    "QUEUE3 AVG NUMBER": {
        "mean": 0.0,
        "half_confidence_interval": 0.0,
        "stdev": 0.0,
        "confidence": 95
    },
    "QUEUE4 AVG WAIT": {
        "mean": 0.0,
        "half_confidence_interval": 0.0,
        "stdev": 0.0,
        "confidence": 95
    },
    "QUEUE4 AVG DELAY": {
        "mean": 0.0,
        "half_confidence_interval": 0.0,
        "stdev": 0.0,
        "confidence": 95
    },
    "QUEUE4 AVG NUMBER": {
        "mean": 0.0,
        "half_confidence_interval": 0.0,
        "stdev": 0.0,
        "confidence": 95
    },
    "QUEUE5 AVG WAIT": {
        "mean": 0.0,
        "half_confidence_interval": 0.0,
        "stdev": 0.0,
        "confidence": 95
    },
    "QUEUE5 AVG DELAY": {
        "mean": 0.0,
        "half_confidence_interval": 0.0,
        "stdev": 0.0,
        "confidence": 95
    },
    "QUEUE5 AVG NUMBER": {
        "mean": 0.0,
        "half_confidence_interval": 0.0,
        "stdev": 0.0,
        "confidence": 95
    },
    "QUEUE6 AVG WAIT": {
        "mean": 0.0,
        "half_confidence_interval": 0.0,
        "stdev": 0.0,
        "confidence": 95
    },
    "QUEUE6 AVG DELAY": {
        "mean": 0.0,
        "half_confidence_interval": 0.0,
        "stdev": 0.0,
        "confidence": 95
    },
    "QUEUE6 AVG NUMBER": {
        "mean": 0.0,
        "half_confidence_interval": 0.0,
        "stdev": 0.0,
        "confidence": 95
    },
    "UTILIZATION1": {
        "mean": 0.445646889366917,
        "half_confidence_interval": 0.0039864512616590835,
        "stdev": 0.014752321935213362,
        "confidence": 95
    },
    "UTILIZATION2": {
        "mean": 0.4445881646172544,
        "half_confidence_interval": 0.0041171032665934075,
        "stdev": 0.015235814724103017,
        "confidence": 95
    },
    "UTILIZATION3": {
        "mean": 0.0,
        "half_confidence_interval": 0.0,
        "stdev": 0.0,
        "confidence": 95
    },
    "UTILIZATION4": {
        "mean": 0.0,
        "half_confidence_interval": 0.0,
        "stdev": 0.0,
        "confidence": 95
    },
    "UTILIZATION5": {
        "mean": 0.0,
        "half_confidence_interval": 0.0,
        "stdev": 0.0,
        "confidence": 95
    },
    "UTILIZATION6": {
        "mean": 0.0,
        "half_confidence_interval": 0.0,
        "stdev": 0.0,
        "confidence": 95
    }
}