{
    "seed": 339242847,
    "arrival_stream": 0,
    "service_stream": 1,
    "observation_period": 6000.0,
    "interarrivals": 3.5,
    "batch_size": 0,
    "k": 0,
    "servers": 3,
    "acquisition_time": [
        23.195585339791517,
        28.70188280567334,
        32.82346866550178,
        46.38308996584395,
        53.40503073414316,
        63.90692722819385,
        76.8704492777571,
        92.01873735871467,
        117.85859457356321,
        146.99846040853424,
        181.22497928372889,
        215.5381735062652,
        258.30096167557906,
        314.058148862178,
        359.28184446585266,
        405.16723782091964,
        475.5800124237659,
        576.8250384102272,
        670.6292400623763,
        801.8222560142827,
        908.1753277928476,
        1029.291931059123,
        1194.4753046467522,
        1427.3065494789382,
        1680.596621180729,
        2185.132129319537,
        2835.4322281836603,
        3653.597456666503,
        4554.43034736555,
        5616.8027728944135
    ],
    "avg_utilization1": [
        0.823795218640718,
        0.6657546623636806,
        0.5821570075735587,
        0.4350725833936317,
        0.3778672252372169,
        0.5330514363441795,
        0.4635799961132506,
        0.47101462821870715,
        0.43606108632933105,
        0.4492091514902191,
        0.4935585409865424,
        0.42064233365981135,
        0.44578939190431643,
        0.5301750658452895,
        0.576897710575584,
        0.6201179810768139,
        0.5848175450201285,
        0.5775301035413075,
        0.6351409818215751,
        0.0,
        0.9125884654224702,
        0.8264788029836794,
        0.967176170505283,
        0.9846965508043333,
        1.0005789051030376,
        0.6136834274567803,
        0.5234770923342041,
        0.5204087963327552,
        0.49438287592982905,
        0.4879495639430538
    ],
    "avg_utilization2": [
        0.12385448937155731,
        0.1387806724950258,
        0.17619942912405231,
        0.1600594878140938,
        0.13901412509480374,
        0.135910241266243,
        0.11299017996869297,
        0.22673348450431627,
        0.4074564129740903,
        0.41331897530422884,
        0.3410790935109693,
        0.43201478495911166,
        0.4165301769117849,
        0.4702891285103093,
        0.4466310170432995,
        0.5230430139235943,
        0.5265785692879477,
        0.47408808185599643,
        0.47235628365782606,
        0.0,
        0.7825151310705347,
        0.5894701020606941,
        0.46997150786538683,
        0.5549209811849078,
        0.6757938573648918,
        0.4763644740978222,
        0.46494193943778334,
        0.45925515139957285,
        0.4350424862374406,
        0.42782601712709684
    ],
    "avg_utilization3": [
        1.0474921274320081,
        0.8465365564730906,
        0.7781120649635676,
        0.6947638002955772,
        0.7878704019183401,
        0.7446263537123815,
        0.729923041623443,
        0.6890041059361806,
        0.5469469311330344,
        0.5560613211955707,
        0.5439138445634825,
        0.5684878621222715,
        0.6395592543971671,
        0.5973371037633162,
        0.5925329310638101,
        0.5872958081722316,
        0.6081405907627663,
        0.6498437104379405,
        0.6265901827084215,
        0.0,
        1.0375853080674453,
        0.9633488310444648,
        0.7332941263872569,
        0.6392278669372421,
        0.6617715186399292,
        0.4358108163937647,
        0.38225419693239754,
        0.3790655829386698,
        0.4007332023190816,
        0.41202118939947857
    ],
    "avg_utilization4": [],
    "avg_utilization5": [],
    "avg_utilization6": [],
    "global": {
        "avg_wait": [
            4.901650582091707,
            4.9659042644613764,
            4.582258504330399,
            4.610775946996724,
            4.63992988161517,
            4.445064106071189,
            4.641378685315515,
            4.7850127618441505,
            5.271069260789844,
            6.302462458138275,
            6.339746703196956,
            6.840202702213996,
            7.534795340016024,
            8.916763946760518,
            11.04595832802728,
            10.437253713245484,
            9.931611893309038,
            9.818178754539954,
            9.83116380549755,
            11.837067834140953,
            28.169796217803146,
            54.60309759739101,
            36.274868457998195,
            25.372483964898983,
            46.83092554212343,
            19.00135720333217,
            12.846946043772755,
            11.123225863894303,
            9.722420712372966,
            9.035393036357176
        ],
        "avg_delay": [
            1.2652064976800785,
            1.0543387480667321,
            1.0000403141513654,
            1.2110376292509342,
            1.366721669905555,
            1.1557112467001986,
            1.1782503879584265,
            1.1444950445972004,
            1.4324666818034633,
            2.170101258483623,
            2.1679581714856737,
            2.675230431669511,
            3.252010885502871,
            4.150335158439658,
            6.342185378006895,
            5.831022178208998,
            5.336095868705371,
            5.2468280955393904,
            5.349441832822102,
            0.0,
            23.696092097571444,
            49.74563976873388,
            32.16142461681435,
            20.95358304019701,
            40.6526333046207,
            14.089606292409545,
            8.19784218849268,
            6.356484982575214,
            5.09399090503954,
            4.463697340668022
        ],
        "avg_number": [
            2.113182534645088,
            2.0762000729010546,
            1.9544436242977092,
            1.6899087826331733,
            1.7376377535342369,
            1.6693266782297083,
            1.7509977258985163,
            1.768014195505514,
            1.8336705988589816,
            2.1437171656841296,
            2.0639817809166865,
            2.253217534308728,
            2.5086720352796976,
            2.9243841939582276,
            3.781579546184072,
            3.8125332094177895,
            3.6963187249116896,
            3.625487687706331,
            3.752860424000127,
            10.0,
            16.24120964807572,
            30.0504231577514,
            19.420677840356944,
            12.475717056814153,
            18.216961266622086,
            5.98439055461553,
            3.8191341584551934,
            3.1808613868603506,
            2.8013225051906594,
            2.6256397590099723
        ]
    },
    "c1": {
        "avg_wait": [
            4.084643832856297,
            4.149263946092648,
            4.149263946092648,
            4.234249229394912,
            3.6363197018648705,
            3.5303749263581627,
            4.633626897779268,
            5.564125272493335,
            5.7963935881590025,
            8.366136702517315,
            8.258887725693898,
            7.610106356090297,
            7.666196268390181,
            11.956569854751162,
            19.282868751100143,
            16.55499170916001,
            15.52489294151907,
            14.619430337132274,
            15.258892486042473,
            1.1837067834140953,
            14.092128142591124,
            83.13694555734348,
            55.3572249246941,
            40.48673681652643,
            93.93112930657884,
            34.536108220242255,
            21.39538491541126,
            16.900319279214926,
            13.90862902780917,
            12.498656402609068
        ],