{
    "seed": 1632802001,
    "arrival_stream": 0,
    "service_stream": 1,
    "observation_period": 40000.0,
    "interarrivals": 5.0,
    "batch_size": 0,
    "k": 0,
    "servers": 2,
    "acquisition_time": [
        55.93184044789534,
        69.35639589306909,
        80.85356079125638,
        96.45413412685183,
        116.12808746463881,
        133.18206715337078,
        151.14077055311486,
        169.66547833101106,
        192.37338318255053,
        234.26591877298057,
        265.6991713206806,
        323.7573960738607,
        403.1789582811435,
        487.44048398149994,
        595.4346234088258,
        781.7658004182086,
        938.2237752812382,
        1167.6783617220535,
        1354.4033412405433,
        1568.6299662699805,
        1896.3376393378978,
        2317.9203393888342,
        2769.193562066733,
        3371.836286798723,
        3959.9406787114476,
        4636.922990275915,
        5513.145281178654,
        6685.227849898366,
        8066.994009535693,
        9591.18207154226,
        11456.029792561763,
        13791.784878317638,
        16576.317674218568,
        19906.63432361475,
        23876.433813335967,
        28770.119898169727,
        34484.30733432796
    ],
    "avg_utilization1": [
        0.24282782752683882,
        0.22201892974890255,
        0.21412080385341709,
        0.3106531414448334,
        0.34680045603107074,
        0.3502144387222139,
        0.33694377970336853,
        0.3657966639171301,
        0.3721874741737568,
        0.36060116284104,
        0.3527514962174325,
        0.3789093505488647,
        0.38416882774273314,
        0.380003347576502,
        0.3690755442360299,
        0.3415250187329366,
        0.361870979635905,
        0.35725320665207,
        0.3723694100168094,
        0.39523053287920323,
        0.40365578898516274,
        0.3990513287740385,
        0.40041858078329895,
        0.39311319014228824,
        0.402896276916746,
        0.4048668104248501,
        0.41947807145069116,
        0.42513705797742557,
        0.41779563873509495,
        0.4330211845822745,
        0.4358154793631845,
        0.4395214101245489,
        0.44138619530065665,
        0.44157239380411495,
        0.4382400168725489,
        0.43656107674350314,
        0.4370765690448572
    ],
    "avg_utilization2": [
        0.3525773938600639,
        0.3123070828942852,
        0.3606212237384452,
        0.40684665893559774,
        0.4978384901391849,
        0.49304022152363797,
        0.4986860691208984,
        0.49721107495808137,
        0.5414239798222432,
        0.5502997192638609,
        0.5772145687175877,
        0.5846576458559606,
        0.5440176312200047,
        0.5200527884895157,
        0.48382379121964064,
        0.454394050216714,
        0.4334384544127571,
        0.4180129456236918,
        0.43529372141407374,
        0.4557723241460231,
        0.448464579239332,
        0.4296937733516755,
        0.43045696126396893,
        0.41799804338335844,
        0.4200949131094862,
        0.4199179687066347,
        0.43094898860023195,
        0.4326925551399728,
        0.4258191249685368,
        0.4327394332695249,
        0.4352675332537962,
        0.4396352637052402,
        0.4358151330183517,
        0.43723666922585763,
        0.4333683422101165,
        0.435055001916178,
        0.4325981991436632
    ],
    "avg_utilization3": [],
    "avg_utilization4": [],
    "avg_utilization5": [],
    "avg_utilization6": [],
    "global": {
        "avg_wait": [
            3.522567076843168,
            3.248540616068467,
            3.3539812621115677,
            3.5508557229549784,
            4.320307366187129,
            4.782257181087176,
            4.666790780183047,
            4.467534267687241,
            4.644649952836835,
            4.57676427924668,
            4.736679547083411,
            4.754199829536139,
            4.96039035969355,
            4.831321425346041,
            4.719346489822605,
            4.771689178913873,
            4.856593384529798,
            4.831417611437087,
            5.168451785400545,
            5.292530035734001,
            5.304390673001524,
            5.397611536946404,
            5.491779734343042,
            5.349743607712268,
            5.375291926914674,
            5.3041407059171775,
            5.424838059500787,
            5.556808411473684,
            5.441869926922467,
            5.5276756685663075,
            5.505598008067666,
            5.617850163343369,
            5.5895482553922085,
            5.587054570083173,
            5.468805844125056,
            5.533027412923545,
            5.512297275292111
        ],
        "avg_delay": [
            0.19235609239756288,
            0.16029674366463573,
            0.13739720885540205,
            0.11315064258680169,
            0.31048860978147774,
            0.4542255016731893,
            0.375910760005398,
            0.37103580227329336,
            0.42388484184758257,
            0.46341365693157516,
            0.5582185607219512,
            0.466885047248768,
            0.6396582658984835,
            0.6165766108553822,
            0.6091310692201408,
            0.5789785650686257,
            0.6476401370757079,
            0.6076287021149727,
            0.8953984892802767,
            0.9442936093133554,
            0.926940562122928,
            1.0625600882592539,
            1.1505435043128456,
            1.0603083414935401,
            1.104369733406967,
            1.1289622076809034,
            1.1586615962556654,
            1.208979434915702,
            1.1432919182548673,
            1.1593076475630864,
            1.1305461442068139,
            1.1845266826129421,
            1.1577676833281694,
            1.1446648651526972,
            1.0643827125297878,
            1.1127886490784284,
            1.104769363336939
        ],
        "avg_number": [
            0.62979638228152,
            0.5620604544233129,
            0.5807503987460724,
            0.6258368066509838,
            0.7440589887442467,
            0.8617839833790817,
            0.8954363017340008,
            0.895268540162439,
            0.989901227061143,
            0.9768310096531524,
            1.0518064165906915,
            1.0425960672727272,
            1.0580749867312629,
            1.020896136377398,
            0.9748838838510451,
            0.903352382646393,
            0.9162174863924111,
            0.8813145682672655,
            0.976905192695882,
            1.0358126236960394,
            1.029360872859172,
            1.0292606949380148,
            1.0510797436021448,
            1.0090753657958087,
            1.0357093888513658,
            1.0478053866344303,
            1.0813966843472647,
            1.0963620775984795,
            1.0678674217602504,
            1.0944486317023376,
            1.0952535989853103,
            1.1140559639165688,
            1.1063559583239213,
            1.105250668662121,
            1.0822431781691841,
            1.0904461136177717,
            1.0876156014231986
        ]
    },