{
    "seed": 123456789,
    "arrival_stream": 0,
    "service_stream": 1,
    "observation_period": 600000.0,
    "interarrivals": 6,
    "batch_size": 2048,
    "k": 48,
    "servers": 1,
    "acquisition_time": [],
    "avg_utilization1": [
        0.751492517344071,
        0.7324460679962305,
        0.7542644613844677,
        0.7309374500643562,
        0.7401952808933712,
        0.7384624145745144,
        0.7397952059915626,
        0.723247890845492,
        0.7276729441825313,
        0.706293171116764,
        0.7573568452237687,
        0.6926775192899508,
        0.7597325726561427,
        0.7167967451189654,
        0.7424975129745269,
        0.7511026105193555,
        0.7442017370800879,
        0.7315521894361665,
        0.7503954733696052,
        0.743164602814539,
        0.7274959504933511,
        0.7493042100820082,
        0.7068163561078026,
        0.7363374645177927,
        0.7303506600166871,
        0.705003032418302,
        0.7337227658768432,
        0.7408420694330684,
        0.7499957845266395,
        0.763175050758398,
        0.766844266911642,
        0.7472362108651334,
        0.74284010811578,
        0.7698510958066875,
        0.7422224535097218,
        0.7309340908783395,
        0.7516716365513726,
        0.7372800413813445,
        0.7421044040970103,
        0.7092131273448823,
        0.7215889895706109,
        0.7488115487673962,
        0.7227737066687503,
        0.7551196383157913,
        0.7712031813144506,
        0.7558598056465845,
        0.7287033075927256,
        0.7158052875060423
    ],
    "avg_utilization2": [],
    "avg_utilization3": [],
    "avg_utilization4": [],
    "avg_utilization5": [],
    "avg_utilization6": [],
    "global": {
        "avg_wait": [
            15.09863325567348,
            14.52433594104654,
            19.002341591629566,
            13.334780024058976,
            15.996758303728619,
            14.51031751301592,
            15.222326296319196,
            13.91820496688873,
            13.784465797535454,
            12.005989103859214,
            16.068926642606122,
            14.083152030467076,
            15.369032874644518,
            13.200119832570238,
            15.375614367193833,
            15.500837265301186,
            14.294914668150412,
            12.955858067568144,
            15.745324582327186,
            14.917526101254765,
            15.729125522004267,
            17.892157654842237,
            13.203204839917532,
            14.210825908200093,
            13.620980394202718,
            13.455406543281669,
            13.804015606309065,
            15.4362338017323,
            16.273991697977408,
            15.001117707882571,
            16.571219090266567,
            15.723654985155008,
            16.9183044971343,
            16.76885464311775,
            14.59076933903276,
            13.781048461693302,
            13.3108349588841,
            14.480913061766586,
            14.407066149120368,
            15.746432909072723,
            13.085589442808242,
            14.240757466217957,
            12.914490469947935,
            16.230922389265743,
            17.68979292691506,
            14.022045036046961,
            13.935347483177964,
            13.060627167270297
        ],
        "avg_delay": [
            10.629783399455038,
            10.133660741640112,
            14.557965384028387,
            8.896167423411324,
            11.525141476368095,
            9.995426015090107,
            10.8577864031312,
            9.469861010692718,
            9.381978367756723,
            7.6310327640222155,
            11.680508796707002,
            9.687753657380611,
            10.791051115703183,
            8.788156965181713,
            10.958200430177186,
            11.12360866171396,
            9.733911876619302,
            8.490294196192721,
            11.304309595815539,
            10.546284149693932,
            11.335644012697728,
            13.39121211516651,
            8.880075009524091,
            9.86338931873928,
            9.146762155265861,
            9.056301531866183,
            9.410490293730646,
            11.105898093179633,
            11.765222348342547,
            10.497578192667476,
            12.043304760115802,
            11.164113415943064,
            12.453683097644785,
            12.249530131614648,
            10.197991246850307,
            9.392274832287967,
            8.99238155804818,
            10.082758310520461,
            9.926508556688816,
            11.39768762438996,
            8.771993407345974,
            9.78109337140475,
            8.597060570236437,
            11.846541827666044,
            13.25886328671777,
            9.50754621458998,
            9.450492704925523,
            8.693056932235265
        ],
        "avg_number": [
            2.5390224059490847,
            2.4204362735663816,
            3.224142349761937,
            2.198281178780825,
            2.6481725240884577,
            2.3732888476353944,
            2.5789708325568617,
            2.263372972368859,
            2.2793359302752285,
            1.9356870248572624,
            2.7768507371100237,
            2.2180524436183044,
            2.552018846123088,
            2.1440635964332255,
            2.5850185694265773,
            2.6575614878229863,
            2.331976287817343,
            2.124661606090427,
            2.6604774649936385,
            2.5358244094967626,
            2.601970149967805,
            2.9801731340111233,
            2.15995060253717,
            2.406927232317989,
            2.2234257449507684,
            2.1563709870120378,
            2.302380892520628,
            2.641860712738347,
            2.7084484156399404,
            2.541978131411473,
            2.8064313859038923,
            2.5771242625300017,
            2.8154743781408107,
            2.853286592437611,
            2.468496320627467,
            2.2951828869019386,
            2.316606561978527,
            2.42778322441008,
            2.3862090864401075,
            2.567520063274096,
            2.1866670274136633,
            2.3931413427241783,
            2.161269884316818,
            2.795407090226369,
            3.0807235982855037,
            2.345694763597281,
            2.2656830532190697,
            2.1412657980178342
        ]
    },
    "c1": {
        "avg_wait": [
            15.09863325567348,
            14.52433594104654,
            19.002341591629566,
            13.334780024058976,
            15.996758303728619,
            14.51031751301592,
            15.222326296319196,
            13.91820496688873,
            13.784465797535454,
            12.005989103859214,
            16.068926642606122,
            14.083152030467076,
            15.369032874644518,
            13.200119832570238,
            15.375614367193833,
            15.500837265301186,
            14.294914668150412,
            12.955858067568144,
            15.745324582327186,
            14.917526101254765,
            15.729125522004267,
            17.892157654842237,
            13.203204839917532,
            14.210825908200093,
            13.620980394202718,
            13.455406543281669,
            13.804015606309065,
            15.4362338017323,
            16.273991697977408,
            15.001117707882571,
            16.571219090266567,
            15.723654985155008,
            16.9183044971343,
            16.76885464311775,
            14.59076933903276,
            13.781048461693302,
            13.3108349588841,
            14.480913061766586,
            14.407066149120368,
            15.746432909072723,
            13.085589442808242,
            14.240757466217957,
            12.914490469947935,
            16.230922389265743,
            17.68979292691506,
            14.022045036046961,
            13.935347483177964,
            13.060627167270297
        ],