{
    "interarrival": 5,
    "servers": 2,
    "seed": 841744376,
    "GLOBAL AVG WAIT": {
        "mean": 5.576558255171402,
        "half_confidence_interval": 0.051693198368040254,
        "stdev": 0.1912966330532281,
        "confidence": 95
    },
    "GLOBAL AVG DELAY": {
        "mean": 1.1474071467132234,
        "half_confidence_interval": 0.03799593603217513,
        "stdev": 0.14060833653416852,
        "confidence": 95
    },
    "GLOBAL AVG NUMBER": {
        "mean": 1.1164629324837454,
        "half_confidence_interval": 0.014120250711466538,
        "stdev": 0.052253613710251855,
        "confidence": 95
    },
    "QUEUE1 AVG WAIT": {
        "mean": 5.586998636085497,
        "half_confidence_interval": 0.055706779351419385,
        "stdev": 0.2061493516476647,
        "confidence": 95
    },
    "QUEUE1 AVG DELAY": {
        "mean": 1.148421021206453,
        "half_confidence_interval": 0.038078610738554904,
        "stdev": 0.14091428380515209,
        "confidence": 95
    },
    "QUEUE1 AVG NUMBER": {
        "mean": 0.1149818254068679,
        "half_confidence_interval": 0.004225038440732688,
        "stdev": 0.01563524126478354,
        "confidence": 95
    },
    "QUEUE2 AVG WAIT": {
        "mean": 5.568332492541506,
        "half_confidence_interval": 0.06437546775439977,
        "stdev": 0.23822883128580147,
        "confidence": 95
    },
    "QUEUE2 AVG DELAY": {
        "mean": 1.146927636524425,
        "half_confidence_interval": 0.043056905823211485,
        "stdev": 0.1593370380185773,
        "confidence": 95
    },
    "QUEUE2 AVG NUMBER": {
        "mean": 0.11496574767897445,
        "half_confidence_interval": 0.004528340134943737,
        "stdev": 0.016757644109521914,
        "confidence": 95
    },
    "QUEUE3 AVG WAIT": {
        "mean": 0.0,
        "half_confidence_interval": 0.0,
        "stdev": 0.0,
        "confidence": 95
    },
    "QUEUE3 AVG DELAY": {
        "mean": 0.0,
        "half_confidence_interval": 0.0,
        "stdev": 0.0,
        "confidence": 95
    },
    "QUEUE3 AVG NUMBER": {
        "mean": 0.0,
        "half_confidence_interval": 0.0,
        "stdev": 0.0,
        "confidence": 95
    },
    "QUEUE4 AVG WAIT": {
        "mean": 0.0,
        "half_confidence_interval": 0.0,
        "stdev": 0.0,
        "confidence": 95
    },
    "QUEUE4 AVG DELAY": {
        "mean": 0.0,
        "half_confidence_interval": 0.0,
        "stdev": 0.0,
        "confidence": 95
    },
    "QUEUE4 AVG NUMBER": {
        "mean": 0.0,
        "half_confidence_interval": 0.0,
        "stdev": 0.0,
        "confidence": 95
    },
    "QUEUE5 AVG WAIT": {
        "mean": 0.0,
        "half_confidence_interval": 0.0,
        "stdev": 0.0,
        "confidence": 95
    },
    "QUEUE5 AVG DELAY": {
        "mean": 0.0,
        "half_confidence_interval": 0.0,
        "stdev": 0.0,
        "confidence": 95
    },
    "QUEUE5 AVG NUMBER": {
        "mean": 0.0,
        "half_confidence_interval": 0.0,
        "stdev": 0.0,
        "confidence": 95
    },
    "QUEUE6 AVG WAIT": {
        "mean": 0.0,
        "half_confidence_interval": 0.0,
        "stdev": 0.0,
        "confidence": 95
    },
    "QUEUE6 AVG DELAY": {
        "mean": 0.0,
        "half_confidence_interval": 0.0,
        "stdev": 0.0,
        "confidence": 95
    },
    "QUEUE6 AVG NUMBER": {
        "mean": 0.0,
        "half_confidence_interval": 0.0,
        "stdev": 0.0,
        "confidence": 95
    },
    "UTILIZATION1": {
        "mean": 0.44374876745310643,
        "half_confidence_interval": 0.003956393402874896,
        "stdev": 0.014641089367608114,
        "confidence": 95
    },
    "UTILIZATION2": {
        "mean": 0.4427580831243371,
        "half_confidence_interval": 0.003451323423184952,
        "stdev": 0.012772019748756991,
        "confidence": 95
    },
    "UTILIZATION3": {
        "mean": 0.0,
        "half_confidence_interval": 0.0,
        "stdev": 0.0,
        "confidence": 95
    },
    "UTILIZATION4": {
        "mean": 0.0,
        "half_confidence_interval": 0.0,
        "stdev": 0.0,
        "confidence": 95
    },
    "UTILIZATION5": {
        "mean": 0.0,
        "half_confidence_interval": 0.0,
        "stdev": 0.0,
        "confidence": 95
    },
    "UTILIZATION6": {
        "mean": 0.0,
        "half_confidence_interval": 0.0,
        "stdev": 0.0,
        "confidence": 95
    }
}