{
    "seed": 1079068027,
    "arrival_stream": 0,
    "service_stream": 1,
    "observation_period": 6000.0,
    "interarrivals": 3.5,
    "batch_size": 0,
    "k": 0,
    "servers": 3,
    "acquisition_time": [
        15.65868717132244,
        23.069747212375912,
        31.285467438145147,
        41.149811029859734,
        50.911019103490425,
        60.62092989868085,
        64.66610760301933,
        74.9405464935167,
        102.46789709098626,
        127.13570361967105,
        155.99552116153808,
        188.1296086714654,
        215.60303583912582,
        261.8585744734523,
        300.76836158034786,
        360.9461980349778,
        442.17060633388195,
        526.6122111273419,
        595.9858231335362,
        713.9311454986504,
        839.1715382774457,
        969.0619314484317,
        1168.0968148311813,
        1430.9469938735804,
        1647.4540780493153,
        2134.24673381906,
        2704.237379180343,
        3601.037281284598,
        4561.523668851588,
        5632.451515187233
    ],
    "avg_utilization1": [
        0.22009573702928534,
        0.2072006972799978,
        0.15278875784510174,
        0.1749157946846808,
        0.4128979378516616,
        0.42985055665824556,
        0.46522998638256413,
        0.43256387811375313,
        0.3291194039992821,
        0.41269225840871077,
        0.3871614138771388,
        0.3591923395415292,
        0.43140028997162944,
        0.429706296481767,
        0.4548263000702126,
        0.4927852382423041,
        0.4912203584557531,
        0.5532683819859463,
        0.6249896896655589,
        0.6169172443217767,
        0.5053177519432274,
        0.838558899378119,
        0.6816072209360305,
        0.6376732536396965,
        0.9278598574371576,
        0.5395165751872609,
        0.4695755395472136,
        0.42105574032656284,
        0.42135552227164724,
        0.4159542530833932
    ],
    "avg_utilization2": [
        0.8277437658090144,
        0.6424658826797113,
        0.47375112854876483,
        0.36018453390325134,
        0.5383269301309427,
        0.45210082837109644,
        0.50710415218335,
        0.4375795641397325,
        0.4382767411462737,
        0.6058416405225089,
        0.5319761212364625,
        0.5353347549606498,
        0.5927276071937273,
        0.6714438069885629,
        0.6836960619751259,
        0.7133384172600344,
        0.6793599532699112,
        0.6721509349266482,
        0.6925983886849492,
        0.6560019670618671,
        0.651613141884651,
        0.5483566609070064,
        0.35831680649840997,
        0.609371300003603,
        0.9902697481669365,
        0.4980859632235013,
        0.5166499171041642,
        0.4392413427191994,
        0.41671444450006556,
        0.42842317914739475
    ],
    "avg_utilization3": [
        0.7439817957446967,
        0.5049807478807273,
        0.48966163349792524,
        0.70252877178027,
        0.7356783044163774,
        0.6783913279647498,
        0.7345911640534485,
        0.7389413001907527,
        0.5858735926855599,
        0.4807205136078558,
        0.5412653202228365,
        0.6615661318593157,
        0.6624657125650136,
        0.6413034586268351,
        0.5972305024025829,
        0.5439993847278819,
        0.5446257651995291,
        0.5674995559236441,
        0.6133198404472469,
        0.5821419841290932,
        1.114935686919251,
        1.0070157268496638,
        0.7760726419698779,
        0.6044177013054421,
        1.1099503713459924,
        0.5355028556345975,
        0.4637475991362407,
        0.4026078991821969,
        0.41724754246582485,
        0.42819408888577853
    ],
    "avg_utilization4": [],
    "avg_utilization5": [],
    "avg_utilization6": [],
    "global": {
        "avg_wait": [
            3.419649749211744,
            3.115858310491079,
            2.932843901119738,
            3.626725331852815,
            5.377398092357396,
            7.414819862920491,
            6.853298939190232,
            6.437319909858111,
            5.794990827798811,
            6.3507377854246965,
            7.230426597506368,
            7.603143446477207,
            8.491262773084618,
            8.767881204399291,
            9.475954359203401,
            9.283082966206782,
            8.702878584024711,
            9.83741408537381,
            11.755029715302657,
            11.546276804382433,
            6.881938402590119,
            14.171264867949532,
            10.220785664174311,
            10.275553869137898,
            62.667926975708475,
            21.930696476455402,
            14.105158686130983,
            11.0484663395803,
            9.673098021559825,
            9.008202116349183
        ],
        "avg_delay": [
            0.6138928310693549,
            0.5115773592244623,
            0.43849487933525344,
            1.0617131669894582,
            2.130433950451141,
            3.495277561933141,
            3.3055484786191576,
            2.890681970059557,
            2.4492243109779546,
            2.7993642870829594,
            3.3951616154196778,
            3.680898867576669,
            4.352165207217395,
            4.456433136803373,
            5.250689153375092,
            5.040828925943382,
            4.458391787539148,
            5.449357428212823,
            7.359017670715735,
            7.245853415913239,
            3.9392070167443842,
            10.308162553634055,
            5.695576437880797,
            5.6631798896027945,
            58.24419659757113,
            17.382053923547183,
            9.778402195729033,
            6.7412785577360355,
            5.3076500658230685,
            4.613492288884858
        ],
        "avg_number": [
            2.1838674671747342,
            1.6207503004555976,
            1.3124245209650824,
            1.498289520619167,
            2.11246924027444,
            2.9355484484899694,
            3.0734132083007437,
            2.9205668650162653,
            2.3187225529648505,
            2.4976216769221073,
            2.734662931835867,
            2.86942171682601,
            3.3870051766347054,
            3.448776752371285,
            3.875216063477651,
            3.806374153483853,
            3.4837447069225007,
            3.978960525239194,
            5.049260385583402,
            4.965054405168976,
            4.802231131625342,
            8.490150888068007,
            4.0976034415404134,
            4.1344022058036165,
            42.49892395256837,
            7.5980103871718185,
            4.701848358200678,
            3.2469995600184474,
            2.7831026362832203,
            2.6093998555560027
        ]
    },
    "c1": {
        "avg_wait": [
            3.4464102938832273,
            2.3900338542387862,
            2.3900338542387862,
            2.399250632470785,
            5.449343222299338,
            4.950745618805957,
            5.0716444061705905,
            4.510557810692021,
            4.154673587331303,
            6.754554254057165,
            6.067526656875106,
            5.292192292147907,
            5.219455826585029,
            5.109759663116263,
            5.075547813676068,
            5.516458475350043,
            5.4393756446788775,
            7.677654805764683,
            12.100812408720467,
            11.964758223389264,
            3.7216458675745345,
            20.54598836517447,
            8.306161090628965,
            7.713612072678149,
            56.630990334281314,
            16.856188145306508,
            11.571425208085858,
            9.697924490288791,
            8.854641974438161,
            8.455487091134685
        ],