{
    "seed": 1263960666,
    "arrival_stream": 0,
    "service_stream": 1,
    "observation_period": 40000.0,
    "interarrivals": 5.0,
    "batch_size": 0,
    "k": 0,
    "servers": 2,
    "acquisition_time": [
        51.36356561109973,
        55.71479473499207,
        58.826056979687415,
        66.38287803536178,
        85.1909099668634,
        111.92511455452838,
        167.5558984623892,
        184.48723795458196,
        220.26239299266274,
        243.68740027479794,
        309.7788218632044,
        383.224274743997,
        419.3837292151229,
        511.26507504840396,
        567.4357331888128,
        716.8028475709099,
        893.0772676682096,
        1098.9429291302733,
        1343.8449812584186,
        1664.5675503401171,
        1961.480601951344,
        2283.7896652463387,
        2760.2518766171365,
        3281.4701120576333,
        3967.571585196957,
        4768.566049896045,
        5731.383866690147,
        6804.630716528313,
        8099.456113123327,
        9722.93249899777,
        11648.683941653062,
        13983.33169484141,
        16595.0007300738,
        19841.260466947326,
        23645.622356385615,
        28484.195493364863,
        34126.356483236836
    ],
    "avg_utilization1": [
        0.747669604176653,
        0.9278127940538572,
        0.8787415310031681,
        0.8037932132332362,
        0.6577281846961462,
        0.7031328928789532,
        0.48097618141973836,
        0.4597628714775778,
        0.42003885921934975,
        0.46552754028526494,
        0.405628202106932,
        0.46399347964383886,
        0.4882713181113811,
        0.47702219908333243,
        0.48598769756962973,
        0.454810864784796,
        0.42305309031716554,
        0.41537253263194845,
        0.405736718361744,
        0.4145340535770258,
        0.4194485622138029,
        0.4127629946046414,
        0.431157413374442,
        0.4265628434244774,
        0.41524491029537053,
        0.4208308188897472,
        0.4239874431565489,
        0.4357274213708719,
        0.4309185762549061,
        0.43754946500950637,
        0.4365867702195633,
        0.43117269670009667,
        0.43922917276318085,
        0.4400431647636377,
        0.44667912638941115,
        0.4444136680572777,
        0.44301815354641355
    ],
    "avg_utilization2": [
        0.6627796767168377,
        0.611017730078219,
        0.6434832562697335,
        0.5884357048520578,
        0.7142377114115488,
        0.651459049526621,
        0.4613873573537648,
        0.5258404194201545,
        0.4743400858591083,
        0.5123187661107343,
        0.46373405547084456,
        0.46703385153751314,
        0.49498156516193587,
        0.4792076275381106,
        0.503426202469234,
        0.4665792972370013,
        0.44151287524830435,
        0.4178921735517863,
        0.4040763581423798,
        0.4012102646251235,
        0.3899574582551791,
        0.3958898915692811,
        0.4076339416899469,
        0.411514269927502,
        0.4031679577259987,
        0.41398485438684496,
        0.4136061885872724,
        0.4184196794048631,
        0.4232358004601971,
        0.4285859934240129,
        0.4386343358288769,
        0.44111450759622767,
        0.44685374040746617,
        0.4449902082209215,
        0.4524412788132101,
        0.4486492899763267,
        0.44983181480741624
    ],
    "avg_utilization3": [],
    "avg_utilization4": [],
    "avg_utilization5": [],
    "avg_utilization6": [],
    "global": {
        "avg_wait": [
            10.048266780523694,
            10.285307437480343,
            9.84802973382286,
            9.28213095801431,
            8.644295231635612,
            9.297937799294763,
            7.93041764668347,
            7.1851523391268275,
            6.573834012468867,
            6.738229730282654,
            6.258236757465301,
            6.7877641084446925,
            6.465332451699375,
            6.135855211708334,
            6.127002582887318,
            5.761132484867775,
            5.6824925793544505,
            5.648351824128592,
            5.502928557264097,
            5.791185476049163,
            5.512906375221126,
            5.337311256811548,
            5.591455406095708,
            5.539603975045925,
            5.368115846954914,
            5.6555460921767775,
            5.640313675764847,
            5.683043933045709,
            5.591547155155199,
            5.767126289575122,
            5.839750603517677,
            5.7791585807463735,
            5.889482511175131,
            5.788379481441749,
            5.841413855696676,
            5.756412197305844,
            5.741314673177891
        ],
        "avg_delay": [
            3.6121260614407005,
            4.196651984262458,
            4.18471616753677,
            3.9436041933051085,
            3.522570600178752,
            3.003480930684572,
            2.48563939091137,
            2.137010796048817,
            1.7888484982157018,
            1.972453244803562,
            1.6936602163673462,
            1.7966380825250496,
            1.6704456964821013,
            1.3947410669656382,
            1.5625407796697957,
            1.298598080401249,
            1.3577243870346036,
            1.3527660574524512,
            1.2519002814144682,
            1.3681837775031735,
            1.2015470027502997,
            1.1737423376613696,
            1.225841161609736,
            1.215508064567854,
            1.1184433092245145,
            1.3096141298319468,
            1.2759217404018173,
            1.280427565118349,
            1.2212465310009462,
            1.335351307494006,
            1.3662209662108227,
            1.319818534473355,
            1.407845715197167,
            1.32921806058659,
            1.3418876008095468,
            1.270679474377322,
            1.2637693378301185
        ],
        "avg_number": [
            1.9563024219549605,
            2.21527674716976,
            2.343730369708908,
            2.377062142472734,
            2.029393801521306,
            1.9937483027936367,
            1.3725694760035205,
            1.3241847091366505,
            1.223664152782549,
            1.3825560375062853,
            1.1919341886241148,
            1.257569740386396,
            1.3257991479229192,
            1.2361358474292898,
            1.328117482943878,
            1.1895148165912977,
            1.1262196709718588,
            1.094778360775794,
            1.0482977801058657,
            1.06808158117934,
            1.0342949831179107,
            1.0329723491660703,
            1.0736235306404889,
            1.0736615016493345,
            1.0323373638697115,
            1.0863811397866374,
            1.0815371773807387,
            1.1015932032108389,
            1.0928411763684933,
            1.126385771477078,
            1.1425146129879578,
            1.1303456903745135,
            1.1644104410400753,
            1.1488503180475949,
            1.1672638618756042,
            1.1458584872557507,
            1.1446843162261082
        ]
    },