{
    "interarrival": 2.5,
    "servers": 3,
    "seed": 595980530,
    "GLOBAL AVG WAIT": {
        "mean": 5.88853021850402,
        "half_confidence_interval": 0.06549914443010632,
        "stdev": 0.2558304849956139,
        "confidence": 95
    },
    "GLOBAL AVG DELAY": {
        "mean": 1.4377611647331876,
        "half_confidence_interval": 0.04974418613880439,
        "stdev": 0.19429382439006251,
        "confidence": 95
    },
    "GLOBAL AVG NUMBER": {
        "mean": 2.3542326576736103,
        "half_confidence_interval": 0.03584398251339669,
        "stdev": 0.14000157575129554,
        "confidence": 95
    },
    "QUEUE1 AVG WAIT": {
        "mean": 5.844541623256553,
        "half_confidence_interval": 0.08284677403716466,
        "stdev": 0.32358789670705723,
        "confidence": 95
    },
    "QUEUE1 AVG DELAY": {
        "mean": 1.376991207705407,
        "half_confidence_interval": 0.054802639395503394,
        "stdev": 0.21405143437487512,
        "confidence": 95
    },
    "QUEUE1 AVG NUMBER": {
        "mean": 0.17873397382608133,
        "half_confidence_interval": 0.007713906169800884,
        "stdev": 0.030129437167483546,
        "confidence": 95
    },
    "QUEUE2 AVG WAIT": {
        "mean": 5.993497969826629,
        "half_confidence_interval": 0.07990042829538226,
        "stdev": 0.31207988287507055,
        "confidence": 95
    },
    "QUEUE2 AVG DELAY": {
        "mean": 1.5530476684401413,
        "half_confidence_interval": 0.05573542252545776,
        "stdev": 0.2176947546442963,
        "confidence": 95
    },
    "QUEUE2 AVG NUMBER": {
        "mean": 0.21755627590707002,
        "half_confidence_interval": 0.008262239643096407,
        "stdev": 0.03227115092012982,
        "confidence": 95
    },
    "QUEUE3 AVG WAIT": {
        "mean": 5.825704385649673,
        "half_confidence_interval": 0.06759568687653202,
        "stdev": 0.26401928617080056,
        "confidence": 95
    },
    "QUEUE3 AVG DELAY": {
        "mean": 1.3764293078365257,
        "half_confidence_interval": 0.0501041625559848,
        "stdev": 0.19569984186090936,
        "confidence": 95
    },
    "QUEUE3 AVG NUMBER": {
        "mean": 0.1792875472503846,
        "half_confidence_interval": 0.007172672475421813,
        "stdev": 0.028015454156961637,
        "confidence": 95
    },
    "QUEUE4 AVG WAIT": {
        "mean": 0.0,
        "half_confidence_interval": 0.0,
        "stdev": 0.0,
        "confidence": 95
    },
    "QUEUE4 AVG DELAY": {
        "mean": 0.0,
        "half_confidence_interval": 0.0,
        "stdev": 0.0,
        "confidence": 95
    },
    "QUEUE4 AVG NUMBER": {
        "mean": 0.0,
        "half_confidence_interval": 0.0,
        "stdev": 0.0,
        "confidence": 95
    },
    "QUEUE5 AVG WAIT": {
        "mean": 0.0,
        "half_confidence_interval": 0.0,
        "stdev": 0.0,
        "confidence": 95
    },
    "QUEUE5 AVG DELAY": {
        "mean": 0.0,
        "half_confidence_interval": 0.0,
        "stdev": 0.0,
        "confidence": 95
    },
    "QUEUE5 AVG NUMBER": {
        "mean": 0.0,
        "half_confidence_interval": 0.0,
        "stdev": 0.0,
        "confidence": 95
    },
    "QUEUE6 AVG WAIT": {
        "mean": 0.0,
        "half_confidence_interval": 0.0,
        "stdev": 0.0,
        "confidence": 95
    },
    "QUEUE6 AVG DELAY": {
        "mean": 0.0,
        "half_confidence_interval": 0.0,
        "stdev": 0.0,
        "confidence": 95
    },
    "QUEUE6 AVG NUMBER": {
        "mean": 0.0,
        "half_confidence_interval": 0.0,
        "stdev": 0.0,
        "confidence": 95
    },
    "UTILIZATION1": {
        "mean": 0.5787880300124648,
        "half_confidence_interval": 0.0061511585472642915,
        "stdev": 0.024025563816498004,
        "confidence": 95
    },
    "UTILIZATION2": {
        "mean": 0.6213168096531126,
        "half_confidence_interval": 0.0052375324328474155,
        "stdev": 0.020457068166828216,
        "confidence": 95
    },
    "UTILIZATION3": {
        "mean": 0.5785157886491461,
        "half_confidence_interval": 0.0056245013984002135,
        "stdev": 0.02196851475131397,
        "confidence": 95
    },
    "UTILIZATION4": {
        "mean": 0.0,
        "half_confidence_interval": 0.0,
        "stdev": 0.0,
        "confidence": 95
    },
    "UTILIZATION5": {
        "mean": 0.0,
        "half_confidence_interval": 0.0,
        "stdev": 0.0,
        "confidence": 95
    },
    "UTILIZATION6": {
        "mean": 0.0,
        "half_confidence_interval": 0.0,
        "stdev": 0.0,
        "confidence": 95
    }
}