{
    "interarrival": 4.0,
    "servers": 2,
    "seed": 1921845684,
    "GLOBAL AVG WAIT": {
        "mean": 5.775774503193613,
        "half_confidence_interval": 0.05913937369720481,
        "stdev": 0.23099011119813184,
        "confidence": 95
    },
    "GLOBAL AVG DELAY": {
        "mean": 1.3301469156724528,
        "half_confidence_interval": 0.04832781303329566,
        "stdev": 0.1887616694028519,
        "confidence": 95
    },
    "GLOBAL AVG NUMBER": {
        "mean": 1.4436963753706804,
        "half_confidence_interval": 0.019877046349645447,
        "stdev": 0.07763695926343625,
        "confidence": 95
    },
    "QUEUE1 AVG WAIT": {
        "mean": 2.0391163347120416,
        "half_confidence_interval": 0.027837070977814536,
        "stdev": 0.10872770066044143,
        "confidence": 95
    },
    "QUEUE1 AVG DELAY": {
        "mean": 0.8103274997498762,
        "half_confidence_interval": 0.028067416838461336,
        "stdev": 0.10962739933221395,
        "confidence": 95
    },
    "QUEUE1 AVG NUMBER": {
        "mean": 0.039881522057091244,
        "half_confidence_interval": 0.001435099661184541,
        "stdev": 0.00560529829102817,
        "confidence": 95
    },
    "QUEUE2 AVG WAIT": {
        "mean": 3.677964271941363,
        "half_confidence_interval": 0.03077833034831782,
        "stdev": 0.1202158478385576,
        "confidence": 95
    },
    "QUEUE2 AVG DELAY": {
        "mean": 1.0225916449471526,
        "half_confidence_interval": 0.029239733854349814,
        "stdev": 0.11420630541339791,
        "confidence": 95
    },
    "QUEUE2 AVG NUMBER": {
        "mean": 0.11357297005540345,
        "half_confidence_interval": 0.0036082571865036824,
        "stdev": 0.014093347234438797,
        "confidence": 95
    },
    "QUEUE3 AVG WAIT": {
        "mean": 10.424012383691988,
        "half_confidence_interval": 0.11359336813260162,
        "stdev": 0.4436797871865212,
        "confidence": 95
    },
    "QUEUE3 AVG DELAY": {
        "mean": 1.9956237059622168,
        "half_confidence_interval": 0.1054410003165835,
        "stdev": 0.4118377802354211,
        "confidence": 95
    },
    "QUEUE3 AVG NUMBER": {
        "mean": 0.1794026936533458,
        "half_confidence_interval": 0.01020532925728814,
        "stdev": 0.03986058682366387,
        "confidence": 95
    },
    "QUEUE4 AVG WAIT": {
        "mean": 0.0,
        "half_confidence_interval": 0.0,
        "stdev": 0.0,
        "confidence": 95
    },
    "QUEUE4 AVG DELAY": {
        "mean": 0.0,
        "half_confidence_interval": 0.0,
        "stdev": 0.0,
        "confidence": 95
    },
    "QUEUE4 AVG NUMBER": {
        "mean": 0.0,
        "half_confidence_interval": 0.0,
        "stdev": 0.0,
        "confidence": 95
    },
    "QUEUE5 AVG WAIT": {
        "mean": 0.0,
        "half_confidence_interval": 0.0,
        "stdev": 0.0,
        "confidence": 95
    },
    "QUEUE5 AVG DELAY": {
        "mean": 0.0,
        "half_confidence_interval": 0.0,
        "stdev": 0.0,
        "confidence": 95
    },
    "QUEUE5 AVG NUMBER": {
        "mean": 0.0,
        "half_confidence_interval": 0.0,
        "stdev": 0.0,
        "confidence": 95
    },
    "QUEUE6 AVG WAIT": {
        "mean": 0.0,
        "half_confidence_interval": 0.0,
        "stdev": 0.0,
        "confidence": 95
    },
    "QUEUE6 AVG DELAY": {
        "mean": 0.0,
        "half_confidence_interval": 0.0,
        "stdev": 0.0,
        "confidence": 95
    },
    "QUEUE6 AVG NUMBER": {
        "mean": 0.0,
        "half_confidence_interval": 0.0,
        "stdev": 0.0,
        "confidence": 95
    },
    "UTILIZATION1": {
        "mean": 0.5549769551532058,
        "half_confidence_interval": 0.004282120208772079,
        "stdev": 0.016725361824972806,
        "confidence": 95
    },
    "UTILIZATION2": {
        "mean": 0.5558865670984809,
        "half_confidence_interval": 0.004294833291638316,
        "stdev": 0.01677501734618239,
        "confidence": 95
    },
    "UTILIZATION3": {
        "mean": 0.0,
        "half_confidence_interval": 0.0,
        "stdev": 0.0,
        "confidence": 95
    },
    "UTILIZATION4": {
        "mean": 0.0,
        "half_confidence_interval": 0.0,
        "stdev": 0.0,
        "confidence": 95
    },
    "UTILIZATION5": {
        "mean": 0.0,
        "half_confidence_interval": 0.0,
        "stdev": 0.0,
        "confidence": 95
    },
    "UTILIZATION6": {
        "mean": 0.0,
        "half_confidence_interval": 0.0,
        "stdev": 0.0,
        "confidence": 95
    }
}