{
    "interarrival": 1.5,
    "servers": 4,
    "seed": 833957315,
    "GLOBAL AVG WAIT": {
        "mean": 5.660092513194833,
        "half_confidence_interval": 0.06317590852136702,
        "stdev": 0.24675625090502618,
        "confidence": 95
    },
    "GLOBAL AVG DELAY": {
        "mean": 1.2301604249013798,
        "half_confidence_interval": 0.0558016882433137,
        "stdev": 0.21795357925773468,
        "confidence": 95
    },
    "GLOBAL AVG NUMBER": {
        "mean": 3.765222639942748,
        "half_confidence_interval": 0.054962239501228874,
        "stdev": 0.21467481003586059,
        "confidence": 95
    },
    "QUEUE1 AVG WAIT": {
        "mean": 1.7579383721579909,
        "half_confidence_interval": 0.017282675103226827,
        "stdev": 0.06750370851634899,
        "confidence": 95
    },
    "QUEUE1 AVG DELAY": {
        "mean": 0.5283856512228085,
        "half_confidence_interval": 0.017485252217574906,
        "stdev": 0.06829494635408874,
        "confidence": 95
    },
    "QUEUE1 AVG NUMBER": {
        "mean": 0.07077229142460781,
        "half_confidence_interval": 0.002674023305884772,
        "stdev": 0.01044436053609938,
        "confidence": 95
    },
    "QUEUE2 AVG WAIT": {
        "mean": 3.464420075141998,
        "half_confidence_interval": 0.028290114238347017,
        "stdev": 0.11049722418741968,
        "confidence": 95
    },
    "QUEUE2 AVG DELAY": {
        "mean": 0.8094842898134734,
        "half_confidence_interval": 0.025992473992367933,
        "stdev": 0.10152296317090342,
        "confidence": 95
    },
    "QUEUE2 AVG NUMBER": {
        "mean": 0.23834773466387768,
        "half_confidence_interval": 0.008464000805075533,
        "stdev": 0.03305920176219049,
        "confidence": 95
    },
    "QUEUE3 AVG WAIT": {
        "mean": 10.585659136951696,
        "half_confidence_interval": 0.13395345472429646,
        "stdev": 0.5232034339856665,
        "confidence": 95
    },
    "QUEUE3 AVG DELAY": {
        "mean": 2.146946088200809,
        "half_confidence_interval": 0.12891094811572834,
        "stdev": 0.5035081093751268,
        "confidence": 95
    },
    "QUEUE3 AVG NUMBER": {
        "mean": 0.5104361123066387,
        "half_confidence_interval": 0.032683343105797055,
        "stdev": 0.12765656087243246,
        "confidence": 95
    },
    "QUEUE4 AVG WAIT": {
        "mean": 0.0,
        "half_confidence_interval": 0.0,
        "stdev": 0.0,
        "confidence": 95
    },
    "QUEUE4 AVG DELAY": {
        "mean": 0.0,
        "half_confidence_interval": 0.0,
        "stdev": 0.0,
        "confidence": 95
    },
    "QUEUE4 AVG NUMBER": {
        "mean": 0.0,
        "half_confidence_interval": 0.0,
        "stdev": 0.0,
        "confidence": 95
    },
    "QUEUE5 AVG WAIT": {
        "mean": 0.0,
        "half_confidence_interval": 0.0,
        "stdev": 0.0,
        "confidence": 95
    },
    "QUEUE5 AVG DELAY": {
        "mean": 0.0,
        "half_confidence_interval": 0.0,
        "stdev": 0.0,
        "confidence": 95
    },
    "QUEUE5 AVG NUMBER": {
        "mean": 0.0,
        "half_confidence_interval": 0.0,
        "stdev": 0.0,
        "confidence": 95
    },
    "QUEUE6 AVG WAIT": {
        "mean": 0.0,
        "half_confidence_interval": 0.0,
        "stdev": 0.0,
        "confidence": 95
    },
    "QUEUE6 AVG DELAY": {
        "mean": 0.0,
        "half_confidence_interval": 0.0,
        "stdev": 0.0,
        "confidence": 95
    },
    "QUEUE6 AVG NUMBER": {
        "mean": 0.0,
        "half_confidence_interval": 0.0,
        "stdev": 0.0,
        "confidence": 95
    },
    "UTILIZATION1": {
        "mean": 0.7376040135905653,
        "half_confidence_interval": 0.005485606469574451,
        "stdev": 0.021426010611540914,
        "confidence": 95
    },
    "UTILIZATION2": {
        "mean": 0.7383729184987681,
        "half_confidence_interval": 0.005303769503212203,
        "stdev": 0.020715780887178244,
        "confidence": 95
    },
    "UTILIZATION3": {
        "mean": 0.7351822695712353,
        "half_confidence_interval": 0.005440134916471617,
        "stdev": 0.021248405093407537,
        "confidence": 95
    },
    "UTILIZATION4": {
        "mean": 0.7344803989078644,
        "half_confidence_interval": 0.005408580737686645,
        "stdev": 0.021125158890232903,
        "confidence": 95
    },
    "UTILIZATION5": {
        "mean": 0.0,
        "half_confidence_interval": 0.0,
        "stdev": 0.0,
        "confidence": 95
    },
    "UTILIZATION6": {
        "mean": 0.0,
        "half_confidence_interval": 0.0,
        "stdev": 0.0,
        "confidence": 95
    }
}