{
    "seed": 1232314980,
    "arrival_stream": 0,
    "service_stream": 1,
    "observation_period": 40000.0,
    "interarrivals": 5.0,
    "batch_size": 0,
    "k": 0,
    "servers": 2,
    "acquisition_time": [
        52.68205257412629,
        56.305532741855394,
        66.61295159081666,
        75.27676569982316,
        86.01318817322321,
        100.86082639529403,
        125.15540692207513,
        139.27361424690648,
        173.38823017265372,
        206.93612533868586,
        251.7416859871898,
        339.4425656482224,
        377.4697156657707,
        463.01818302870373,
        589.1377162715829,
        689.9055508241927,
        832.9962843618181,
        1020.1164187244052,
        1266.8904669734795,
        1537.1056707259763,
        1821.824123878658,
        2175.0803876216755,
        2674.7656829125594,
        3132.08836005872,
        3868.6614795477203,
        4722.538315181291,
        5664.8168580199845,
        6694.469798765816,
        7978.79185249611,
        9679.520741589165,
        11530.06903666251,
        13692.141044277269,
        16363.221113042915,
        19581.97481106281,
        23869.57098795338,
        28834.40510240517,
        34695.59004511972
    ],
    "avg_utilization1": [
        0.5476379171040759,
        0.57591099757012,
        0.6104103642620858,
        0.5921685722875796,
        0.6160215185156862,
        0.5709225412564313,
        0.5539134739324637,
        0.5644469751344018,
        0.5301358585403125,
        0.47987489813949036,
        0.45915293772014676,
        0.43726232768602186,
        0.4461552807679854,
        0.43788501011410325,
        0.4172021872537738,
        0.42185996487523975,
        0.4287302294451976,
        0.3967704932691677,
        0.3941884525935788,
        0.39357550492619753,
        0.4169299858832074,
        0.41267600245335984,
        0.4065584013019115,
        0.42112988394810846,
        0.4073908404687946,
        0.4095553203156674,
        0.41066950318782647,
        0.43087707765345185,
        0.4381871577139605,
        0.4355371930689531,
        0.44503832162500007,
        0.44542838982251937,
        0.44907757549516164,
        0.4560325310985176,
        0.4517311184495118,
        0.44666070715052364,
        0.44707448730397953
    ],
    "avg_utilization2": [
        0.7203099292208195,
        0.673955181897564,
        0.780467304996456,
        0.7661956396591655,
        0.7454397787110606,
        0.7008454484942874,
        0.6476589383036281,
        0.6553419811767481,
        0.5601027128584297,
        0.5631484917738222,
        0.5600358666761805,
        0.47677526190730757,
        0.5108614313301097,
        0.4902612460739148,
        0.44444887976309577,
        0.44178765592388525,
        0.4566487004098729,
        0.4504859393669633,
        0.4446231467001306,
        0.4393448663922064,
        0.4545947064225256,
        0.45337388436660264,
        0.45485977559004076,
        0.45660710159321694,
        0.44959675426202134,
        0.4367922683588292,
        0.4326291655966802,
        0.4319487200953805,
        0.43824732161815494,
        0.4329516702176298,
        0.4398194289185277,
        0.44402682247142394,
        0.4486383028574414,
        0.4504818908548851,
        0.4484499455568683,
        0.44676164600103935,
        0.44234939917049093
    ],
    "avg_utilization3": [],
    "avg_utilization4": [],
    "avg_utilization5": [],
    "avg_utilization6": [],
    "global": {
        "avg_wait": [
            11.51408439116237,
            10.71636561655306,
            11.654048200687885,
            11.279551556461975,
            10.65375039373633,
            9.37721031507025,
            8.49871713619951,
            8.092635721509604,
            7.202793165284979,
            6.442384047243523,
            6.010617012400489,
            6.378218742488219,
            6.828893869845234,
            6.463942950320246,
            6.229030708603746,
            5.846987020930388,
            5.742276488656436,
            5.51568260575813,
            5.8053135321042655,
            5.841150602804094,
            6.242112342948029,
            5.980023197205165,
            5.854780883375661,
            5.687367512556035,
            5.647130684162872,
            5.6350954132184095,
            5.56381791039764,
            5.685023760226694,
            5.709726926223115,
            5.643262603303051,
            5.767578139264739,
            5.689332325754232,
            5.767426936259714,
            5.825195144083983,
            5.878841231622594,
            5.829173317346739,
            5.800506918012776
        ],
        "avg_delay": [
            5.455133196184018,
            5.149857691441534,
            5.5613558975004,
            5.433673154397327,
            4.8188214564537155,
            4.032561547181114,
            3.3941099768790415,
            3.1258818651733513,
            2.592194717460828,
            2.125599668317879,
            1.802190323437092,
            2.037736149156005,
            2.6283726349259453,
            2.367306832380555,
            2.1111716045286197,
            1.825031936294313,
            1.5962769033030768,
            1.4579351982370694,
            1.6542103339324727,
            1.6785895934105057,
            1.9413051681478177,
            1.7181948634403004,
            1.507437905663029,
            1.381708846936709,
            1.3061989018598767,
            1.2716577325670977,
            1.2191339917281634,
            1.3058264557342283,
            1.2956424332473566,
            1.2164295511589471,
            1.2908466994258898,
            1.2364817885344093,
            1.2902786844544383,
            1.3174900713169375,
            1.3313415894402447,
            1.2884239922175407,
            1.2654305859667663
        ],
        "avg_number": [
            2.1855800654238893,
            2.2839032176147596,
            2.4493236061937744,
            2.5472982888836313,
            2.4772364843122863,
            2.231322661185201,
            1.9692540898631703,
            1.9756047548499525,
            1.7031981898807125,
            1.556611741110808,
            1.4086916210995524,
            1.3341094386670804,
            1.5558463326544045,
            1.4379265184099939,
            1.3004952085007377,
            1.254308039794586,
            1.2201530277783517,
            1.1516728615107965,
            1.173077154624925,
            1.1666297699714496,
            1.2608776621721098,
            1.2152057773160452,
            1.1601142814163066,
            1.154873465293241,
            1.1137600782066883,
            1.0930027569950824,
            1.0794057489908415,
            1.1201105636657636,
            1.1328153298526717,
            1.107137013264261,
            1.1400027647353175,
            1.136441982347339,
            1.1564304880525569,
            1.171466039494802,
            1.1637211591878072,
            1.1462491628307978,
            1.1375119725254623
        ]
    },