{
    "seed": 1353260997,
    "arrival_stream": 0,
    "service_stream": 1,
    "observation_period": 20000.0,
    "interarrivals": 2,
    "batch_size": 512,
    "k": 95,
    "servers": 3,
    "acquisition_time": [],
    "avg_utilization1": [
        0.824226120882855,
        0.8580673422800944,
        0.8859614767870345,
        0.8393397817642495,
        0.8217454699788562,
        0.8766665791305254,
        0.8576761528071524,
        0.7838983339355443,
        0.819243103242168,
        0.8616334865340975,
        0.7966236024078206,
        0.8589432574478278,
        0.7907588696020538,
        0.8760861466926774,
        0.8576542058857836,
        0.8336961017264845,
        0.8393504065969,
        0.8921765791595083,
        0.9123389189961381
    ],
    "avg_utilization2": [
        0.7263584140486622,
        0.7545953150225161,
        0.8295121021787584,
        0.7730292152106176,
        0.6772907948348004,
        0.7759579749059969,
        0.7553985880370634,
        0.7144694889645973,
        0.728994483837978,
        0.7970848373580557,
        0.7069226621263697,
        0.7682131455749269,
        0.6785659328947221,
        0.8178183986160503,
        0.7617815415306395,
        0.7236992161341781,
        0.755173714658425,
        0.8105914190390342,
        0.8269378102543409
    ],
    "avg_utilization3": [
        0.6132263680093589,
        0.6261900388827346,
        0.7419865402196274,
        0.6582070466886802,
        0.5764430026807132,
        0.6675725427134779,
        0.5945126655298806,
        0.5627085321736813,
        0.6070334510859235,
        0.6600260385733423,
        0.5786571947036552,
        0.6721002126508606,
        0.5314337341218565,
        0.6634255644019157,
        0.6597878113710232,
        0.6249421721720739,
        0.6356528570604608,
        0.685723767010455,
        0.7710678373820876
    ],
    "avg_utilization4": [],
    "avg_utilization5": [],
    "avg_utilization6": [],
    "avg_utilization7": [],
    "avg_utilization8": [],
    "avg_utilization9": [],
    "global": {
        "avg_wait": [
            8.219034588397069,
            7.485428258797096,
            10.282164700845849,
            8.221133073884708,
            6.756022926195582,
            7.961909725219959,
            7.222799969105685,
            6.686296770733701,
            7.892250400254479,
            7.285183617495829,
            7.4932316779879145,
            7.917091880516406,
            5.9525149204274115,
            8.757656406294057,
            8.294582124678271,
            7.0730315274126845,
            6.6563496201353445,
            7.959082974877994,
            12.868845020628633
        ],
        "avg_delay": [
            3.721355631875412,
            3.159881726765596,
            5.625315948908155,
            3.66738815697917,
            2.552490760025678,
            3.257003975987455,
            2.5719992969608487,
            2.3723879325936426,
            3.6036004000413158,
            2.7483871464328407,
            3.0524415357510954,
            3.5777376262147462,
            1.6209716240090721,
            4.148158366217686,
            3.8534131596141243,
            2.451795760796077,
            2.0984862368469823,
            3.2675437538265846,
            8.020196315628334
        ],
        "avg_number": [
            3.9895584470547445,
            1.8889517081141822,
            1.759095935693292,
            1.050907810471792,
            0.6885076548412623,
            0.6737785421446755,
            0.5194114667226436,
            0.4184921260395488,
            0.43975916131431386,
            0.36644391880314053,
            0.3408387407765278,
            0.3317630618222031,
            0.22922478459377849,
            0.3138448604935722,
            0.27794569724678847,
            0.22138515694100686,
            0.195977914066868,
            0.2216735159103583,
            0.3402569448221693
        ]
    },
    "c1": {
        "avg_wait": [
            8.535408286561255,
            8.680750404615821,
            11.227911151523534,
            8.330107962316907,
            7.36927766843235,
            8.786523386373423,
            8.348472131643637,
            6.796294720476958,
            8.1860594467124,
            8.373379032739727,
            7.871967269411453,
            8.48270459399885,
            6.440943176869729,
            9.237345985311512,
            8.56799622174343,
            7.871169653727111,
            7.397014106009219,
            8.785328147166803,
            13.008872671406074
        ],
        "avg_delay": [
            4.1687358206266865,
            4.184566843928174,
            6.5739036977823515,
            4.026489704121339,
            3.225106436581272,
            4.02667234124889,
            3.572216317542217,
            2.6461742559069608,
            3.9876558433674023,
            3.791646488120854,
            3.6092396057437517,
            4.239481291181469,
            2.289770796771989,
            4.7587129082679835,
            4.240829848334829,
            3.106867125511257,
            2.87724887932661,
            4.099842181618693,
            8.343650282510506
        ],
        "avg_number": [
            0.786486936242521,
            0.38361686831698955,
            0.40198461842693356,
            0.19904660012381903,
            0.12967107729608432,
            0.12578766679104295,
            0.09532950445537175,
            0.06534336426000967,
            0.08549249158836716,
            0.06928477950826857,
            0.06477045003118512,
            0.06731422303436399,
            0.03547728298825479,
            0.06428415973052869,
            0.05467799198206972,
            0.03589693996360036,
            0.03176725603001364,
            0.04192816009261481,
            0.08315930827081078
        ]
    },
    "c2": {
        "avg_wait": [
            8.283147040086893,
            7.163660872291575,
            10.295395779592244,
            8.52860976112254,
            6.412262963727855,
            7.619194439363725,
            7.346661804761923,
            6.671844789438282,
            7.581116464947239,
            6.760441822930879,
            7.629231877646739,
            7.476061500358626,
            5.9179177348691745,
            9.838020415827923,
            7.991887967490256,
            6.240844255137557,
            6.511126551924473,
            8.403266126496614,
            12.882286702617009
        ],
        "avg_delay": [
            3.7294985782041303,
            2.9325141340517287,
            5.613767368927791,
            3.9028966403432794,
            2.4008398867686824,
            3.161007714009102,
            2.540113206134433,
            2.3558263691944616,
            3.41204417592063,
            2.4216988495654683,
            3.0179089126061047,
            3.2349049408505928,
            1.6430796971722186,
            4.657705378570104,
            3.6156820220859056,
            2.0886526284413787,
            2.0384780528634137,
            3.429798239053419,
            8.052506059302708
        ],
        "avg_number": [
            0.5940100467291278,
            0.2514916695807702,
            0.3188881207788252,
            0.1656528652593581,
            0.08219385352092333,
            0.0929984100692879,
            0.05993746055318576,
            0.050109977556856845,
            0.06609654012221254,
            0.04306215560593094,
            0.04423845005584712,
            0.04580364191342104,
            0.021255836256357512,
            0.05150937243522912,
            0.04070185095528922,
            0.024132425037533073,
            0.02027931065362686,
            0.030411440628432613,
            0.06986148428587834
        ]
    },