{
    "seed": 148976492,
    "arrival_stream": 0,
    "service_stream": 1,
    "observation_period": 90000.0,
    "interarrivals": 2,
    "batch_size": 2048,
    "k": 8,
    "servers": 3,
    "acquisition_time": [],
    "avg_utilization1": [
        0.7872605825017169,
        0.724941598412337,
        0.7176194843871254,
        0.773328637269284,
        0.7248427792671293,
        0.6830484953175283,
        0.726694957697378,
        0.6949408800175048
    ],
    "avg_utilization2": [
        0.768066084060035,
        0.7809515173141374,
        0.6942656998803327,
        0.7696741630574678,
        0.7828385101425227,
        0.8246745087926143,
        0.6927520865625495,
        0.7822430451506002
    ],
    "avg_utilization3": [
        0.7920984242471336,
        0.7534043047698594,
        0.762875462189755,
        0.7710562722308135,
        0.6850273475387535,
        0.7827542657158097,
        0.7598165676325915,
        0.7376742418360609
    ],
    "avg_utilization4": [],
    "avg_utilization5": [],
    "avg_utilization6": [],
    "avg_utilization7": [],
    "avg_utilization8": [],
    "avg_utilization9": [],
    "global": {
        "avg_wait": [
            17.56169112706937,
            14.707900400070418,
            13.566125138719688,
            16.715167127867524,
            14.861721238245515,
            19.782301663866143,
            15.092023712781529,
            13.320645771990874
        ],
        "avg_delay": [
            12.999882721145593,
            10.200467592945254,
            9.162874119855083,
            12.25387872214133,
            10.454624582094437,
            15.319384954696245,
            10.756494041670628,
            8.959233325196989
        ],
        "avg_number": [
            9.026468128099614,
            3.7335747959947327,
            2.2744587969419428,
            2.1175200045792795,
            1.5010025451177167,
            1.6692655690705989,
            1.090579036440265,
            0.8426132446943232
        ]
    },
    "c1": {
        "avg_wait": [
            15.572581434622581,
            13.738526946255313,
            13.881176017426121,
            17.539378806397895,
            12.176878186291056,
            12.674395929671414,
            18.868118864336292,
            12.758525207189672
        ],
        "avg_delay": [
            11.014796969936759,
            9.298695634673827,
            9.52338053100185,
            13.078119466714183,
            7.811153225577317,
            8.429200689582766,
            14.530658024759147,
            8.516393299313698
        ],
        "avg_number": [
            1.8991304608903274,
            0.7699148896295601,
            0.5324810348733845,
            0.5525261666334271,
            0.263483621592402,
            0.2233140407523771,
            0.34966275139434266,
            0.1738722277470172
        ]
    },
    "c2": {
        "avg_wait": [
            19.272320329401712,
            14.190098690694663,
            12.76501609654927,
            15.76651998530662,
            20.027198556731015,
            29.11386822486341,
            10.850777072118515,
            14.926691934635446
        ],
        "avg_delay": [
            14.706410712735677,
            9.600561835438668,
            8.390680170767377,
            11.374148309827344,
            15.50239674922953,
            24.3415180729197,
            6.578083948712998,
            10.37213385866362
        ],
        "avg_number": [
            2.472880098423601,
            0.825848421878635,
            0.45197598879755446,
            0.48757223628203133,
            0.5443286663862781,
            0.6920148490719809,
            0.15318740567462436,
            0.2220109509676154
        ]
    },
    "c3": {
        "avg_wait": [
            17.880644518022066,
            16.17567861210439,
            14.007355689768703,
            16.855756254888924,
            12.03750773636695,
            17.16915825127757,
            15.40919919362748,
            12.252305285853849
        ],
        "avg_delay": [
            13.318812036218112,
            11.685479639351788,
            9.533281106681773,
            12.32336792926981,
            7.715545785863648,
            12.809058564337898,
            11.016792660488852,
            7.970151462684712
        ],
        "avg_number": [
            2.3097506789635465,
            0.9936075488084221,
            0.5517649582193814,
            0.5122542077002276,
            0.24808277655736738,
            0.3773478815000827,
            0.2744350586642757,
            0.17084374964429663
        ]
    },
    "c4": {
        "avg_wait": [],
        "avg_delay": [],
        "avg_number": []
    },
    "c5": {
        "avg_wait": [],
        "avg_delay": [],
        "avg_number": []
    },
    "c6": {
        "avg_wait": [],
        "avg_delay": [],
        "avg_number": []
    },
    "mean_conditional_slowdown": {
        "(1.24)": [
            15.162654134733362,
            12.861210000056788,
            11.94042349896749,
            14.479973490215745,
            12.985259063101221,
            16.953469083763018,
            13.170986865146395,
            11.742456267734577
        ],
        "(2.65)": [
            7.627053255497875,
            6.550151094366195,
            6.119292505177241,
            7.307610236931141,
            6.608196693677553,
            8.465019495798543,
            6.695103287842087,
            6.026658781883349
        ],
        "(4.42)": [
            4.973233286667279,
            4.327579276034031,
            4.0692590811583,
            4.78171201987953,
            4.362380370643782,
            5.4756338606032,
            4.414485002891748,
            4.013720762893863
        ],
        "(8.26)": [
            3.126112727248108,
            2.780617481848719,
            2.642388031321996,
            3.023627981582025,
            2.7992398593517573,
            3.394951775286458,
            2.827121514864592,
            2.612668979659912
        ]
    }
}