{
    "interarrival": 2,
    "servers": 3,
    "seed": 148976492,
    "GLOBAL AVG WAIT": {
        "mean": 15.78753988025847,
        "half_confidence_interval": 2.3116092892373676,
        "stdev": 2.0107959359627623,
        "confidence": 95
    },
    "GLOBAL AVG DELAY": {
        "mean": 11.357954002233829,
        "half_confidence_interval": 2.29111412681786,
        "stdev": 1.9929678412704976,
        "confidence": 95
    },
    "GLOBAL AVG NUMBER": {
        "mean": 2.064400124690756,
        "half_confidence_interval": 0.9680969677227188,
        "stdev": 0.842116986368809,
        "confidence": 95
    },
    "QUEUE1 AVG WAIT": {
        "mean": 0.0,
        "half_confidence_interval": 0.0,
        "stdev": 0.0,
        "confidence": 95
    },
    "QUEUE1 AVG DELAY": {
        "mean": 0.0,
        "half_confidence_interval": 0.0,
        "stdev": 0.0,
        "confidence": 95
    },
    "QUEUE1 AVG NUMBER": {
        "mean": 0.0,
        "half_confidence_interval": 0.0,
        "stdev": 0.0,
        "confidence": 95
    },
    "QUEUE2 AVG WAIT": {
        "mean": 0.0,
        "half_confidence_interval": 0.0,
        "stdev": 0.0,
        "confidence": 95
    },
    "QUEUE2 AVG DELAY": {
        "mean": 0.0,
        "half_confidence_interval": 0.0,
        "stdev": 0.0,
        "confidence": 95
    },
    "QUEUE2 AVG NUMBER": {
        "mean": 0.0,
        "half_confidence_interval": 0.0,
        "stdev": 0.0,
        "confidence": 95
    },
    "QUEUE3 AVG WAIT": {
        "mean": 0.0,
        "half_confidence_interval": 0.0,
        "stdev": 0.0,
        "confidence": 95
    },
    "QUEUE3 AVG DELAY": {
        "mean": 0.0,
        "half_confidence_interval": 0.0,
        "stdev": 0.0,
        "confidence": 95
    },
    "QUEUE3 AVG NUMBER": {
        "mean": 0.0,
        "half_confidence_interval": 0.0,
        "stdev": 0.0,
        "confidence": 95
    },
    "UTILIZATION1": {
        "mean": 0.7250793253917971,
        "half_confidence_interval": 0.030244586544448955,
        "stdev": 0.026308810918698095,
        "confidence": 95
    },
    "UTILIZATION2": {
        "mean": 0.7575260809582707,
        "half_confidence_interval": 0.055617125789814065,
        "stdev": 0.0483795817177148,
        "confidence": 95
    },
    "UTILIZATION3": {
        "mean": 0.7524890366795971,
        "half_confidence_interval": 0.03627531545418183,
        "stdev": 0.031554751588275844,
        "confidence": 95
    },
    "UTILIZATION4": {
        "mean": 0.0,
        "half_confidence_interval": 0.0,
        "stdev": 0.0,
        "confidence": 95
    },
    "UTILIZATION5": {
        "mean": 0.0,
        "half_confidence_interval": 0.0,
        "stdev": 0.0,
        "confidence": 95
    },
    "UTILIZATION6": {
        "mean": 0.0,
        "half_confidence_interval": 0.0,
        "stdev": 0.0,
        "confidence": 95
    }
}