{
    "interarrival": 2,
    "servers": 3,
    "seed": 152139295,
    "GLOBAL AVG WAIT": {
        "mean": 14.690253640727661,
        "half_confidence_interval": 0.6674988798278741,
        "stdev": 2.6071571414588144,
        "confidence": 95
    },
    "GLOBAL AVG DELAY": {
        "mean": 10.238807261455054,
        "half_confidence_interval": 0.6519806643356768,
        "stdev": 2.5465451650707616,
        "confidence": 95
    },
    "GLOBAL AVG NUMBER": {
        "mean": 0.42281948697920435,
        "half_confidence_interval": 0.13697212810823453,
        "stdev": 0.5349939494584345,
        "confidence": 95
    },
    "QUEUE1 AVG WAIT": {
        "mean": 0.0,
        "half_confidence_interval": 0.0,
        "stdev": 0.0,
        "confidence": 95
    },
    "QUEUE1 AVG DELAY": {
        "mean": 0.0,
        "half_confidence_interval": 0.0,
        "stdev": 0.0,
        "confidence": 95
    },
    "QUEUE1 AVG NUMBER": {
        "mean": 0.0,
        "half_confidence_interval": 0.0,
        "stdev": 0.0,
        "confidence": 95
    },
    "QUEUE2 AVG WAIT": {
        "mean": 0.0,
        "half_confidence_interval": 0.0,
        "stdev": 0.0,
        "confidence": 95
    },
    "QUEUE2 AVG DELAY": {
        "mean": 0.0,
        "half_confidence_interval": 0.0,
        "stdev": 0.0,
        "confidence": 95
    },
    "QUEUE2 AVG NUMBER": {
        "mean": 0.0,
        "half_confidence_interval": 0.0,
        "stdev": 0.0,
        "confidence": 95
    },
    "QUEUE3 AVG WAIT": {
        "mean": 0.0,
        "half_confidence_interval": 0.0,
        "stdev": 0.0,
        "confidence": 95
    },
    "QUEUE3 AVG DELAY": {
        "mean": 0.0,
        "half_confidence_interval": 0.0,
        "stdev": 0.0,
        "confidence": 95
    },
    "QUEUE3 AVG NUMBER": {
        "mean": 0.0,
        "half_confidence_interval": 0.0,
        "stdev": 0.0,
        "confidence": 95
    },
    "UTILIZATION1": {
        "mean": 0.7295892690806018,
        "half_confidence_interval": 0.014326349846986953,
        "stdev": 0.05595671609852144,
        "confidence": 95
    },
    "UTILIZATION2": {
        "mean": 0.7312274617902627,
        "half_confidence_interval": 0.012628680136769857,
        "stdev": 0.04932585596888023,
        "confidence": 95
    },
    "UTILIZATION3": {
        "mean": 0.7456980907769546,
        "half_confidence_interval": 0.011231324540887029,
        "stdev": 0.04386798071086812,
        "confidence": 95
    },
    "UTILIZATION4": {
        "mean": 0.0,
        "half_confidence_interval": 0.0,
        "stdev": 0.0,
        "confidence": 95
    },
    "UTILIZATION5": {
        "mean": 0.0,
        "half_confidence_interval": 0.0,
        "stdev": 0.0,
        "confidence": 95
    },
    "UTILIZATION6": {
        "mean": 0.0,
        "half_confidence_interval": 0.0,
        "stdev": 0.0,
        "confidence": 95
    }
}