{
    "interarrival": 5.0,
    "servers": 1,
    "seed": 790874601,
    "GLOBAL AVG WAIT": {
        "mean": 20.823131177656084,
        "half_confidence_interval": 1.3892156138222211,
        "stdev": 5.140952347678065,
        "confidence": 95
    },
    "GLOBAL AVG DELAY": {
        "mean": 16.385822044052833,
        "half_confidence_interval": 1.3771767574425282,
        "stdev": 5.0964011733659245,
        "confidence": 95
    },
    "GLOBAL AVG NUMBER": {
        "mean": 4.163743165951995,
        "half_confidence_interval": 0.2832939866650575,
        "stdev": 1.0483620190689724,
        "confidence": 95
    },
    "QUEUE1 AVG WAIT": {
        "mean": 4.631082453722993,
        "half_confidence_interval": 0.05680591763983913,
        "stdev": 0.21021683945017183,
        "confidence": 95
    },
    "QUEUE1 AVG DELAY": {
        "mean": 3.4020174723945718,
        "half_confidence_interval": 0.056633094286011244,
        "stdev": 0.20957728672865403,
        "confidence": 95
    },
    "QUEUE1 AVG NUMBER": {
        "mean": 0.13617623586458677,
        "half_confidence_interval": 0.0025574987019882063,
        "stdev": 0.009464318443697271,
        "confidence": 95
    },
    "QUEUE2 AVG WAIT": {
        "mean": 7.355114300085333,
        "half_confidence_interval": 0.0701473336891408,
        "stdev": 0.2595882858099624,
        "confidence": 95
    },
    "QUEUE2 AVG DELAY": {
        "mean": 4.6942071229612665,
        "half_confidence_interval": 0.06674769993320322,
        "stdev": 0.2470075496269399,
        "confidence": 95
    },
    "QUEUE2 AVG NUMBER": {
        "mean": 0.4157379982767363,
        "half_confidence_interval": 0.00766895884094791,
        "stdev": 0.028379865274580012,
        "confidence": 95
    },
    "QUEUE3 AVG WAIT": {
        "mean": 46.555630625522674,
        "half_confidence_interval": 3.6492398609106464,
        "stdev": 13.504432316717228,
        "confidence": 95
    },
    "QUEUE3 AVG DELAY": {
        "mean": 38.10174953748495,
        "half_confidence_interval": 3.639606154672165,
        "stdev": 13.468781677456633,
        "confidence": 95
    },
    "QUEUE3 AVG NUMBER": {
        "mean": 2.725704539928946,
        "half_confidence_interval": 0.2751377138268472,
        "stdev": 1.0181787922331231,
        "confidence": 95
    },
    "QUEUE4 AVG WAIT": {
        "mean": 0.0,
        "half_confidence_interval": 0.0,
        "stdev": 0.0,
        "confidence": 95
    },
    "QUEUE4 AVG DELAY": {
        "mean": 0.0,
        "half_confidence_interval": 0.0,
        "stdev": 0.0,
        "confidence": 95
    },
    "QUEUE4 AVG NUMBER": {
        "mean": 0.0,
        "half_confidence_interval": 0.0,
        "stdev": 0.0,
        "confidence": 95
    },
    "QUEUE5 AVG WAIT": {
        "mean": 0.0,
        "half_confidence_interval": 0.0,
        "stdev": 0.0,
        "confidence": 95
    },
    "QUEUE5 AVG DELAY": {
        "mean": 0.0,
        "half_confidence_interval": 0.0,
        "stdev": 0.0,
        "confidence": 95
    },
    "QUEUE5 AVG NUMBER": {
        "mean": 0.0,
        "half_confidence_interval": 0.0,
        "stdev": 0.0,
        "confidence": 95
    },
    "QUEUE6 AVG WAIT": {
        "mean": 0.0,
        "half_confidence_interval": 0.0,
        "stdev": 0.0,
        "confidence": 95
    },
    "QUEUE6 AVG DELAY": {
        "mean": 0.0,
        "half_confidence_interval": 0.0,
        "stdev": 0.0,
        "confidence": 95
    },
    "QUEUE6 AVG NUMBER": {
        "mean": 0.0,
        "half_confidence_interval": 0.0,
        "stdev": 0.0,
        "confidence": 95
    },
    "UTILIZATION1": {
        "mean": 0.8861338460111212,
        "half_confidence_interval": 0.005847083463402215,
        "stdev": 0.021637805650299838,
        "confidence": 95
    },
    "UTILIZATION2": {
        "mean": 0.0,
        "half_confidence_interval": 0.0,
        "stdev": 0.0,
        "confidence": 95
    },
    "UTILIZATION3": {
        "mean": 0.0,
        "half_confidence_interval": 0.0,
        "stdev": 0.0,
        "confidence": 95
    },
    "UTILIZATION4": {
        "mean": 0.0,
        "half_confidence_interval": 0.0,
        "stdev": 0.0,
        "confidence": 95
    },
    "UTILIZATION5": {
        "mean": 0.0,
        "half_confidence_interval": 0.0,
        "stdev": 0.0,
        "confidence": 95
    },
    "UTILIZATION6": {
        "mean": 0.0,
        "half_confidence_interval": 0.0,
        "stdev": 0.0,
        "confidence": 95
    }
}