{
    "interarrival": 2,
    "servers": 3,
    "seed": 505292865,
    "GLOBAL AVG WAIT": {
        "mean": 14.685552095319423,
        "half_confidence_interval": 0.5492447474704027,
        "stdev": 2.145273061949498,
        "confidence": 95
    },
    "GLOBAL AVG DELAY": {
        "mean": 10.27324673230737,
        "half_confidence_interval": 0.5352491068602643,
        "stdev": 2.0906080498143127,
        "confidence": 95
    },
    "GLOBAL AVG NUMBER": {
        "mean": 0.4534186199044617,
        "half_confidence_interval": 0.15666641330899214,
        "stdev": 0.6119170692699947,
        "confidence": 95
    },
    "QUEUE1 AVG WAIT": {
        "mean": 0.0,
        "half_confidence_interval": 0.0,
        "stdev": 0.0,
        "confidence": 95
    },
    "QUEUE1 AVG DELAY": {
        "mean": 0.0,
        "half_confidence_interval": 0.0,
        "stdev": 0.0,
        "confidence": 95
    },
    "QUEUE1 AVG NUMBER": {
        "mean": 0.0,
        "half_confidence_interval": 0.0,
        "stdev": 0.0,
        "confidence": 95
    },
    "QUEUE2 AVG WAIT": {
        "mean": 0.0,
        "half_confidence_interval": 0.0,
        "stdev": 0.0,
        "confidence": 95
    },
    "QUEUE2 AVG DELAY": {
        "mean": 0.0,
        "half_confidence_interval": 0.0,
        "stdev": 0.0,
        "confidence": 95
    },
    "QUEUE2 AVG NUMBER": {
        "mean": 0.0,
        "half_confidence_interval": 0.0,
        "stdev": 0.0,
        "confidence": 95
    },
    "QUEUE3 AVG WAIT": {
        "mean": 0.0,
        "half_confidence_interval": 0.0,
        "stdev": 0.0,
        "confidence": 95
    },
    "QUEUE3 AVG DELAY": {
        "mean": 0.0,
        "half_confidence_interval": 0.0,
        "stdev": 0.0,
        "confidence": 95
    },
    "QUEUE3 AVG NUMBER": {
        "mean": 0.0,
        "half_confidence_interval": 0.0,
        "stdev": 0.0,
        "confidence": 95
    },
    "UTILIZATION1": {
        "mean": 0.727940174731412,
        "half_confidence_interval": 0.011516068802470187,
        "stdev": 0.04498015191820764,
        "confidence": 95
    },
    "UTILIZATION2": {
        "mean": 0.7263643505977058,
        "half_confidence_interval": 0.012031582056691706,
        "stdev": 0.04699367449161913,
        "confidence": 95
    },
    "UTILIZATION3": {
        "mean": 0.7531710853273459,
        "half_confidence_interval": 0.013149766842326986,
        "stdev": 0.05136114766264733,
        "confidence": 95
    },
    "UTILIZATION4": {
        "mean": 0.0,
        "half_confidence_interval": 0.0,
        "stdev": 0.0,
        "confidence": 95
    },
    "UTILIZATION5": {
        "mean": 0.0,
        "half_confidence_interval": 0.0,
        "stdev": 0.0,
        "confidence": 95
    },
    "UTILIZATION6": {
        "mean": 0.0,
        "half_confidence_interval": 0.0,
        "stdev": 0.0,
        "confidence": 95
    }
}