{
    "interarrival": 1,
    "servers": 6,
    "seed": 605860926,
    "GLOBAL AVG WAIT": {
        "mean": 5.26952727606296,
        "half_confidence_interval": 0.22174836553894872,
        "stdev": 0.5015215465869187,
        "confidence": 95
    },
    "GLOBAL AVG DELAY": {
        "mean": 0.8365432325497053,
        "half_confidence_interval": 0.16372736715473105,
        "stdev": 0.3702972159207297,
        "confidence": 95
    },
    "GLOBAL AVG NUMBER": {
        "mean": 5.324671868048034,
        "half_confidence_interval": 0.2614498438449544,
        "stdev": 0.591313174829237,
        "confidence": 95
    },
    "QUEUE1 AVG WAIT": {
        "mean": 1.5398157540118702,
        "half_confidence_interval": 0.03647327402922688,
        "stdev": 0.08249049663012493,
        "confidence": 95
    },
    "QUEUE1 AVG DELAY": {
        "mean": 0.31342762229052257,
        "half_confidence_interval": 0.03730690159942236,
        "stdev": 0.08437588679868742,
        "confidence": 95
    },
    "QUEUE1 AVG NUMBER": {
        "mean": 0.06416475041174853,
        "half_confidence_interval": 0.007419907063657494,
        "stdev": 0.016781378555158263,
        "confidence": 95
    },
    "QUEUE2 AVG WAIT": {
        "mean": 3.1526597829789056,
        "half_confidence_interval": 0.0607786406087343,
        "stdev": 0.1374612063699247,
        "confidence": 95
    },
    "QUEUE2 AVG DELAY": {
        "mean": 0.5050810631213004,
        "half_confidence_interval": 0.05923658333565523,
        "stdev": 0.13397358224858982,
        "confidence": 95
    },
    "QUEUE2 AVG NUMBER": {
        "mean": 0.22340218075785795,
        "half_confidence_interval": 0.02551143731654873,
        "stdev": 0.05769844331232949,
        "confidence": 95
    },
    "QUEUE3 AVG WAIT": {
        "mean": 9.982988917307543,
        "half_confidence_interval": 0.41621399063490433,
        "stdev": 0.9413385473529753,
        "confidence": 95
    },
    "QUEUE3 AVG DELAY": {
        "mean": 1.5246764524003815,
        "half_confidence_interval": 0.3639057183155953,
        "stdev": 0.8230345158030254,
        "confidence": 95
    },
    "QUEUE3 AVG NUMBER": {
        "mean": 0.5614679548324283,
        "half_confidence_interval": 0.14498748650287713,
        "stdev": 0.3279137967485994,
        "confidence": 95
    },
    "UTILIZATION1": {
        "mean": 0.7502824693019079,
        "half_confidence_interval": 0.019840365742471718,
        "stdev": 0.04487235289347292,
        "confidence": 95
    },
    "UTILIZATION2": {
        "mean": 0.7462438917668707,
        "half_confidence_interval": 0.02140417544630554,
        "stdev": 0.048409173827093796,
        "confidence": 95
    },
    "UTILIZATION3": {
        "mean": 0.7446329921065147,
        "half_confidence_interval": 0.01953353169817325,
        "stdev": 0.044178395650234265,
        "confidence": 95
    },
    "UTILIZATION4": {
        "mean": 0.7422721972434396,
        "half_confidence_interval": 0.01759390965248381,
        "stdev": 0.03979161135180663,
        "confidence": 95
    },
    "UTILIZATION5": {
        "mean": 0.7430446150681466,
        "half_confidence_interval": 0.015427488166871266,
        "stdev": 0.034891881645196035,
        "confidence": 95
    },
    "UTILIZATION6": {
        "mean": 0.7495975051424777,
        "half_confidence_interval": 0.019695892100698546,
        "stdev": 0.04454560124375039,
        "confidence": 95
    }
}