{
    "seed": 411527103,
    "arrival_stream": 0,
    "service_stream": 1,
    "observation_period": 20000.0,
    "interarrivals": 2,
    "batch_size": 512,
    "k": 152,
    "servers": 3,
    "acquisition_time": [],
    "avg_utilization1": [
        0.7377600519199569,
        0.6765159456461773,
        0.7496642023003008,
        0.7115899738364245,
        0.7018424569444549,
        0.7246028041888679,
        0.6557574092446452,
        0.8030560445223303,
        0.7485942963903804,
        0.7081610105973282,
        0.7065283556751248,
        0.6058933022433862,
        0.7779014018516575,
        0.7086959519150179,
        0.7025607024803638,
        0.8053417152353285,
        0.7156953852652188,
        0.7619146070314652,
        0.6841922625290906
    ],
    "avg_utilization2": [
        0.7232038336323201,
        0.6573017215387533,
        0.7455179311978838,
        0.7260880608696406,
        0.7098500565915594,
        0.7645126549079192,
        0.7134781578731804,
        0.8476487261713974,
        0.7437197521141754,
        0.6843671798180841,
        0.6873783634928073,
        0.5961144718717128,
        0.750323777953596,
        0.7149403731438562,
        0.6964762839962453,
        0.806766802601709,
        0.7192560435864175,
        0.7488835496936309,
        0.6964643740519961
    ],
    "avg_utilization3": [
        0.7437104063292411,
        0.6429211604079572,
        0.7516041429613259,
        0.7586392111282272,
        0.7326575232732891,
        0.7122926904657632,
        0.6793349744409285,
        0.8249177128826793,
        0.751677770771623,
        0.6948503376897627,
        0.7279752988351691,
        0.6253399516675685,
        0.7632931694936467,
        0.7099561282769743,
        0.7309830128962186,
        0.8065908772394462,
        0.716752007839823,
        0.7401836533990399,
        0.6995212629865177
    ],
    "avg_utilization4": [],
    "avg_utilization5": [],
    "avg_utilization6": [],
    "avg_utilization7": [],
    "avg_utilization8": [],
    "avg_utilization9": [],
    "global": {
        "avg_wait": [
            6.268553019004721,
            5.25019775999938,
            6.409186386606422,
            5.77465273393802,
            5.798877760886592,
            6.399677690880523,
            5.648609977033052,
            8.160829088967512,
            7.0249345841809046,
            6.03948073018568,
            5.695394227000705,
            4.979931412246085,
            6.346962323756028,
            5.9367505664272855,
            5.659627814981722,
            6.9146117900310635,
            5.9080446243981015,
            6.123041451633213,
            6.200612155205512
        ],
        "avg_delay": [
            1.7640530553765192,
            1.1194158275979165,
            2.161769373945045,
            1.2958767798677266,
            1.5166767894333475,
            2.003349141792272,
            1.3398953367403763,
            3.457961916561361,
            2.58871011736915,
            1.994121835102785,
            1.4241701309937973,
            0.8450640493275827,
            1.7453001106210024,
            1.3923000592562715,
            1.442588282439786,
            2.3590470687442213,
            1.760123031758944,
            1.6004556531182246,
            1.8278763304520922
        ],
        "avg_number": [
            3.056638502803159,
            1.265993812818003,
            1.0622695334398362,
            0.714290121039631,
            0.5760838440415469,
            0.5302730391696364,
            0.3984219976498482,
            0.5077961778110829,
            0.38913597525341415,
            0.3022311302544348,
            0.25899749537623323,
            0.20524698804979788,
            0.24168353701803616,
            0.20903031734995045,
            0.18629581538682563,
            0.21434051810001004,
            0.17283739019181893,
            0.16916778853267272,
            0.16192264447764843
        ]
    },
    "q1": {
        "avg_wait": [
            2.1417171812893656,
            1.664837497814678,
            2.2013309046103195,
            1.9938044957436531,
            2.188078557530199,
            2.1767917078057186,
            1.935426065504247,
            2.3179668728638423,
            2.0541019835914787,
            1.8742117997048822,
            1.9073994072157463,
            1.5831554085065893,
            2.2143935898128753,
            1.8824205097497435,
            1.7315924302709695,
            2.369401903832387,
            1.9364199710089807,
            2.14639713540979,
            1.8893569392773675
        ],
        "avg_delay": [
            0.9238746678637838,
            0.4653998378451245,
            0.9618774320985897,
            0.7761788201294955,
            0.9468077830414577,
            0.9577588352887427,
            0.7082899353965944,
            1.0761620151332256,
            0.8261279065817324,
            0.6195030499623044,
            0.6801715100797922,
            0.3369701384654036,
            0.9557975188581622,
            0.6446306725460947,
            0.507754050310193,
            1.12114398964475,
            0.7325682377730017,
            0.9144671553855991,
            0.6769154245036744
        ],
        "avg_number": [
            0.09502625841601176,
            0.024329611063245857,
            0.035496574927703986,
            0.018939214893768153,
            0.020024427024266725,
            0.016274848325291448,
            0.009855171886473724,
            0.010986064107929728,
            0.009563573674729584,
            0.007750381007524985,
            0.00628280511822168,
            0.0036347930175624895,
            0.007748249263280963,
            0.0038567433137473386,
            0.003754019319125104,
            0.007398682721288268,
            0.004562454588534971,
            0.0047371796634176,
            0.0036596818755983813
        ]
    },
    "q2": {
        "avg_wait": [
            3.9675257835296986,
            3.430188401893904,
            3.9814319440699686,
            3.67803239069108,
            3.7882553517116495,
            3.672782316165419,
            3.7033695429622875,
            4.440923971597826,
            4.106049507309438,
            3.6829914017206207,
            3.269468354567188,
            3.310384179438424,
            3.718611139079174,
            3.732635474287821,
            3.7187538968016414,
            4.448358715439692,
            3.8449455036010667,
            3.820437691944852,
            3.8446467253068484
        ],
        "avg_delay": [
            1.3328532988147845,
            0.8496597372643023,
            1.3038981672562395,
            0.9214992922548526,
            0.9810928996587599,
            1.0033191647299773,
            1.0744427251153459,
            1.7589247564191481,
            1.4161053364572183,
            1.0193437690507994,
            0.7796684554964778,
            0.6714444958786887,
            1.1327436823121302,
            1.0947852852431934,
            1.048147915803759,
            1.7524660332746178,
            1.1741606186640254,
            1.08004867579365,
            1.2516239269145062
        ],
        "avg_number": [
            0.2856088655957932,
            0.09083576036886275,
            0.09919125849733619,
            0.05142636123178627,
            0.04435451497797976,
            0.03702076924918439,
            0.034784269790460474,
            0.05194439820558961,
            0.03355280335452301,
            0.023313429480585873,
            0.015096221858487078,
            0.0118368924948548,
            0.01752290758480047,
            0.017165415295766696,
            0.015835643052905038,
            0.022599338405092984,
            0.014960852633986626,
            0.013229690901381827,
            0.01455498504457539
        ]
    },