{
    "GLOBAL AVG WAIT": {
        "mean": 6.121812407244254,
        "half_confidence_interval": 0.3814516940066238,
        "stdev": 0.7197523288394784,
        "confidence": 95
    },
    "GLOBAL AVG DELAY": {
        "mean": 1.7674603238041064,
        "half_confidence_interval": 0.3220172297894803,
        "stdev": 0.607606820756159,
        "confidence": 95
    },
    "GLOBAL AVG NUMBER": {
        "mean": 0.43553502832251645,
        "half_confidence_interval": 0.16458419400788224,
        "stdev": 0.3105500874385545,
        "confidence": 95
    },
    "QUEUE1 AVG WAIT": {
        "mean": 2.0104547200574174,
        "half_confidence_interval": 0.11623987110111658,
        "stdev": 0.21933030903665784,
        "confidence": 95
    },
    "QUEUE1 AVG DELAY": {
        "mean": 0.7783299346200155,
        "half_confidence_interval": 0.11341138552859645,
        "stdev": 0.21399330540055686,
        "confidence": 95
    },
    "QUEUE1 AVG NUMBER": {
        "mean": 0.0114820467009478,
        "half_confidence_interval": 0.00453409405546595,
        "stdev": 0.00855527661005009,
        "confidence": 95
    },
    "QUEUE2 AVG WAIT": {
        "mean": 3.7851541048989445,
        "half_confidence_interval": 0.16691979694221895,
        "stdev": 0.31495708228913705,
        "confidence": 95
    },
    "QUEUE2 AVG DELAY": {
        "mean": 1.12127947121607,
        "half_confidence_interval": 0.15289168986789406,
        "stdev": 0.2884877733449236,
        "confidence": 95
    },
    "QUEUE2 AVG NUMBER": {
        "mean": 0.03498061925785788,
        "half_confidence_interval": 0.013467805551622672,
        "stdev": 0.025412089033662412,
        "confidence": 95
    },
    "QUEUE3 AVG WAIT": {
        "mean": 11.586208864256466,
        "half_confidence_interval": 0.774671582204192,
        "stdev": 1.4617097895691833,
        "confidence": 95
    },
    "QUEUE3 AVG DELAY": {
        "mean": 3.194108897325237,
        "half_confidence_interval": 0.7038054526959596,
        "stdev": 1.3279941381490992,
        "confidence": 95
    },
    "QUEUE3 AVG NUMBER": {
        "mean": 0.07644575955126211,
        "half_confidence_interval": 0.02941491522923595,
        "stdev": 0.05550231935394361,
        "confidence": 95
    },
    "UTILIZATION1": {
        "mean": 0.7214303273746162,
        "half_confidence_interval": 0.026085880602428307,
        "stdev": 0.0492208413500985,
        "confidence": 95
    },
    "UTILIZATION2": {
        "mean": 0.7242719945542688,
        "half_confidence_interval": 0.028981314766219856,
        "stdev": 0.05468416872584261,
        "confidence": 95
    },
    "UTILIZATION3": {
        "mean": 0.7276452719805554,
        "half_confidence_interval": 0.026024488814309778,
        "stdev": 0.04910500261307309,
        "confidence": 95
    },
    "UTILIZATION4": {
        "mean": 0.0,
        "half_confidence_interval": 0.0,
        "stdev": 0.0,
        "confidence": 95
    },
    "UTILIZATION5": {
        "mean": 0.0,
        "half_confidence_interval": 0.0,
        "stdev": 0.0,
        "confidence": 95
    },
    "UTILIZATION6": {
        "mean": 0.0,
        "half_confidence_interval": 0.0,
        "stdev": 0.0,
        "confidence": 95
    }
}