{
    "interarrival": 1.0,
    "servers": 6,
    "seed": 1623135021,
    "GLOBAL AVG WAIT": {
        "mean": 5.892026375781614,
        "half_confidence_interval": 0.09158945923985674,
        "stdev": 0.357735600696617,
        "confidence": 95
    },
    "GLOBAL AVG DELAY": {
        "mean": 1.4465541737259378,
        "half_confidence_interval": 0.07630708910542039,
        "stdev": 0.29804480324586025,
        "confidence": 95
    },
    "GLOBAL AVG NUMBER": {
        "mean": 5.89610083635752,
        "half_confidence_interval": 0.10782182616709608,
        "stdev": 0.4211369525731099,
        "confidence": 95
    },
    "QUEUE1 AVG WAIT": {
        "mean": 5.701221036980606,
        "half_confidence_interval": 0.11743184687367356,
        "stdev": 0.4586723475705987,
        "confidence": 95
    },
    "QUEUE1 AVG DELAY": {
        "mean": 1.2784744292924002,
        "half_confidence_interval": 0.08305644239437715,
        "stdev": 0.32440683194629755,
        "confidence": 95
    },
    "QUEUE1 AVG NUMBER": {
        "mean": 0.20492456549540447,
        "half_confidence_interval": 0.013787943067545045,
        "stdev": 0.05385377462183494,
        "confidence": 95
    },
    "QUEUE2 AVG WAIT": {
        "mean": 5.996740135893126,
        "half_confidence_interval": 0.13185772532937706,
        "stdev": 0.5150178084757957,
        "confidence": 95
    },
    "QUEUE2 AVG DELAY": {
        "mean": 1.5283542652282494,
        "half_confidence_interval": 0.08639610276385006,
        "stdev": 0.33745107763037047,
        "confidence": 95
    },
    "QUEUE2 AVG NUMBER": {
        "mean": 0.25754642175966713,
        "half_confidence_interval": 0.013925189461304836,
        "stdev": 0.05438983981451748,
        "confidence": 95
    },
    "QUEUE3 AVG WAIT": {
        "mean": 5.98504509256933,
        "half_confidence_interval": 0.10092492763004436,
        "stdev": 0.3941986327973104,
        "confidence": 95
    },
    "QUEUE3 AVG DELAY": {
        "mean": 1.5329342761106308,
        "half_confidence_interval": 0.07403627557406897,
        "stdev": 0.2891753236196011,
        "confidence": 95
    },
    "QUEUE3 AVG NUMBER": {
        "mean": 0.2638778736101703,
        "half_confidence_interval": 0.013519629020537133,
        "stdev": 0.05280577753157648,
        "confidence": 95
    },
    "QUEUE4 AVG WAIT": {
        "mean": 5.984421622780665,
        "half_confidence_interval": 0.12233897207230578,
        "stdev": 0.47783889135408125,
        "confidence": 95
    },
    "QUEUE4 AVG DELAY": {
        "mean": 1.5324852839821408,
        "half_confidence_interval": 0.08724386010219537,
        "stdev": 0.34076229906562,
        "confidence": 95
    },
    "QUEUE4 AVG NUMBER": {
        "mean": 0.26240310652124266,
        "half_confidence_interval": 0.0150097834725235,
        "stdev": 0.058626112125058846,
        "confidence": 95
    },
    "QUEUE5 AVG WAIT": {
        "mean": 6.017387152255247,
        "half_confidence_interval": 0.11338139624046942,
        "stdev": 0.44285185466249427,
        "confidence": 95
    },
    "QUEUE5 AVG DELAY": {
        "mean": 1.536651687872014,
        "half_confidence_interval": 0.08228904058138885,
        "stdev": 0.3214094679393095,
        "confidence": 95
    },
    "QUEUE5 AVG NUMBER": {
        "mean": 0.2579870011329295,
        "half_confidence_interval": 0.014137618588809275,
        "stdev": 0.055219558235872546,
        "confidence": 95
    },
    "QUEUE6 AVG WAIT": {
        "mean": 5.696613475047466,
        "half_confidence_interval": 0.11516708978350797,
        "stdev": 0.44982652355540736,
        "confidence": 95
    },
    "QUEUE6 AVG DELAY": {
        "mean": 1.2658296015904649,
        "half_confidence_interval": 0.08087045266594135,
        "stdev": 0.315868662214662,
        "confidence": 95
    },
    "QUEUE6 AVG NUMBER": {
        "mean": 0.20291049525734153,
        "half_confidence_interval": 0.01352271205661317,
        "stdev": 0.05281781943871059,
        "confidence": 95
    },
    "UTILIZATION1": {
        "mean": 0.7069773479813873,
        "half_confidence_interval": 0.006898149547153209,
        "stdev": 0.02694320604605209,
        "confidence": 95
    },
    "UTILIZATION2": {
        "mean": 0.7535337150300846,
        "half_confidence_interval": 0.00619386745340682,
        "stdev": 0.02419237882251285,
        "confidence": 95
    },
    "UTILIZATION3": {
        "mean": 0.7647678754814954,
        "half_confidence_interval": 0.005282236941611234,
        "stdev": 0.020631677717197882,
        "confidence": 95
    },
    "UTILIZATION4": {
        "mean": 0.7617376363570815,
        "half_confidence_interval": 0.006481137032938699,
        "stdev": 0.025314413568089562,
        "confidence": 95
    },
    "UTILIZATION5": {
        "mean": 0.7512401044678769,
        "half_confidence_interval": 0.006358990524070018,
        "stdev": 0.02483732641105439,
        "confidence": 95
    },
    "UTILIZATION6": {
        "mean": 0.7081292852651372,
        "half_confidence_interval": 0.006849747653772773,
        "stdev": 0.026754155029188254,
        "confidence": 95
    }
}