{
    "seed": 556375827,
    "arrival_stream": 0,
    "service_stream": 1,
    "observation_period": 20000.0,
    "interarrivals": 2,
    "batch_size": 512,
    "k": 247,
    "servers": 3,
    "acquisition_time": [],
    "avg_utilization1": [
        0.6978536312636408,
        0.7160846194611593,
        0.7255487866588365,
        0.7733257284013512,
        0.7614093963874219,
        0.7434373351255257,
        0.6783164419431694,
        0.7649811986710697,
        0.7754579677920999,
        0.7324538511827883,
        0.80852185684381,
        0.7713088809067612,
        0.7249472867321046,
        0.71565503564691,
        0.7072056690306284,
        0.7310698301376517,
        0.7204295283136007,
        0.6918479081237064,
        0.7278143439081408
    ],
    "avg_utilization2": [
        0.7152717525382692,
        0.6753481135283708,
        0.7499127272901815,
        0.7619598404520155,
        0.7112984887953963,
        0.7437380094850076,
        0.6989324554747338,
        0.7447334847123294,
        0.7262706203447813,
        0.7473462522198516,
        0.8159325254696869,
        0.7583905785302866,
        0.7617092781468446,
        0.6724282620637065,
        0.7062642095142073,
        0.7344337705821077,
        0.7019557134960197,
        0.7310011628507628,
        0.7398058393305603
    ],
    "avg_utilization3": [
        0.6995164139295516,
        0.7206861647612736,
        0.7502908068736125,
        0.7607791105051758,
        0.7512189299515265,
        0.7255957000102359,
        0.6873810580218319,
        0.775043903170814,
        0.7352067826321919,
        0.714036434922256,
        0.8061969710132396,
        0.7413644014176247,
        0.7534321484155116,
        0.7077115321233358,
        0.7252534195297554,
        0.7311489293612625,
        0.7006940991806243,
        0.7322860587833244,
        0.739226303423374
    ],
    "avg_utilization4": [],
    "avg_utilization5": [],
    "avg_utilization6": [],
    "avg_utilization7": [],
    "avg_utilization8": [],
    "avg_utilization9": [],
    "global": {
        "avg_wait": [
            5.909225258115603,
            6.062575440564235,
            6.427513174276835,
            7.835634126018163,
            6.7168828209183395,
            7.59514261779141,
            5.9472988029269,
            5.795475897937296,
            7.4017200088701856,
            5.299287433221398,
            6.729193673345783,
            6.502798124666246,
            5.6395334776070065,
            6.581674047815923,
            5.940389115047214,
            5.572734095591354,
            6.1264962529931,
            5.690917429835828,
            6.7829561095384605
        ],
        "avg_delay": [
            1.5296083398730098,
            1.6229117408112423,
            1.9218290325031964,
            3.1779572344351843,
            2.2681512332624862,
            3.0077301104000096,
            1.3822266960678125,
            1.558403787504334,
            2.677597001322617,
            1.184504220075997,
            2.183456941236752,
            2.0408332267462015,
            1.4363185938328726,
            2.188412893770252,
            1.6985631128586007,
            1.1600444330015804,
            1.5162521269003477,
            1.4430367012653065,
            2.525729628906838
        ],
        "avg_number": [
            2.845104431821239,
            1.4503105090197472,
            1.0331843547067696,
            0.9507837469581318,
            0.6560776823305368,
            0.617019895337542,
            0.40944552190973826,
            0.3539408194091012,
            0.4004040424514367,
            0.26018994684896357,
            0.30264482021559364,
            0.268788649259638,
            0.21624906776167285,
            0.23362984468755418,
            0.1970383954638419,
            0.17327799814380115,
            0.17841020607898353,
            0.1567848625627403,
            0.17744018112298826
        ]
    },
    "q1": {
        "avg_wait": [
            1.9240277986411196,
            1.8056039927226257,
            1.989512746344805,
            2.148552304542234,
            1.8970186697182265,
            2.192572058995493,
            1.8075082136361416,
            1.859374244495649,
            2.2694435511934907,
            1.874421541153441,
            2.214914247164731,
            2.0597859628758637,
            1.8813221784624061,
            1.9845187402849502,
            2.117453015901857,
            2.0253313374976556,
            1.764636762349806,
            1.7765915292927263,
            1.9001965082709515
        ],
        "avg_delay": [
            0.6689870714385356,
            0.5834251200002334,
            0.7386783619724704,
            0.9071680404449733,
            0.6555073628088128,
            0.9539765213167772,
            0.6130924239983581,
            0.6496653260836376,
            1.0373764613338508,
            0.6776905214715667,
            0.9947827695285133,
            0.8000614310270665,
            0.6760409366769962,
            0.7668621063124814,
            0.8910393759846501,
            0.7878371807387091,
            0.560857479448789,
            0.5651342643228782,
            0.6550059890186486
        ],
        "avg_number": [
            0.061022102183304644,
            0.026714378625208694,
            0.02272722114486378,
            0.025584229496271125,
            0.014131021249150097,
            0.014228490013210452,
            0.0072546259924366535,
            0.00805924975135652,
            0.009864492311094502,
            0.006628796067638961,
            0.0093500145871438,
            0.005296364660282153,
            0.005518748420439716,
            0.005050831406380947,
            0.005714761347446266,
            0.0052630112442326425,
            0.0034770951520923803,
            0.003040909698908938,
            0.003480499811000391
        ]
    },
    "q2": {
        "avg_wait": [
            3.4770420304529175,
            3.7518754756896406,
            3.890252749255244,
            4.381520383094134,
            3.6618430754584166,
            3.8429668071420875,
            3.515695813678377,
            3.683653736410627,
            4.255470488803677,
            3.4273043410062964,
            4.002882213234054,
            4.026313361740337,
            3.663621160408895,
            3.8535188379229686,
            4.105292967018211,
            3.5977731919653566,
            3.5440673641680376,
            3.6282456314490523,
            4.1311212157050425
        ],
        "avg_delay": [
            0.8832885617864247,
            1.0014937788528255,
            1.1931812009187073,
            1.662256128962478,
            1.0033423650035496,
            1.2608561768386393,
            0.9794602203092672,
            1.0323390098611571,
            1.564246745613786,
            0.7622970329040333,
            1.3757696616131307,
            1.4060992956643028,
            0.904441482577518,
            1.2037131200562663,
            1.4608029580636337,
            0.9758955220050087,
            0.8872165742482202,
            1.0068681035525118,
            1.5348509085654236
        ],
        "avg_number": [
            0.1927029207151081,
            0.10902800212346409,
            0.08503488801483433,
            0.07800110808421469,
            0.042301810532959665,
            0.04561352869776775,
            0.030554922960394804,
            0.029306967501504837,
            0.03850853713711049,
            0.017617502714357282,
            0.026828658601975298,
            0.027924910499099277,
            0.01618897968339525,
            0.019110870316437226,
            0.022712706506721976,
            0.01303860551666977,
            0.010849398668185462,
            0.012894408490652225,
            0.018193538945311095
        ]
    },