{
    "seed": 123456789,
    "arrival_stream": 0,
    "service_stream": 1,
    "observation_period": 40000.0,
    "interarrivals": 5.0,
    "batch_size": 0,
    "k": 0,
    "servers": 2,
    "acquisition_time": [
        66.56660011954732,
        79.73957165992935,
        84.2119502992972,
        93.78035336725212,
        107.19598531710102,
        115.71041136626563,
        138.54172367473288,
        151.43974178344575,
        173.22623822239672,
        220.54781208357673,
        245.94263685150258,
        275.22837709398823,
        359.5171986667766,
        486.8258923004192,
        624.3343046354619,
        758.5638506499058,
        895.7893691304179,
        1043.6005647401814,
        1224.792378846338,
        1451.6642883776597,
        1784.0167426329142,
        2149.3548483549594,
        2574.4369232510644,
        3132.7152163397845,
        3722.1939594570786,
        4516.422260009566,
        5425.190766454567,
        6581.293278766645,
        7827.103691952877,
        9447.04531253133,
        11405.08243680298,
        13679.158245992381,
        16404.078680691626,
        19621.717124921463,
        23573.310460562334,
        28149.67327265636,
        34044.85784637461
    ],
    "avg_utilization1": [
        0.4002366302813096,
        0.4367351489245596,
        0.41354075734273166,
        0.42388653635051116,
        0.48153021995696876,
        0.4893900711324947,
        0.5622144717026322,
        0.5783264821357251,
        0.6332029768631406,
        0.6539906120281622,
        0.6818411085561938,
        0.7044523714171892,
        0.6477356622501349,
        0.5148991007245403,
        0.46581459984623375,
        0.46368368788084197,
        0.4474360826514916,
        0.4552363132056178,
        0.46652291424511605,
        0.4630496864489083,
        0.4423083772047312,
        0.46178994162024445,
        0.4535144063219437,
        0.44953953219838433,
        0.46017258708636094,
        0.46105119307518455,
        0.4545775549312137,
        0.4525076765792803,
        0.45923431361737804,
        0.44747057389136874,
        0.4375355176670075,
        0.43790497317025673,
        0.43925392543073394,
        0.44162670739883897,
        0.4429629767001025,
        0.44323597144260823,
        0.4417784149214606
    ],
    "avg_utilization2": [
        0.10925096893572986,
        0.27797490231559757,
        0.31133385675615155,
        0.3167786472691135,
        0.39048922513433365,
        0.39742466229885276,
        0.4824260077564834,
        0.5565730256673873,
        0.6225183545456666,
        0.6206711562276999,
        0.6429971147263579,
        0.6688872616928735,
        0.5925730041236175,
        0.514527159161061,
        0.5225807981595473,
        0.4892278920020595,
        0.48833566377629184,
        0.4863634903592353,
        0.48316802890611293,
        0.46013231982194847,
        0.4393386686678459,
        0.4500656790343011,
        0.44349489004382064,
        0.44386301114185056,
        0.4479800076889976,
        0.4423373778273807,
        0.4467881135435037,
        0.44669444124846686,
        0.4515618921446033,
        0.4404760304017963,
        0.43576980683737926,
        0.44342316941717325,
        0.4458651359637361,
        0.4436427359659229,
        0.4426152329887666,
        0.4461374794901826,
        0.44189357977565136
    ],
    "avg_utilization3": [],
    "avg_utilization4": [],
    "avg_utilization5": [],
    "avg_utilization6": [],
    "global": {
        "avg_wait": [
            2.5682923368878843,
            4.4892593686065325,
            4.517593377753587,
            4.453851564016648,
            5.062088411000721,
            5.240109188251756,
            6.39277012407243,
            6.028217406705434,
            6.892840675934424,
            7.902643122059358,
            9.946193252000699,
            10.736482025557763,
            9.792503184202253,
            8.735077686396028,
            8.491609470709964,
            7.901261586810122,
            7.459484026832872,
            6.922965649335089,
            6.576432669699422,
            6.2504986767693635,
            5.950847967706858,
            6.180401158120588,
            6.024976152863354,
            5.925843961887418,
            5.892920678729972,
            5.9946747032332395,
            5.8839962018089516,
            5.856238333176094,
            5.8881049964044045,
            5.66269526394289,
            5.53128533410507,
            5.5329817137287325,
            5.564676437552952,
            5.576854386944318,
            5.586709442208456,
            5.646477852142541,
            5.601606823946552
        ],
        "avg_delay": [
            0.07243020902519817,
            0.44323034688322477,
            0.44683099582956787,
            0.36797846715376187,
            0.772842687370408,
            0.9645384544598219,
            1.4341070193914671,
            1.2504166520961737,
            1.888810139616318,
            2.5000264315627048,
            4.506863013684017,
            5.412791343589655,
            4.607476472378803,
            3.8695305259466,
            3.4746244827519943,
            3.017178631642156,
            2.7235835613943777,
            2.347450344804326,
            2.1131737309582532,
            1.8851880898760571,
            1.6767363075722717,
            1.7583447961847634,
            1.6832921946821808,
            1.5252531728329894,
            1.462619102664302,
            1.5475631474910587,
            1.4356573970877289,
            1.3717080303412146,
            1.3846960610056194,
            1.2525711959268886,
            1.1608951548722848,
            1.125001044953596,
            1.1393296759269758,
            1.1662613077553217,
            1.170528991599192,
            1.2312750332523792,
            1.1812210154124736
        ],
        "avg_number": [
            0.3858229701194705,
            0.6755881841581254,
            0.7510371991595836,
            0.8073703485822296,
            0.9444548498763906,
            1.0868738519990013,
            1.338155240751576,
            1.3534055817466362,
            1.6314299185466736,
            1.7915940873321032,
            2.3860254951334845,
            2.7696643487974546,
            2.3424617152236906,
            1.8481206852974452,
            1.6729306032721887,
            1.5415798074822789,
            1.4739275975457482,
            1.4129847502291202,
            1.3745731868684918,
            1.3218642279288335,
            1.2275176570844146,
            1.2709568706070455,
            1.2403634100248515,
            1.2030575713051401,
            1.2079699571934186,
            1.2158123647521868,
            1.1919418328609277,
            1.1736869995416523,
            1.190845372202115,
            1.1382879991020352,
            1.1052791022139297,
            1.1062599551022483,
            1.1129977944510479,
            1.119252328222249,
            1.119791900191402,
            1.1373321854057543,
            1.1195033623614021
        ]
    },