{
    "interarrival": 5.0,
    "servers": 1,
    "seed": 1822410243,
    "GLOBAL AVG WAIT": {
        "mean": 20.37930074948811,
        "half_confidence_interval": 1.066414530517992,
        "stdev": 3.9463897682379896,
        "confidence": 95
    },
    "GLOBAL AVG DELAY": {
        "mean": 15.950191738246152,
        "half_confidence_interval": 1.0550959065563537,
        "stdev": 3.904503896923909,
        "confidence": 95
    },
    "GLOBAL AVG NUMBER": {
        "mean": 4.087566156891505,
        "half_confidence_interval": 0.2244863231175556,
        "stdev": 0.8307374883856594,
        "confidence": 95
    },
    "QUEUE1 AVG WAIT": {
        "mean": 4.609077480702439,
        "half_confidence_interval": 0.05531060481062511,
        "stdev": 0.20468326213979998,
        "confidence": 95
    },
    "QUEUE1 AVG DELAY": {
        "mean": 3.3817832841619375,
        "half_confidence_interval": 0.05522828828870775,
        "stdev": 0.20437864037166464,
        "confidence": 95
    },
    "QUEUE1 AVG NUMBER": {
        "mean": 0.13566779976577925,
        "half_confidence_interval": 0.0025015414979647627,
        "stdev": 0.009257242366714281,
        "confidence": 95
    },
    "QUEUE2 AVG WAIT": {
        "mean": 7.418485924653792,
        "half_confidence_interval": 0.06524374945496,
        "stdev": 0.24144200770170685,
        "confidence": 95
    },
    "QUEUE2 AVG DELAY": {
        "mean": 4.760903106828252,
        "half_confidence_interval": 0.06489244539376335,
        "stdev": 0.24014196657044662,
        "confidence": 95
    },
    "QUEUE2 AVG NUMBER": {
        "mean": 0.4217486904704947,
        "half_confidence_interval": 0.007570530637129783,
        "stdev": 0.02801562037230432,
        "confidence": 95
    },
    "QUEUE3 AVG WAIT": {
        "mean": 45.21302341228436,
        "half_confidence_interval": 2.814587930547163,
        "stdev": 10.415706737906328,
        "confidence": 95
    },
    "QUEUE3 AVG DELAY": {
        "mean": 36.79523868374407,
        "half_confidence_interval": 2.800183088503185,
        "stdev": 10.362399961199314,
        "confidence": 95
    },
    "QUEUE3 AVG NUMBER": {
        "mean": 2.6433523370951195,
        "half_confidence_interval": 0.21419081487917088,
        "stdev": 0.7926377746176596,
        "confidence": 95
    },
    "QUEUE4 AVG WAIT": {
        "mean": 0.0,
        "half_confidence_interval": 0.0,
        "stdev": 0.0,
        "confidence": 95
    },
    "QUEUE4 AVG DELAY": {
        "mean": 0.0,
        "half_confidence_interval": 0.0,
        "stdev": 0.0,
        "confidence": 95
    },
    "QUEUE4 AVG NUMBER": {
        "mean": 0.0,
        "half_confidence_interval": 0.0,
        "stdev": 0.0,
        "confidence": 95
    },
    "QUEUE5 AVG WAIT": {
        "mean": 0.0,
        "half_confidence_interval": 0.0,
        "stdev": 0.0,
        "confidence": 95
    },
    "QUEUE5 AVG DELAY": {
        "mean": 0.0,
        "half_confidence_interval": 0.0,
        "stdev": 0.0,
        "confidence": 95
    },
    "QUEUE5 AVG NUMBER": {
        "mean": 0.0,
        "half_confidence_interval": 0.0,
        "stdev": 0.0,
        "confidence": 95
    },
    "QUEUE6 AVG WAIT": {
        "mean": 0.0,
        "half_confidence_interval": 0.0,
        "stdev": 0.0,
        "confidence": 95
    },
    "QUEUE6 AVG DELAY": {
        "mean": 0.0,
        "half_confidence_interval": 0.0,
        "stdev": 0.0,
        "confidence": 95
    },
    "QUEUE6 AVG NUMBER": {
        "mean": 0.0,
        "half_confidence_interval": 0.0,
        "stdev": 0.0,
        "confidence": 95
    },
    "UTILIZATION1": {
        "mean": 0.8868011243164107,
        "half_confidence_interval": 0.005738498278099072,
        "stdev": 0.021235973668458398,
        "confidence": 95
    },
    "UTILIZATION2": {
        "mean": 0.0,
        "half_confidence_interval": 0.0,
        "stdev": 0.0,
        "confidence": 95
    },
    "UTILIZATION3": {
        "mean": 0.0,
        "half_confidence_interval": 0.0,
        "stdev": 0.0,
        "confidence": 95
    },
    "UTILIZATION4": {
        "mean": 0.0,
        "half_confidence_interval": 0.0,
        "stdev": 0.0,
        "confidence": 95
    },
    "UTILIZATION5": {
        "mean": 0.0,
        "half_confidence_interval": 0.0,
        "stdev": 0.0,
        "confidence": 95
    },
    "UTILIZATION6": {
        "mean": 0.0,
        "half_confidence_interval": 0.0,
        "stdev": 0.0,
        "confidence": 95
    }
}