{
    "interarrival": 1.0,
    "servers": 4,
    "seed": 650357447,
    "GLOBAL AVG WAIT": {
        "mean": 3902.8886639227017,
        "half_confidence_interval": 563.8215538944354,
        "stdev": 2202.208026361542,
        "confidence": 95
    },
    "GLOBAL AVG DELAY": {
        "mean": 3898.6689210249647,
        "half_confidence_interval": 563.8189660054542,
        "stdev": 2202.197918429615,
        "confidence": 95
    },
    "GLOBAL AVG NUMBER": {
        "mean": 3695.3729196378617,
        "half_confidence_interval": 532.3616303694772,
        "stdev": 2079.329971032081,
        "confidence": 95
    },
    "QUEUE1 AVG WAIT": {
        "mean": 2.422447837408956,
        "half_confidence_interval": 0.018811609651884286,
        "stdev": 0.07347551273628013,
        "confidence": 95
    },
    "QUEUE1 AVG DELAY": {
        "mean": 1.195195203762148,
        "half_confidence_interval": 0.018627833515164612,
        "stdev": 0.07275770888408195,
        "confidence": 95
    },
    "QUEUE1 AVG NUMBER": {
        "mean": 0.23834748889098128,
        "half_confidence_interval": 0.004676644044800812,
        "stdev": 0.018266316675478737,
        "confidence": 95
    },
    "QUEUE2 AVG WAIT": {
        "mean": 5.023178702439575,
        "half_confidence_interval": 0.026878814578571476,
        "stdev": 0.10498488536870733,
        "confidence": 95
    },
    "QUEUE2 AVG DELAY": {
        "mean": 2.3609918187610153,
        "half_confidence_interval": 0.0256111500077855,
        "stdev": 0.10003356509150893,
        "confidence": 95
    },
    "QUEUE2 AVG NUMBER": {
        "mean": 1.0495487462483566,
        "half_confidence_interval": 0.015221786732011211,
        "stdev": 0.05945416716558335,
        "confidence": 95
    },
    "QUEUE3 AVG WAIT": {
        "mean": 12148.7288870325,
        "half_confidence_interval": 1752.518104480401,
        "stdev": 6845.09027612175,
        "confidence": 95
    },
    "QUEUE3 AVG DELAY": {
        "mean": 12140.274051989061,
        "half_confidence_interval": 1752.5124327149035,
        "stdev": 6845.068123000047,
        "confidence": 95
    },
    "QUEUE3 AVG NUMBER": {
        "mean": 3690.0850234027207,
        "half_confidence_interval": 532.3627563513396,
        "stdev": 2079.3343689595417,
        "confidence": 95
    },
    "QUEUE4 AVG WAIT": {
        "mean": 0.0,
        "half_confidence_interval": 0.0,
        "stdev": 0.0,
        "confidence": 95
    },
    "QUEUE4 AVG DELAY": {
        "mean": 0.0,
        "half_confidence_interval": 0.0,
        "stdev": 0.0,
        "confidence": 95
    },
    "QUEUE4 AVG NUMBER": {
        "mean": 0.0,
        "half_confidence_interval": 0.0,
        "stdev": 0.0,
        "confidence": 95
    },
    "QUEUE5 AVG WAIT": {
        "mean": 0.0,
        "half_confidence_interval": 0.0,
        "stdev": 0.0,
        "confidence": 95
    },
    "QUEUE5 AVG DELAY": {
        "mean": 0.0,
        "half_confidence_interval": 0.0,
        "stdev": 0.0,
        "confidence": 95
    },
    "QUEUE5 AVG NUMBER": {
        "mean": 0.0,
        "half_confidence_interval": 0.0,
        "stdev": 0.0,
        "confidence": 95
    },
    "QUEUE6 AVG WAIT": {
        "mean": 0.0,
        "half_confidence_interval": 0.0,
        "stdev": 0.0,
        "confidence": 95
    },
    "QUEUE6 AVG DELAY": {
        "mean": 0.0,
        "half_confidence_interval": 0.0,
        "stdev": 0.0,
        "confidence": 95
    },
    "QUEUE6 AVG NUMBER": {
        "mean": 0.0,
        "half_confidence_interval": 0.0,
        "stdev": 0.0,
        "confidence": 95
    },
    "UTILIZATION1": {
        "mean": 0.9999602740687169,
        "half_confidence_interval": 0.00043101532506914254,
        "stdev": 0.0016834854960685159,
        "confidence": 95
    },
    "UTILIZATION2": {
        "mean": 0.9999241228047486,
        "half_confidence_interval": 0.000596465599812691,
        "stdev": 0.0023297110979230047,
        "confidence": 95
    },
    "UTILIZATION3": {
        "mean": 0.9999664399888117,
        "half_confidence_interval": 0.0005211931207724011,
        "stdev": 0.002035707336694512,
        "confidence": 95
    },
    "UTILIZATION4": {
        "mean": 0.9999007428848006,
        "half_confidence_interval": 0.0004897514270232148,
        "stdev": 0.001912900484316138,
        "confidence": 95
    },
    "UTILIZATION5": {
        "mean": 0.0,
        "half_confidence_interval": 0.0,
        "stdev": 0.0,
        "confidence": 95
    },
    "UTILIZATION6": {
        "mean": 0.0,
        "half_confidence_interval": 0.0,
        "stdev": 0.0,
        "confidence": 95
    }
}