{
    "interarrival": 2.5,
    "servers": 3,
    "seed": 1949988279,
    "GLOBAL AVG WAIT": {
        "mean": 5.297931096341864,
        "half_confidence_interval": 0.043383149142741224,
        "stdev": 0.1694485047460111,
        "confidence": 95
    },
    "GLOBAL AVG DELAY": {
        "mean": 0.8580196988999413,
        "half_confidence_interval": 0.029879313162843556,
        "stdev": 0.11670441261935867,
        "confidence": 95
    },
    "GLOBAL AVG NUMBER": {
        "mean": 2.1183630162434754,
        "half_confidence_interval": 0.023768529040551857,
        "stdev": 0.09283654565236958,
        "confidence": 95
    },
    "QUEUE1 AVG WAIT": {
        "mean": 1.708259998872794,
        "half_confidence_interval": 0.015631689377417442,
        "stdev": 0.06105518949171713,
        "confidence": 95
    },
    "QUEUE1 AVG DELAY": {
        "mean": 0.4787514381393982,
        "half_confidence_interval": 0.01558354240954441,
        "stdev": 0.060867134178182916,
        "confidence": 95
    },
    "QUEUE1 AVG NUMBER": {
        "mean": 0.03838845132718105,
        "half_confidence_interval": 0.0013107764042736322,
        "stdev": 0.005119709060993391,
        "confidence": 95
    },
    "QUEUE2 AVG WAIT": {
        "mean": 3.308763540064747,
        "half_confidence_interval": 0.024086661934380017,
        "stdev": 0.09407912818118361,
        "confidence": 95
    },
    "QUEUE2 AVG DELAY": {
        "mean": 0.6551584610620262,
        "half_confidence_interval": 0.021918209854808756,
        "stdev": 0.08560945804986701,
        "confidence": 95
    },
    "QUEUE2 AVG NUMBER": {
        "mean": 0.11557985902140484,
        "half_confidence_interval": 0.0042364931393256405,
        "stdev": 0.016547148881781357,
        "confidence": 95
    },
    "QUEUE3 AVG WAIT": {
        "mean": 9.750127121491442,
        "half_confidence_interval": 0.07116302170301043,
        "stdev": 0.27795279639815296,
        "confidence": 95
    },
    "QUEUE3 AVG DELAY": {
        "mean": 1.3180555069547157,
        "half_confidence_interval": 0.06250991794385745,
        "stdev": 0.244154984981185,
        "confidence": 95
    },
    "QUEUE3 AVG NUMBER": {
        "mean": 0.1894934296043218,
        "half_confidence_interval": 0.00985008935529493,
        "stdev": 0.03847306951778981,
        "confidence": 95
    },
    "QUEUE4 AVG WAIT": {
        "mean": 0.0,
        "half_confidence_interval": 0.0,
        "stdev": 0.0,
        "confidence": 95
    },
    "QUEUE4 AVG DELAY": {
        "mean": 0.0,
        "half_confidence_interval": 0.0,
        "stdev": 0.0,
        "confidence": 95
    },
    "QUEUE4 AVG NUMBER": {
        "mean": 0.0,
        "half_confidence_interval": 0.0,
        "stdev": 0.0,
        "confidence": 95
    },
    "QUEUE5 AVG WAIT": {
        "mean": 0.0,
        "half_confidence_interval": 0.0,
        "stdev": 0.0,
        "confidence": 95
    },
    "QUEUE5 AVG DELAY": {
        "mean": 0.0,
        "half_confidence_interval": 0.0,
        "stdev": 0.0,
        "confidence": 95
    },
    "QUEUE5 AVG NUMBER": {
        "mean": 0.0,
        "half_confidence_interval": 0.0,
        "stdev": 0.0,
        "confidence": 95
    },
    "QUEUE6 AVG WAIT": {
        "mean": 0.0,
        "half_confidence_interval": 0.0,
        "stdev": 0.0,
        "confidence": 95
    },
    "QUEUE6 AVG DELAY": {
        "mean": 0.0,
        "half_confidence_interval": 0.0,
        "stdev": 0.0,
        "confidence": 95
    },
    "QUEUE6 AVG NUMBER": {
        "mean": 0.0,
        "half_confidence_interval": 0.0,
        "stdev": 0.0,
        "confidence": 95
    },
    "UTILIZATION1": {
        "mean": 0.5925234468812683,
        "half_confidence_interval": 0.004535739102424175,
        "stdev": 0.01771596170427815,
        "confidence": 95
    },
    "UTILIZATION2": {
        "mean": 0.5904895720648462,
        "half_confidence_interval": 0.0044161964552829934,
        "stdev": 0.017249044866480025,
        "confidence": 95
    },
    "UTILIZATION3": {
        "mean": 0.5918879766141979,
        "half_confidence_interval": 0.004671370394639281,
        "stdev": 0.01824571853652195,
        "confidence": 95
    },
    "UTILIZATION4": {
        "mean": 0.0,
        "half_confidence_interval": 0.0,
        "stdev": 0.0,
        "confidence": 95
    },
    "UTILIZATION5": {
        "mean": 0.0,
        "half_confidence_interval": 0.0,
        "stdev": 0.0,
        "confidence": 95
    },
    "UTILIZATION6": {
        "mean": 0.0,
        "half_confidence_interval": 0.0,
        "stdev": 0.0,
        "confidence": 95
    }
}