{
    "interarrival": 1.0,
    "servers": 5,
    "seed": 1032940405,
    "GLOBAL AVG WAIT": {
        "mean": 9.965968820057995,
        "half_confidence_interval": 0.46781516507331367,
        "stdev": 1.827220517311034,
        "confidence": 95
    },
    "GLOBAL AVG DELAY": {
        "mean": 5.539310259437709,
        "half_confidence_interval": 0.45849782408857426,
        "stdev": 1.7908282883172801,
        "confidence": 95
    },
    "GLOBAL AVG NUMBER": {
        "mean": 9.982232651353934,
        "half_confidence_interval": 0.5037095866649223,
        "stdev": 1.9674191010378377,
        "confidence": 95
    },
    "QUEUE1 AVG WAIT": {
        "mean": 9.719171027081709,
        "half_confidence_interval": 0.49051347133938045,
        "stdev": 1.9158769226908534,
        "confidence": 95
    },
    "QUEUE1 AVG DELAY": {
        "mean": 5.315531755306391,
        "half_confidence_interval": 0.4720286037082697,
        "stdev": 1.8436776185275288,
        "confidence": 95
    },
    "QUEUE1 AVG NUMBER": {
        "mean": 1.0580090958829773,
        "half_confidence_interval": 0.09715823824794435,
        "stdev": 0.3794864715952849,
        "confidence": 95
    },
    "QUEUE2 AVG WAIT": {
        "mean": 10.10433005458815,
        "half_confidence_interval": 0.48136028996881874,
        "stdev": 1.8801258781595407,
        "confidence": 95
    },
    "QUEUE2 AVG DELAY": {
        "mean": 5.668040822772183,
        "half_confidence_interval": 0.4647620636914296,
        "stdev": 1.8152955308999266,
        "confidence": 95
    },
    "QUEUE2 AVG NUMBER": {
        "mean": 1.142544742767601,
        "half_confidence_interval": 0.09566944096681874,
        "stdev": 0.373671437921113,
        "confidence": 95
    },
    "QUEUE3 AVG WAIT": {
        "mean": 10.172726234259665,
        "half_confidence_interval": 0.47200139954700876,
        "stdev": 1.8435713628835833,
        "confidence": 95
    },
    "QUEUE3 AVG DELAY": {
        "mean": 5.716843689909043,
        "half_confidence_interval": 0.4576104437374964,
        "stdev": 1.787362304943496,
        "confidence": 95
    },
    "QUEUE3 AVG NUMBER": {
        "mean": 1.1540755642845046,
        "half_confidence_interval": 0.09569816733712479,
        "stdev": 0.37378363910040324,
        "confidence": 95
    },
    "QUEUE4 AVG WAIT": {
        "mean": 10.056972400239086,
        "half_confidence_interval": 0.46432814718952364,
        "stdev": 1.8136007138134431,
        "confidence": 95
    },
    "QUEUE4 AVG DELAY": {
        "mean": 5.637167350050317,
        "half_confidence_interval": 0.45228751708087667,
        "stdev": 1.7665716988980653,
        "confidence": 95
    },
    "QUEUE4 AVG NUMBER": {
        "mean": 1.142420767076351,
        "half_confidence_interval": 0.09589917109917333,
        "stdev": 0.37456873164440885,
        "confidence": 95
    },
    "QUEUE5 AVG WAIT": {
        "mean": 9.830056026160374,
        "half_confidence_interval": 0.4906552967664085,
        "stdev": 1.9164308729461887,
        "confidence": 95
    },
    "QUEUE5 AVG DELAY": {
        "mean": 5.388821348915365,
        "half_confidence_interval": 0.47309718343031293,
        "stdev": 1.8478513412673503,
        "confidence": 95
    },
    "QUEUE5 AVG NUMBER": {
        "mean": 1.061587484188555,
        "half_confidence_interval": 0.09599301690100828,
        "stdev": 0.3749352802032813,
        "confidence": 95
    },
    "QUEUE6 AVG WAIT": {
        "mean": 0.0,
        "half_confidence_interval": 0.0,
        "stdev": 0.0,
        "confidence": 95
    },
    "QUEUE6 AVG DELAY": {
        "mean": 0.0,
        "half_confidence_interval": 0.0,
        "stdev": 0.0,
        "confidence": 95
    },
    "QUEUE6 AVG NUMBER": {
        "mean": 0.0,
        "half_confidence_interval": 0.0,
        "stdev": 0.0,
        "confidence": 95
    },
    "UTILIZATION1": {
        "mean": 0.8728233075931595,
        "half_confidence_interval": 0.006915644604649369,
        "stdev": 0.027011539290451105,
        "confidence": 95
    },
    "UTILIZATION2": {
        "mean": 0.8920162001441522,
        "half_confidence_interval": 0.0056651666510153615,
        "stdev": 0.02212734753286433,
        "confidence": 95
    },
    "UTILIZATION3": {
        "mean": 0.8963136706340147,
        "half_confidence_interval": 0.0056819120582671774,
        "stdev": 0.022192752748397375,
        "confidence": 95
    },
    "UTILIZATION4": {
        "mean": 0.8914359850060928,
        "half_confidence_interval": 0.005461728302113998,
        "stdev": 0.02133274583357526,
        "confidence": 95
    },
    "UTILIZATION5": {
        "mean": 0.871061077831477,
        "half_confidence_interval": 0.007027962081042011,
        "stdev": 0.02745023562318985,
        "confidence": 95
    },
    "UTILIZATION6": {
        "mean": 0.0,
        "half_confidence_interval": 0.0,
        "stdev": 0.0,
        "confidence": 95
    }
}