{
    "interarrival": 4,
    "servers": 2,
    "seed": 123456789,
    "GLOBAL AVG WAIT": {
        "mean": 6.436679038878829,
        "half_confidence_interval": 0.06912890750401664,
        "stdev": 0.2700078312143657,
        "confidence": 95
    },
    "GLOBAL AVG DELAY": {
        "mean": 2.0043683063933373,
        "half_confidence_interval": 0.06266509622972191,
        "stdev": 0.2447610896330688,
        "confidence": 95
    },
    "GLOBAL AVG NUMBER": {
        "mean": 1.6121812436580096,
        "half_confidence_interval": 0.021590378818558974,
        "stdev": 0.08432899593497799,
        "confidence": 95
    },
    "QUEUE1 AVG WAIT": {
        "mean": 6.435188596940437,
        "half_confidence_interval": 0.070914714063616,
        "stdev": 0.27698294153413744,
        "confidence": 95
    },
    "QUEUE1 AVG DELAY": {
        "mean": 2.0058121559815403,
        "half_confidence_interval": 0.06197855168070085,
        "stdev": 0.24207954277508537,
        "confidence": 95
    },
    "QUEUE1 AVG NUMBER": {
        "mean": 0.25123326560825615,
        "half_confidence_interval": 0.008244252433082092,
        "stdev": 0.032200895396920795,
        "confidence": 95
    },
    "QUEUE2 AVG WAIT": {
        "mean": 6.440230018695937,
        "half_confidence_interval": 0.08069653315401902,
        "stdev": 0.315189356958503,
        "confidence": 95
    },
    "QUEUE2 AVG DELAY": {
        "mean": 2.003889887294985,
        "half_confidence_interval": 0.06795857151504914,
        "stdev": 0.2654366627468925,
        "confidence": 95
    },
    "QUEUE2 AVG NUMBER": {
        "mean": 0.2511073144651431,
        "half_confidence_interval": 0.008927558521372492,
        "stdev": 0.034869793280836336,
        "confidence": 95
    },
    "QUEUE3 AVG WAIT": {
        "mean": 0.0,
        "half_confidence_interval": 0.0,
        "stdev": 0.0,
        "confidence": 95
    },
    "QUEUE3 AVG DELAY": {
        "mean": 0.0,
        "half_confidence_interval": 0.0,
        "stdev": 0.0,
        "confidence": 95
    },
    "QUEUE3 AVG NUMBER": {
        "mean": 0.0,
        "half_confidence_interval": 0.0,
        "stdev": 0.0,
        "confidence": 95
    },
    "QUEUE4 AVG WAIT": {
        "mean": 0.0,
        "half_confidence_interval": 0.0,
        "stdev": 0.0,
        "confidence": 95
    },
    "QUEUE4 AVG DELAY": {
        "mean": 0.0,
        "half_confidence_interval": 0.0,
        "stdev": 0.0,
        "confidence": 95
    },
    "QUEUE4 AVG NUMBER": {
        "mean": 0.0,
        "half_confidence_interval": 0.0,
        "stdev": 0.0,
        "confidence": 95
    },
    "QUEUE5 AVG WAIT": {
        "mean": 0.0,
        "half_confidence_interval": 0.0,
        "stdev": 0.0,
        "confidence": 95
    },
    "QUEUE5 AVG DELAY": {
        "mean": 0.0,
        "half_confidence_interval": 0.0,
        "stdev": 0.0,
        "confidence": 95
    },
    "QUEUE5 AVG NUMBER": {
        "mean": 0.0,
        "half_confidence_interval": 0.0,
        "stdev": 0.0,
        "confidence": 95
    },
    "QUEUE6 AVG WAIT": {
        "mean": 0.0,
        "half_confidence_interval": 0.0,
        "stdev": 0.0,
        "confidence": 95
    },
    "QUEUE6 AVG DELAY": {
        "mean": 0.0,
        "half_confidence_interval": 0.0,
        "stdev": 0.0,
        "confidence": 95
    },
    "QUEUE6 AVG NUMBER": {
        "mean": 0.0,
        "half_confidence_interval": 0.0,
        "stdev": 0.0,
        "confidence": 95
    },
    "UTILIZATION1": {
        "mean": 0.5543525510358204,
        "half_confidence_interval": 0.003908661732406754,
        "stdev": 0.01526668531911071,
        "confidence": 95
    },
    "UTILIZATION2": {
        "mean": 0.555485654108976,
        "half_confidence_interval": 0.0038085216887557647,
        "stdev": 0.01487555233321267,
        "confidence": 95
    },
    "UTILIZATION3": {
        "mean": 0.0,
        "half_confidence_interval": 0.0,
        "stdev": 0.0,
        "confidence": 95
    },
    "UTILIZATION4": {
        "mean": 0.0,
        "half_confidence_interval": 0.0,
        "stdev": 0.0,
        "confidence": 95
    },
    "UTILIZATION5": {
        "mean": 0.0,
        "half_confidence_interval": 0.0,
        "stdev": 0.0,
        "confidence": 95
    },
    "UTILIZATION6": {
        "mean": 0.0,
        "half_confidence_interval": 0.0,
        "stdev": 0.0,
        "confidence": 95
    }
}