{
    "seed": 1234,
    "arrival_stream": 0,
    "service_stream": 1,
    "observation_period": 840.0,
    "interarrivals": 5,
    "batch_size": 0,
    "k": 0,
    "servers": 3,
    "acquisition_time": [
        37.699450737371805,
        112.7463263877675,
        156.2571294257821,
        208.52716771037984,
        247.75707397258745,
        294.98670019794196,
        348.84290060880033,
        413.14739884674435,
        440.46676740010344,
        467.03585013210096,
        482.58503191230716,
        515.2463575319831,
        533.3325946052618,
        567.3614139708201,
        603.4336039177144,
        630.6758938276414,
        659.5761613592678,
        686.5365673477289,
        716.4891603556013,
        766.6779891068063
    ],
    "avg_utilization1": [
        0.9582630017625411,
        0.6140933625781824,
        0.5487242849115369,
        0.5446026241696826,
        0.5547143695358085,
        0.513581705505428,
        0.5080797861274455,
        0.4799990421512496,
        0.47960410888139116,
        0.5241892755849614,
        0.5332494773625438,
        0.5697364527122878,
        0.5775777774115113,
        0.5987591166159274,
        0.6160331308621576,
        0.60636524496186,
        0.630453998245273,
        0.643139527181895,
        0.6498192696496025,
        0.6488625905055798
    ],
    "avg_utilization2": [
        0.6433467844698446,
        0.38885585001338036,
        0.35896401595146554,
        0.3976213861413755,
        0.45957195524972594,
        0.41171310601789424,
        0.44122560464063804,
        0.4341572305201541,
        0.44477338891778856,
        0.4632654991207528,
        0.4820421450461463,
        0.5192250045804936,
        0.5527428688433443,
        0.5500602353263323,
        0.5564436162993173,
        0.568229337913726,
        0.5927007481073886,
        0.6013500387261721,
        0.6084185655105091,
        0.6133223172161678
    ],
    "avg_utilization3": [
        0.48204239971086815,
        0.5082476373325695,
        0.41776993143761,
        0.4653761230590457,
        0.5273521340660536,
        0.5079318243164723,
        0.4828246941209022,
        0.46083878346726465,
        0.45559135737998985,
        0.4915195176094642,
        0.5032934054054121,
        0.5369050195802164,
        0.5526270703752326,
        0.5795304008648157,
        0.571949544278191,
        0.5949818162248774,
        0.6041690285523702,
        0.6075861514183643,
        0.6132223850987243,
        0.6140080270066763
    ],
    "avg_utilization4": [],
    "avg_utilization5": [],
    "avg_utilization6": [],
    "avg_utilization7": [],
    "avg_utilization8": [],
    "avg_utilization9": [],
    "global": {
        "avg_wait": [
            5.199226069602039,
            5.742287511622905,
            4.615879556604695,
            5.083412346580102,
            5.556898286998712,
            5.045992719521652,
            5.137798745095131,
            5.108179987054682,
            5.002409692486459,
            5.278064079561727,
            5.508370078391229,
            6.579962216167292,
            6.763485372484001,
            6.9963011654494816,
            6.904143864313014,
            6.926722110184642,
            7.037313373440402,
            6.939062929029302,
            6.868781748678207,
            6.895611763146007
        ],
        "avg_delay": [
            0.12448794769007175,
            0.057797975713247594,
            0.03678052999933938,
            0.21153694273244067,
            0.4145422859451609,
            0.34001783004490727,
            0.3382174786724023,
            0.3282850036263967,
            0.38732143832226684,
            0.6569721585633437,
            0.9711947175950995,
            1.898530201471789,
            2.165628064597906,
            2.3367464812367054,
            2.275920818599153,
            2.2362461964278864,
            2.3193168586519723,
            2.2569014846222046,
            2.171294665148871,
            2.085647146880905
        ],
        "avg_number": [
            1.7928626964801901,
            1.4260690833726866,
            1.299772376703445,
            1.3895287934735747,
            1.6373037041751173,
            1.5224189827408368,
            1.5317240756724,
            1.4465952349057307,
            1.4764184455090108,
            1.661275937331401,
            1.8262879166603514,
            2.2476109401191797,
            2.4221765540142357,
            2.5649094326466413,
            2.5514390841776007,
            2.5919912811037733,
            2.69937027410338,
            2.718876192014184,
            2.713042070184525,
            2.6892488717234158
        ]
    },
    "q1": {
        "avg_wait": [
            1.3575859395123246,
            1.2341385362009103,
            1.209216033414159,
            1.209216033414159,
            1.5574264498386698,
            1.3696385214756641,
            1.3516813898193094,
            1.4620920653988656,
            1.484519542850028,
            1.5918493366898465,
            1.665639068235429,
            1.639394080410691,
            1.6488176910812853,
            1.734158433402887,
            1.734158433402887,
            1.7525410301977535,
            1.729954666085888,
            1.743031314390623,
            1.7237510044254718,
            1.7333207982550747
        ],
        "avg_delay": [
            0.0,
            0.0,
            0.0,
            0.0,
            0.24616522402652427,
            0.1846239180198932,
            0.17376368754813476,
            0.22210307977745317,
            0.2931263844798002,
            0.394712023759529,
            0.41915856197903445,
            0.4381522522833993,
            0.4503554510781841,
            0.5359546518762781,
            0.5359546518762781,
            0.514089574468499,
            0.5104632674433578,
            0.5187338883964315,
            0.4987825849965688,
            0.5069802782827848
        ],
        "avg_number": [
            0.0,
            0.0,
            0.0,
            0.0,
            0.011922899479532633,
            0.010013952108132705,
            0.008467945551315515,
            0.010751759802793364,
            0.01663725882261256,
            0.025354286420274902,
            0.026925649496131188,
            0.028912725650294107,
            0.03208787033471544,
            0.038730410961746425,
            0.03641517572813834,
            0.03586618974657656,
            0.03714845725592398,
            0.03777904288481215,
            0.03619970245879075,
            0.03570851833005536
        ]
    },
    "q2": {
        "avg_wait": [
            2.469087521873041,
            2.7880656167082916,
            2.4229307342159685,
            2.607649593537889,
            2.570508418918599,
            2.515403604863705,
            2.6294783296199906,
            2.594517379506094,
            2.7344274054736664,
            2.8635034620165882,
            2.8675396734688463,
            3.019794200527475,
            3.192708278315232,
            3.3565121609428012,
            3.3051473807758716,
            3.3981247666538583,
            3.4215055973883937,
            3.429466956477426,
            3.4424152841073385,
            3.395685017771135
        ],
        "avg_delay": [
            0.0,
            0.0,
            0.0,
            0.011147128480178462,
            0.018876205094080698,
            0.013685248693208507,
            0.08747981306524366,
            0.07881784901857972,
            0.11955959266689588,
            0.3074537995644562,
            0.37928402330661753,
            0.5454526231487452,
            0.7203967662646901,
            0.8301030056833579,
            0.8091324396624261,
            0.8770183197492852,
            0.8895654021768504,
            0.9001980588558739,
            0.8659279216075975,
            0.8368097252950747
        ],