{
    "interarrival": 2,
    "servers": 3,
    "seed": 529122697,
    "GLOBAL AVG WAIT": {
        "mean": 14.88829984349385,
        "half_confidence_interval": 0.6542616072171472,
        "stdev": 2.5554542085199707,
        "confidence": 95
    },
    "GLOBAL AVG DELAY": {
        "mean": 10.459726359198074,
        "half_confidence_interval": 0.6362476672927125,
        "stdev": 2.485094282025546,
        "confidence": 95
    },
    "GLOBAL AVG NUMBER": {
        "mean": 0.463457067215188,
        "half_confidence_interval": 0.1771114730732478,
        "stdev": 0.6917726093806786,
        "confidence": 95
    },
    "QUEUE1 AVG WAIT": {
        "mean": 0.0,
        "half_confidence_interval": 0.0,
        "stdev": 0.0,
        "confidence": 95
    },
    "QUEUE1 AVG DELAY": {
        "mean": 0.0,
        "half_confidence_interval": 0.0,
        "stdev": 0.0,
        "confidence": 95
    },
    "QUEUE1 AVG NUMBER": {
        "mean": 0.0,
        "half_confidence_interval": 0.0,
        "stdev": 0.0,
        "confidence": 95
    },
    "QUEUE2 AVG WAIT": {
        "mean": 0.0,
        "half_confidence_interval": 0.0,
        "stdev": 0.0,
        "confidence": 95
    },
    "QUEUE2 AVG DELAY": {
        "mean": 0.0,
        "half_confidence_interval": 0.0,
        "stdev": 0.0,
        "confidence": 95
    },
    "QUEUE2 AVG NUMBER": {
        "mean": 0.0,
        "half_confidence_interval": 0.0,
        "stdev": 0.0,
        "confidence": 95
    },
    "QUEUE3 AVG WAIT": {
        "mean": 0.0,
        "half_confidence_interval": 0.0,
        "stdev": 0.0,
        "confidence": 95
    },
    "QUEUE3 AVG DELAY": {
        "mean": 0.0,
        "half_confidence_interval": 0.0,
        "stdev": 0.0,
        "confidence": 95
    },
    "QUEUE3 AVG NUMBER": {
        "mean": 0.0,
        "half_confidence_interval": 0.0,
        "stdev": 0.0,
        "confidence": 95
    },
    "UTILIZATION1": {
        "mean": 0.7378416721868366,
        "half_confidence_interval": 0.013484383738745189,
        "stdev": 0.0526681143969952,
        "confidence": 95
    },
    "UTILIZATION2": {
        "mean": 0.7392104147485385,
        "half_confidence_interval": 0.01452759948016266,
        "stdev": 0.0567427689807155,
        "confidence": 95
    },
    "UTILIZATION3": {
        "mean": 0.7527089638544873,
        "half_confidence_interval": 0.012346408197745103,
        "stdev": 0.048223341307205306,
        "confidence": 95
    },
    "UTILIZATION4": {
        "mean": 0.0,
        "half_confidence_interval": 0.0,
        "stdev": 0.0,
        "confidence": 95
    },
    "UTILIZATION5": {
        "mean": 0.0,
        "half_confidence_interval": 0.0,
        "stdev": 0.0,
        "confidence": 95
    },
    "UTILIZATION6": {
        "mean": 0.0,
        "half_confidence_interval": 0.0,
        "stdev": 0.0,
        "confidence": 95
    }
}