{
    "interarrival": 1.5,
    "servers": 3,
    "seed": 123456789,
    "GLOBAL AVG WAIT": {
        "mean": 59.81563751903022,
        "half_confidence_interval": 10.41241637006481,
        "stdev": 40.66944008364088,
        "confidence": 95
    },
    "GLOBAL AVG DELAY": {
        "mean": 55.378839406967,
        "half_confidence_interval": 10.408244791480636,
        "stdev": 40.653146481920245,
        "confidence": 95
    },
    "GLOBAL AVG NUMBER": {
        "mean": 40.021439777403025,
        "half_confidence_interval": 7.056189013534069,
        "stdev": 27.56048606832486,
        "confidence": 95
    },
    "QUEUE1 AVG WAIT": {
        "mean": 59.89064251587909,
        "half_confidence_interval": 10.578394836236464,
        "stdev": 41.3177287272404,
        "confidence": 95
    },
    "QUEUE1 AVG DELAY": {
        "mean": 55.43728387642638,
        "half_confidence_interval": 10.574084415642945,
        "stdev": 41.30089282807607,
        "confidence": 95
    },
    "QUEUE1 AVG NUMBER": {
        "mean": 12.325233712688332,
        "half_confidence_interval": 2.3499754094447622,
        "stdev": 9.178674835478976,
        "confidence": 95
    },
    "QUEUE2 AVG WAIT": {
        "mean": 60.094758555003494,
        "half_confidence_interval": 10.40271219251493,
        "stdev": 40.63153692520011,
        "confidence": 95
    },
    "QUEUE2 AVG DELAY": {
        "mean": 55.65625901009545,
        "half_confidence_interval": 10.397794731932253,
        "stdev": 40.61233001285402,
        "confidence": 95
    },
    "QUEUE2 AVG NUMBER": {
        "mean": 12.422263080965916,
        "half_confidence_interval": 2.3501328876449046,
        "stdev": 9.179289923273927,
        "confidence": 95
    },
    "QUEUE3 AVG WAIT": {
        "mean": 59.589143214941025,
        "half_confidence_interval": 10.309245505920572,
        "stdev": 40.26646913736231,
        "confidence": 95
    },
    "QUEUE3 AVG DELAY": {
        "mean": 55.161571630541694,
        "half_confidence_interval": 10.302469182737608,
        "stdev": 40.24000176803302,
        "confidence": 95
    },
    "QUEUE3 AVG NUMBER": {
        "mean": 12.3197943325431,
        "half_confidence_interval": 2.348262048242822,
        "stdev": 9.171982686580256,
        "confidence": 95
    },
    "QUEUE4 AVG WAIT": {
        "mean": 0.0,
        "half_confidence_interval": 0.0,
        "stdev": 0.0,
        "confidence": 95
    },
    "QUEUE4 AVG DELAY": {
        "mean": 0.0,
        "half_confidence_interval": 0.0,
        "stdev": 0.0,
        "confidence": 95
    },
    "QUEUE4 AVG NUMBER": {
        "mean": 0.0,
        "half_confidence_interval": 0.0,
        "stdev": 0.0,
        "confidence": 95
    },
    "QUEUE5 AVG WAIT": {
        "mean": 0.0,
        "half_confidence_interval": 0.0,
        "stdev": 0.0,
        "confidence": 95
    },
    "QUEUE5 AVG DELAY": {
        "mean": 0.0,
        "half_confidence_interval": 0.0,
        "stdev": 0.0,
        "confidence": 95
    },
    "QUEUE5 AVG NUMBER": {
        "mean": 0.0,
        "half_confidence_interval": 0.0,
        "stdev": 0.0,
        "confidence": 95
    },
    "QUEUE6 AVG WAIT": {
        "mean": 0.0,
        "half_confidence_interval": 0.0,
        "stdev": 0.0,
        "confidence": 95
    },
    "QUEUE6 AVG DELAY": {
        "mean": 0.0,
        "half_confidence_interval": 0.0,
        "stdev": 0.0,
        "confidence": 95
    },
    "QUEUE6 AVG NUMBER": {
        "mean": 0.0,
        "half_confidence_interval": 0.0,
        "stdev": 0.0,
        "confidence": 95
    },
    "UTILIZATION1": {
        "mean": 0.9843389854061461,
        "half_confidence_interval": 0.0046317798746461315,
        "stdev": 0.018091083510076926,
        "confidence": 95
    },
    "UTILIZATION2": {
        "mean": 0.986078377622216,
        "half_confidence_interval": 0.004299508227318874,
        "stdev": 0.016793276990226393,
        "confidence": 95
    },
    "UTILIZATION3": {
        "mean": 0.9837769679747531,
        "half_confidence_interval": 0.0051034412003331305,
        "stdev": 0.01993332659209062,
        "confidence": 95
    },
    "UTILIZATION4": {
        "mean": 0.0,
        "half_confidence_interval": 0.0,
        "stdev": 0.0,
        "confidence": 95
    },
    "UTILIZATION5": {
        "mean": 0.0,
        "half_confidence_interval": 0.0,
        "stdev": 0.0,
        "confidence": 95
    },
    "UTILIZATION6": {
        "mean": 0.0,
        "half_confidence_interval": 0.0,
        "stdev": 0.0,
        "confidence": 95
    }
}