{
    "interarrival": 2.5,
    "servers": 3,
    "seed": 123526032,
    "GLOBAL AVG WAIT": {
        "mean": 5.908939125104644,
        "half_confidence_interval": 0.06821858490860827,
        "stdev": 0.2664522386472856,
        "confidence": 95
    },
    "GLOBAL AVG DELAY": {
        "mean": 1.463924731148238,
        "half_confidence_interval": 0.055043492413521966,
        "stdev": 0.21499217253181546,
        "confidence": 95
    },
    "GLOBAL AVG NUMBER": {
        "mean": 2.370855242324353,
        "half_confidence_interval": 0.037517596041300054,
        "stdev": 0.14653847580188517,
        "confidence": 95
    },
    "QUEUE1 AVG WAIT": {
        "mean": 5.85647428417166,
        "half_confidence_interval": 0.06972828264409363,
        "stdev": 0.27234890656908023,
        "confidence": 95
    },
    "QUEUE1 AVG DELAY": {
        "mean": 1.4021973567006305,
        "half_confidence_interval": 0.05338492704054906,
        "stdev": 0.2085140484668917,
        "confidence": 95
    },
    "QUEUE1 AVG NUMBER": {
        "mean": 0.18360713011699117,
        "half_confidence_interval": 0.007700576389489715,
        "stdev": 0.030077372912422476,
        "confidence": 95
    },
    "QUEUE2 AVG WAIT": {
        "mean": 6.023112079945744,
        "half_confidence_interval": 0.07884408149354236,
        "stdev": 0.30795394020834393,
        "confidence": 95
    },
    "QUEUE2 AVG DELAY": {
        "mean": 1.5790637729244168,
        "half_confidence_interval": 0.05878929634305153,
        "stdev": 0.22962275808110624,
        "confidence": 95
    },
    "QUEUE2 AVG NUMBER": {
        "mean": 0.22127755777278119,
        "half_confidence_interval": 0.008952721736020313,
        "stdev": 0.034968077273145125,
        "confidence": 95
    },
    "QUEUE3 AVG WAIT": {
        "mean": 5.848061115072108,
        "half_confidence_interval": 0.09166507223956923,
        "stdev": 0.35803093448390116,
        "confidence": 95
    },
    "QUEUE3 AVG DELAY": {
        "mean": 1.4049440698397728,
        "half_confidence_interval": 0.0624110044316271,
        "stdev": 0.2437686426552404,
        "confidence": 95
    },
    "QUEUE3 AVG NUMBER": {
        "mean": 0.18347542959905452,
        "half_confidence_interval": 0.008782124053676019,
        "stdev": 0.03430174661809602,
        "confidence": 95
    },
    "QUEUE4 AVG WAIT": {
        "mean": 0.0,
        "half_confidence_interval": 0.0,
        "stdev": 0.0,
        "confidence": 95
    },
    "QUEUE4 AVG DELAY": {
        "mean": 0.0,
        "half_confidence_interval": 0.0,
        "stdev": 0.0,
        "confidence": 95
    },
    "QUEUE4 AVG NUMBER": {
        "mean": 0.0,
        "half_confidence_interval": 0.0,
        "stdev": 0.0,
        "confidence": 95
    },
    "QUEUE5 AVG WAIT": {
        "mean": 0.0,
        "half_confidence_interval": 0.0,
        "stdev": 0.0,
        "confidence": 95
    },
    "QUEUE5 AVG DELAY": {
        "mean": 0.0,
        "half_confidence_interval": 0.0,
        "stdev": 0.0,
        "confidence": 95
    },
    "QUEUE5 AVG NUMBER": {
        "mean": 0.0,
        "half_confidence_interval": 0.0,
        "stdev": 0.0,
        "confidence": 95
    },
    "QUEUE6 AVG WAIT": {
        "mean": 0.0,
        "half_confidence_interval": 0.0,
        "stdev": 0.0,
        "confidence": 95
    },
    "QUEUE6 AVG DELAY": {
        "mean": 0.0,
        "half_confidence_interval": 0.0,
        "stdev": 0.0,
        "confidence": 95
    },
    "QUEUE6 AVG NUMBER": {
        "mean": 0.0,
        "half_confidence_interval": 0.0,
        "stdev": 0.0,
        "confidence": 95
    },
    "UTILIZATION1": {
        "mean": 0.5818928663424894,
        "half_confidence_interval": 0.004723849766933484,
        "stdev": 0.018450695614972465,
        "confidence": 95
    },
    "UTILIZATION2": {
        "mean": 0.621714220111565,
        "half_confidence_interval": 0.004802949109143767,
        "stdev": 0.01875964656779116,
        "confidence": 95
    },
    "UTILIZATION3": {
        "mean": 0.5789320789761967,
        "half_confidence_interval": 0.0058760632572834245,
        "stdev": 0.022951080140899558,
        "confidence": 95
    },
    "UTILIZATION4": {
        "mean": 0.0,
        "half_confidence_interval": 0.0,
        "stdev": 0.0,
        "confidence": 95
    },
    "UTILIZATION5": {
        "mean": 0.0,
        "half_confidence_interval": 0.0,
        "stdev": 0.0,
        "confidence": 95
    },
    "UTILIZATION6": {
        "mean": 0.0,
        "half_confidence_interval": 0.0,
        "stdev": 0.0,
        "confidence": 95
    }
}