{
    "interarrival": 1.5,
    "servers": 3,
    "seed": 892546808,
    "GLOBAL AVG WAIT": {
        "mean": 49.9450818928157,
        "half_confidence_interval": 11.824687960053529,
        "stdev": 46.185575125647176,
        "confidence": 95
    },
    "GLOBAL AVG DELAY": {
        "mean": 45.51768650868105,
        "half_confidence_interval": 11.823560710119905,
        "stdev": 46.18117224527768,
        "confidence": 95
    },
    "GLOBAL AVG NUMBER": {
        "mean": 33.61407439453238,
        "half_confidence_interval": 8.015632554226134,
        "stdev": 31.30793816829974,
        "confidence": 95
    },
    "QUEUE1 AVG WAIT": {
        "mean": 2.7911892445027404,
        "half_confidence_interval": 0.026715180544337986,
        "stdev": 0.10434575374792084,
        "confidence": 95
    },
    "QUEUE1 AVG DELAY": {
        "mean": 1.5619945835183853,
        "half_confidence_interval": 0.02682192868459575,
        "stdev": 0.1047626970337017,
        "confidence": 95
    },
    "QUEUE1 AVG NUMBER": {
        "mean": 0.20984560013904818,
        "half_confidence_interval": 0.004785240750990285,
        "stdev": 0.018690480200897384,
        "confidence": 95
    },
    "QUEUE2 AVG WAIT": {
        "mean": 5.35392941326107,
        "half_confidence_interval": 0.041255792386141334,
        "stdev": 0.16113934719082498,
        "confidence": 95
    },
    "QUEUE2 AVG DELAY": {
        "mean": 2.696281933407932,
        "half_confidence_interval": 0.04058814795112549,
        "stdev": 0.1585316215311869,
        "confidence": 95
    },
    "QUEUE2 AVG NUMBER": {
        "mean": 0.7998641811241015,
        "half_confidence_interval": 0.0152830176876806,
        "stdev": 0.05969332670303899,
        "confidence": 95
    },
    "QUEUE3 AVG WAIT": {
        "mean": 132.218821977882,
        "half_confidence_interval": 33.31583147579844,
        "stdev": 130.12697186572728,
        "confidence": 95
    },
    "QUEUE3 AVG DELAY": {
        "mean": 123.78505306235454,
        "half_confidence_interval": 33.31377317213003,
        "stdev": 130.11893241986368,
        "confidence": 95
    },
    "QUEUE3 AVG NUMBER": {
        "mean": 29.642771100829012,
        "half_confidence_interval": 8.002424373334652,
        "stdev": 31.256348863541977,
        "confidence": 95
    },
    "QUEUE4 AVG WAIT": {
        "mean": 0.0,
        "half_confidence_interval": 0.0,
        "stdev": 0.0,
        "confidence": 95
    },
    "QUEUE4 AVG DELAY": {
        "mean": 0.0,
        "half_confidence_interval": 0.0,
        "stdev": 0.0,
        "confidence": 95
    },
    "QUEUE4 AVG NUMBER": {
        "mean": 0.0,
        "half_confidence_interval": 0.0,
        "stdev": 0.0,
        "confidence": 95
    },
    "QUEUE5 AVG WAIT": {
        "mean": 0.0,
        "half_confidence_interval": 0.0,
        "stdev": 0.0,
        "confidence": 95
    },
    "QUEUE5 AVG DELAY": {
        "mean": 0.0,
        "half_confidence_interval": 0.0,
        "stdev": 0.0,
        "confidence": 95
    },
    "QUEUE5 AVG NUMBER": {
        "mean": 0.0,
        "half_confidence_interval": 0.0,
        "stdev": 0.0,
        "confidence": 95
    },
    "QUEUE6 AVG WAIT": {
        "mean": 0.0,
        "half_confidence_interval": 0.0,
        "stdev": 0.0,
        "confidence": 95
    },
    "QUEUE6 AVG DELAY": {
        "mean": 0.0,
        "half_confidence_interval": 0.0,
        "stdev": 0.0,
        "confidence": 95
    },
    "QUEUE6 AVG NUMBER": {
        "mean": 0.0,
        "half_confidence_interval": 0.0,
        "stdev": 0.0,
        "confidence": 95
    },
    "UTILIZATION1": {
        "mean": 0.9872301265974296,
        "half_confidence_interval": 0.003768468072323068,
        "stdev": 0.014719108516931383,
        "confidence": 95
    },
    "UTILIZATION2": {
        "mean": 0.9872550998445213,
        "half_confidence_interval": 0.0037078529115268898,
        "stdev": 0.01448235418800849,
        "confidence": 95
    },
    "UTILIZATION3": {
        "mean": 0.9870925382163871,
        "half_confidence_interval": 0.003872076064912888,
        "stdev": 0.015123786825698605,
        "confidence": 95
    },
    "UTILIZATION4": {
        "mean": 0.0,
        "half_confidence_interval": 0.0,
        "stdev": 0.0,
        "confidence": 95
    },
    "UTILIZATION5": {
        "mean": 0.0,
        "half_confidence_interval": 0.0,
        "stdev": 0.0,
        "confidence": 95
    },
    "UTILIZATION6": {
        "mean": 0.0,
        "half_confidence_interval": 0.0,
        "stdev": 0.0,
        "confidence": 95
    }
}