{
    "seed": 249332992,
    "arrival_stream": 0,
    "service_stream": 1,
    "observation_period": 20000.0,
    "interarrivals": 4,
    "batch_size": 200,
    "k": 15,
    "servers": 3,
    "acquisition_time": [],
    "avg_utilization1": [
        0.2747836568001218,
        0.35509342688759565,
        0.31035573733413363,
        0.279447725457413,
        0.3733964141451526,
        0.29420017404773524,
        0.2912527509611272,
        0.3217323397017531,
        0.4146027836949922,
        0.3626101830577568,
        0.351015326032997,
        0.3943034132921226,
        0.36570365981892927,
        0.3077519813770847,
        0.3023833233810215
    ],
    "avg_utilization2": [
        0.4102294150048379,
        0.37349503803399015,
        0.4358010980477092,
        0.37519308393022033,
        0.39174108119467427,
        0.42569850861444536,
        0.4371007678999991,
        0.3556147687936496,
        0.46061361619962055,
        0.34769394302895124,
        0.3877003553814091,
        0.39009566125485207,
        0.4022040124901744,
        0.4354962030116729,
        0.466317160065337
    ],
    "avg_utilization3": [
        0.2582240164630983,
        0.33689742903071745,
        0.340677530904242,
        0.30292447819358165,
        0.32942057837427374,
        0.37213778313646656,
        0.3545039151598572,
        0.3105942744263558,
        0.45653446866227043,
        0.3485544822600456,
        0.3350409708900934,
        0.3788365208886597,
        0.3103342144127424,
        0.3250175357464314,
        0.3465241487428913
    ],
    "avg_utilization4": [],
    "avg_utilization5": [],
    "avg_utilization6": [],
    "avg_utilization7": [],
    "avg_utilization8": [],
    "avg_utilization9": [],
    "global": {
        "avg_wait": [
            4.641980115833033,
            4.709192074188501,
            4.525085323565667,
            4.538561257394426,
            4.792690553614541,
            4.831202270935669,
            4.797235537904853,
            4.587416626838303,
            5.160605927046941,
            4.445747637800627,
            4.758017008192432,
            4.962650997357186,
            4.795657484963767,
            4.644937273895548,
            4.879290339792906
        ],
        "avg_delay": [
            0.5657475269896047,
            0.3623600359002529,
            0.34364883412039826,
            0.25520096565418954,
            0.38779533524258336,
            0.5726679945265141,
            0.280873560661571,
            0.5468927759699045,
            0.3422135754304191,
            0.2857953857995835,
            0.294042452415797,
            0.4050815783924554,
            0.2469534179005677,
            0.25434696132804674,
            0.5176975512718036
        ],
        "avg_number": [
            1.074150631207946,
            0.5578000423523464,
            0.36729750381834053,
            0.27155839559785233,
            0.23111359075502963,
            0.19609533786976138,
            0.16650854850838667,
            0.13944640233254701,
            0.14130258514627836,
            0.10992750109835527,
            0.10668226984808835,
            0.10228495885901151,
            0.09082593623707991,
            0.08169823522098625,
            0.08027769300523252
        ]
    },
    "c1": {
        "avg_wait": [
            4.274959821838201,
            4.981585255142744,
            3.830475290193576,
            4.233541148488628,
            5.343528041612055,
            4.293005965377264,
            4.198192770814293,
            4.972350482584932,
            4.824626451106695,
            4.883256037217635,
            4.918320769434191,
            4.533663038076788,
            4.85146178526724,
            4.549991923701618,
            4.186481338280149
        ],
        "avg_delay": [
            0.5051587566309059,
            0.33617175270735733,
            0.23821591718179566,
            0.14142456126293534,
            0.49616862595866545,
            0.4039524819146841,
            0.21257654908233653,
            0.35904701356562246,
            0.12883508941430932,
            0.4402889161174528,
            0.2856507353955085,
            0.2423159224561257,
            0.2774199830006789,
            0.2730988259644932,
            0.41835703843892025
        ],
        "avg_number": [
            0.03682140463398965,
            0.012543071870347105,
            0.006477490553344506,
            0.0025385815973369345,
            0.007417150462683698,
            0.004836869214889847,
            0.0022504050026850545,
            0.003110536547925533,
            0.0011288430203209813,
            0.003483768436953494,
            0.0020174935622842252,
            0.0017979702183576213,
            0.0017338575206322518,
            0.0014650501602082226,
            0.00216818260469371
        ]
    },
    "c2": {
        "avg_wait": [
            5.084751538829875,
            4.613929634051824,
            4.935916840090668,
            4.224305251926612,
            4.752812123222792,
            5.151547004880677,
            5.372046932520592,
            4.5006722901138225,
            4.944351003410236,
            4.58711527915456,
            4.563677248657065,
            4.82698243234181,
            5.139954280749497,
            4.61908676104567,
            5.709832375429869
        ],
        "avg_delay": [
            0.5965971291586986,
            0.454101278571363,
            0.4502807498197429,
            0.3210761537411229,
            0.43361498740643756,
            0.5402548936957979,
            0.4500408918021291,
            0.6167851038103497,
            0.6638094021305639,
            0.3269129206421013,
            0.26553510015745513,
            0.2645975235475124,
            0.3022043897416949,
            0.04441539739637882,
            0.6698144047086063
        ],
        "avg_number": [
            0.05453058628307517,
            0.019901535575253343,
            0.013523101539992788,
            0.008260789201428921,
            0.007632085819567164,
            0.007894293302283653,
            0.005779618777602139,
            0.007030792388313476,
            0.007088550162065955,
            0.0025866854078639163,
            0.0022326439113469986,
            0.0018269582499884193,
            0.0020318462766269747,
            0.0003007648666563557,
            0.003967301493976362
        ]
    },
    "c3": {
        "avg_wait": [
            4.437554876262758,
            4.548694457839245,
            4.7985995610755,
            5.377954275997758,
            4.312062879195338,
            4.957126346064731,
            4.70501347007346,
            4.360425383849749,
            5.822167487457952,
            3.9311911571153484,
            4.830216121207301,
            5.618010455131268,
            4.349178813204783,
            4.770455916657973,
            4.6307971171689415
        ],
        "avg_delay": [
            0.589540181493736,
            0.28078876420962234,
            0.3296360150209894,
            0.27670685617268914,
            0.23296489474476123,
            0.7507543496556378,
            0.1523771791528326,
            0.6272645975730029,
            0.1451747585755866,
            0.11191888343479503,
            0.3370542200231167,
            0.7515005767863393,
            0.1527690957207683,
            0.4966190045524854,
            0.44548276451829366
        ],