{
    "seed": 1694688338,
    "arrival_stream": 0,
    "service_stream": 1,
    "observation_period": 840.0,
    "interarrivals": 5,
    "batch_size": 0,
    "k": 0,
    "servers": 3,
    "acquisition_time": [
        65.3678379890914,
        134.9674897991072,
        188.84002226326464,
        238.01604523841928,
        280.05870788906554,
        324.07115793445786,
        391.21346605513395,
        443.113054596171,
        469.3401833344844,
        496.6191620043133,
        527.0076861189541,
        557.1321214284893,
        587.7089165680313,
        613.66566570696,
        646.170244596383,
        676.1413553329746,
        734.4210451485615,
        807.5643039509231
    ],
    "avg_utilization1": [
        0.6480519192696627,
        0.5874480776877408,
        0.6105953554264258,
        0.7173637128754202,
        0.8879179644333012,
        0.8436386111426741,
        0.43640166223119153,
        0.5756005349081944,
        1.0404946557230021,
        0.8093400649233403,
        0.8104755876669463,
        0.8545761042228291,
        0.6626935837779014,
        1.0068014878609133,
        0.7247818757587671,
        0.810970101361007,
        0.7691338334169261,
        0.33082744093716665
    ],
    "avg_utilization2": [
        0.24543855626320665,
        0.39387430357001524,
        0.32929865377533013,
        0.44127417548875886,
        0.6549128141059876,
        0.36430090940072685,
        0.41748008650550283,
        0.7580753550341147,
        0.8568014798308797,
        0.5904706021151578,
        0.4730445288663979,
        0.7258043014977783,
        0.5347351570476742,
        0.8416480659994806,
        0.7090720732045477,
        0.7123867764397266,
        0.5305214359813064,
        0.06929213009855477
    ],
    "avg_utilization3": [
        0.21848109951819042,
        0.07293932017846755,
        0.32278311768555923,
        0.14236888962991548,
        0.629269350194539,
        0.41018199967393904,
        0.09285600498761351,
        0.17348941240553403,
        0.9451018526611559,
        0.49556929679045497,
        1.105189958542914,
        0.6504374013137041,
        1.0101285276804177,
        0.8856202979697513,
        0.5346985159294215,
        0.8140132427778173,
        0.14906397049689302,
        0.03510508623531279
    ],
    "avg_utilization4": [],
    "avg_utilization5": [],
    "avg_utilization6": [],
    "avg_utilization7": [],
    "avg_utilization8": [],
    "avg_utilization9": [],
    "global": {
        "avg_wait": [
            5.366295650726475,
            4.599940010297122,
            6.25803989324678,
            4.886608904173755,
            9.797400400689172,
            4.455124878913796,
            4.754205979714864,
            5.465372009689611,
            11.328028262781405,
            4.767113191194461,
            5.495942989540621,
            12.445084888103404,
            7.309606574779303,
            5.299103917060994,
            9.441847168073796,
            4.979428460344205,
            6.816047966946549,
            2.598929649256873
        ],
        "avg_delay": [
            0.08990796222060737,
            0.0,
            0.0,
            0.8397696650783818,
            2.918978882441213,
            0.0,
            0.28505158408760795,
            0.22355766105689226,
            1.291238901953493,
            9.46808533054242,
            7.604456927485971,
            17.67894699439547,
            14.480552538873779,
            7.3080564432320685,
            1.8769322155881734,
            2.7812407426080235,
            6.813404494374257,
            2.3310847822540914,
            1.6043761932821117,
            1.8342802251844381,
            0.0,
            0.09936229714499802,
            0.0,
            0.33278667571234677,
            1.0992382142401975,
            0.0,
            0.07067569142863779,
            0.409211473508968,
            1.1205656333000198,
            1.6358177550017354,
            3.0163739747971445,
            0.132590727793657,
            2.5153271750456065,
            7.47050427573361,
            6.4314058304368436,
            0.1056829741247564,
            0.0,
            0.22271625929256078,
            0.1655961664464828,
            1.9650382335377403,
            0.6007812985673214,
            3.3963323432468067,
            0.12509063339170487,
            0.0,
            0.4662675842185872,
            6.492767149515271,
            1.0859902685979541,
            1.2311012937304417,
            6.550579650083923,
            3.280168611091805,
            1.3084525914791623,
            3.7786290463174357,
            1.5583559213075617,
            0.7608284394397392,
            0.0
        ],
        "avg_number": [
            1.1493135067846063,
            0.47714572035098857,
            0.5302299644529679,
            0.30795879113604724,
            0.5247507107279468,
            0.206210492811651,
            0.17013443935651212,
            0.18501052788899838,
            0.33790500219308034,
            0.15358612170999741,
            0.1564287334217389,
            0.26805314738329894,
            0.22387429327150082,
            0.1208923017607444,
            0.20456816366652775,
            0.12519613414884873,
            0.14849352179046607,
            0.048273486765237475
        ]
    },
    "c1": {
        "avg_wait": [
            8.960542842219448,
            5.595461501774325,
            4.459920804645334,
            5.310750059662463,
            15.815450977295502,
            4.092497854631006,
            5.139017765095356,
            4.0881798880922275,
            9.407890868815372,
            5.040126990272979,
            5.13451783685323,
            14.273874257866709,
            8.216181993751093,
            5.608205487289115,
            10.542452667477619,
            4.328906997516534,
            6.878820448934775,
            3.134799212629889
        ],
        "avg_delay": [
            0.6681487778776823,
            0.49678849933944846,
            1.362054066742085,
            0.31781622262126674,
            7.41033430810117,
            0.3752719001751146,
            0.0,
            0.44789662267508135,
            5.129576256488083,
            1.5956067187546685,
            1.7794124512521583,
            8.37169243223434,
            4.536218641347513,
            1.7543123845855688,
            4.419883758919172,
            1.380366280713052,
            1.8204350504304756,
            0.0
        ],
        "avg_number": [
            0.05110684385715672,
            0.029446409654881774,
            0.06491466403021828,
            0.00934690581939711,
            0.1322996589528737,
            0.009263938267558185,
            0.0,
            0.008086362936578698,
            0.0655760120948228,
            0.022490567996217736,
            0.02363511479404423,
            0.06010561667684342,
            0.05402934955429914,
            0.014293714661097684,
            0.034200613506119915,
            0.014290745402243453,
            0.019829878922516236,
            0.0
        ]
    },
    "c2": {
        "avg_wait": [
            2.6739646303482973,
            2.9117833684569034,
            7.0987286041315425,
            5.824549471516218,
            7.3050625644901235,
            3.206755115298108,
            5.324765496758607,
            9.499619324836758,
            18.308509257580926,
            4.637453768871114,
            3.1946151632968394,
            11.649178819119527,
            4.602815096980521,
            6.767012752655944,
            8.586416929639949,
            7.010458986271192,
            5.738342020929356,
            1.6894174015884953
        ],