{
    "interarrival": 4.0,
    "servers": 2,
    "seed": 1379948216,
    "GLOBAL AVG WAIT": {
        "mean": 5.760636636386278,
        "half_confidence_interval": 0.059863311760134784,
        "stdev": 0.23381771188448572,
        "confidence": 95
    },
    "GLOBAL AVG DELAY": {
        "mean": 1.31606848807712,
        "half_confidence_interval": 0.04730990482298147,
        "stdev": 0.1847858624913039,
        "confidence": 95
    },
    "GLOBAL AVG NUMBER": {
        "mean": 1.442210815725251,
        "half_confidence_interval": 0.02063979068338053,
        "stdev": 0.08061613180874068,
        "confidence": 95
    },
    "QUEUE1 AVG WAIT": {
        "mean": 2.0329594532095743,
        "half_confidence_interval": 0.02756700291484742,
        "stdev": 0.10767285262949608,
        "confidence": 95
    },
    "QUEUE1 AVG DELAY": {
        "mean": 0.8050117399238097,
        "half_confidence_interval": 0.02744101450368761,
        "stdev": 0.10718075954016977,
        "confidence": 95
    },
    "QUEUE1 AVG NUMBER": {
        "mean": 0.03959411229070402,
        "half_confidence_interval": 0.0013681668635528868,
        "stdev": 0.005343868157410293,
        "confidence": 95
    },
    "QUEUE2 AVG WAIT": {
        "mean": 3.6954361257891577,
        "half_confidence_interval": 0.031188021890602102,
        "stdev": 0.12181604562546203,
        "confidence": 95
    },
    "QUEUE2 AVG DELAY": {
        "mean": 1.0345602136811016,
        "half_confidence_interval": 0.028642332915892375,
        "stdev": 0.1118729410137226,
        "confidence": 95
    },
    "QUEUE2 AVG NUMBER": {
        "mean": 0.1156477284217478,
        "half_confidence_interval": 0.003498574662551485,
        "stdev": 0.013664942656907613,
        "confidence": 95
    },
    "QUEUE3 AVG WAIT": {
        "mean": 10.401630650806876,
        "half_confidence_interval": 0.10603198035314719,
        "stdev": 0.4141460654915461,
        "confidence": 95
    },
    "QUEUE3 AVG DELAY": {
        "mean": 1.9499259381210414,
        "half_confidence_interval": 0.09776165895787635,
        "stdev": 0.3818433483792715,
        "confidence": 95
    },
    "QUEUE3 AVG NUMBER": {
        "mean": 0.17470847921239407,
        "half_confidence_interval": 0.009893077225854217,
        "stdev": 0.038640974119747575,
        "confidence": 95
    },
    "QUEUE4 AVG WAIT": {
        "mean": 0.0,
        "half_confidence_interval": 0.0,
        "stdev": 0.0,
        "confidence": 95
    },
    "QUEUE4 AVG DELAY": {
        "mean": 0.0,
        "half_confidence_interval": 0.0,
        "stdev": 0.0,
        "confidence": 95
    },
    "QUEUE4 AVG NUMBER": {
        "mean": 0.0,
        "half_confidence_interval": 0.0,
        "stdev": 0.0,
        "confidence": 95
    },
    "QUEUE5 AVG WAIT": {
        "mean": 0.0,
        "half_confidence_interval": 0.0,
        "stdev": 0.0,
        "confidence": 95
    },
    "QUEUE5 AVG DELAY": {
        "mean": 0.0,
        "half_confidence_interval": 0.0,
        "stdev": 0.0,
        "confidence": 95
    },
    "QUEUE5 AVG NUMBER": {
        "mean": 0.0,
        "half_confidence_interval": 0.0,
        "stdev": 0.0,
        "confidence": 95
    },
    "QUEUE6 AVG WAIT": {
        "mean": 0.0,
        "half_confidence_interval": 0.0,
        "stdev": 0.0,
        "confidence": 95
    },
    "QUEUE6 AVG DELAY": {
        "mean": 0.0,
        "half_confidence_interval": 0.0,
        "stdev": 0.0,
        "confidence": 95
    },
    "QUEUE6 AVG NUMBER": {
        "mean": 0.0,
        "half_confidence_interval": 0.0,
        "stdev": 0.0,
        "confidence": 95
    },
    "UTILIZATION1": {
        "mean": 0.5562564599545725,
        "half_confidence_interval": 0.004483323191705045,
        "stdev": 0.017511232497852088,
        "confidence": 95
    },
    "UTILIZATION2": {
        "mean": 0.5559825107429109,
        "half_confidence_interval": 0.004403661469769276,
        "stdev": 0.017200084968586864,
        "confidence": 95
    },
    "UTILIZATION3": {
        "mean": 0.0,
        "half_confidence_interval": 0.0,
        "stdev": 0.0,
        "confidence": 95
    },
    "UTILIZATION4": {
        "mean": 0.0,
        "half_confidence_interval": 0.0,
        "stdev": 0.0,
        "confidence": 95
    },
    "UTILIZATION5": {
        "mean": 0.0,
        "half_confidence_interval": 0.0,
        "stdev": 0.0,
        "confidence": 95
    },
    "UTILIZATION6": {
        "mean": 0.0,
        "half_confidence_interval": 0.0,
        "stdev": 0.0,
        "confidence": 95
    }
}