{
    "interarrival": 1.0,
    "servers": 4,
    "seed": 1081234994,
    "GLOBAL AVG WAIT": {
        "mean": 3657.720843412545,
        "half_confidence_interval": 514.8814442071244,
        "stdev": 2011.05481198019,
        "confidence": 95
    },
    "GLOBAL AVG DELAY": {
        "mean": 3653.496932299519,
        "half_confidence_interval": 514.8774980569061,
        "stdev": 2011.0393988700948,
        "confidence": 95
    },
    "GLOBAL AVG NUMBER": {
        "mean": 3457.594749408262,
        "half_confidence_interval": 484.9752563261685,
        "stdev": 1894.2454304756855,
        "confidence": 95
    },
    "QUEUE1 AVG WAIT": {
        "mean": 2.428457020483888,
        "half_confidence_interval": 0.018449581233236693,
        "stdev": 0.0720614804350851,
        "confidence": 95
    },
    "QUEUE1 AVG DELAY": {
        "mean": 1.2002923245909725,
        "half_confidence_interval": 0.018178137861883485,
        "stdev": 0.07100126064219546,
        "confidence": 95
    },
    "QUEUE1 AVG NUMBER": {
        "mean": 0.23819435316769602,
        "half_confidence_interval": 0.004589378338849391,
        "stdev": 0.01792546904958555,
        "confidence": 95
    },
    "QUEUE2 AVG WAIT": {
        "mean": 5.012990894213982,
        "half_confidence_interval": 0.0291256842907199,
        "stdev": 0.11376084379048901,
        "confidence": 95
    },
    "QUEUE2 AVG DELAY": {
        "mean": 2.354637811815673,
        "half_confidence_interval": 0.02747952009831373,
        "stdev": 0.10733115700007485,
        "confidence": 95
    },
    "QUEUE2 AVG NUMBER": {
        "mean": 1.0451962838114481,
        "half_confidence_interval": 0.016972127920675085,
        "stdev": 0.06629075471340258,
        "confidence": 95
    },
    "QUEUE3 AVG WAIT": {
        "mean": 11315.016442577933,
        "half_confidence_interval": 1585.052020521746,
        "stdev": 6190.991205786927,
        "confidence": 95
    },
    "QUEUE3 AVG DELAY": {
        "mean": 11306.566769155737,
        "half_confidence_interval": 1585.0490363358135,
        "stdev": 6190.97954997461,
        "confidence": 95
    },
    "QUEUE3 AVG NUMBER": {
        "mean": 3452.311358771283,
        "half_confidence_interval": 484.9782151245148,
        "stdev": 1894.2569871276469,
        "confidence": 95
    },
    "QUEUE4 AVG WAIT": {
        "mean": 0.0,
        "half_confidence_interval": 0.0,
        "stdev": 0.0,
        "confidence": 95
    },
    "QUEUE4 AVG DELAY": {
        "mean": 0.0,
        "half_confidence_interval": 0.0,
        "stdev": 0.0,
        "confidence": 95
    },
    "QUEUE4 AVG NUMBER": {
        "mean": 0.0,
        "half_confidence_interval": 0.0,
        "stdev": 0.0,
        "confidence": 95
    },
    "QUEUE5 AVG WAIT": {
        "mean": 0.0,
        "half_confidence_interval": 0.0,
        "stdev": 0.0,
        "confidence": 95
    },
    "QUEUE5 AVG DELAY": {
        "mean": 0.0,
        "half_confidence_interval": 0.0,
        "stdev": 0.0,
        "confidence": 95
    },
    "QUEUE5 AVG NUMBER": {
        "mean": 0.0,
        "half_confidence_interval": 0.0,
        "stdev": 0.0,
        "confidence": 95
    },
    "QUEUE6 AVG WAIT": {
        "mean": 0.0,
        "half_confidence_interval": 0.0,
        "stdev": 0.0,
        "confidence": 95
    },
    "QUEUE6 AVG DELAY": {
        "mean": 0.0,
        "half_confidence_interval": 0.0,
        "stdev": 0.0,
        "confidence": 95
    },
    "QUEUE6 AVG NUMBER": {
        "mean": 0.0,
        "half_confidence_interval": 0.0,
        "stdev": 0.0,
        "confidence": 95
    },
    "UTILIZATION1": {
        "mean": 0.9999457151405244,
        "half_confidence_interval": 0.0005900979890520455,
        "stdev": 0.0023048401020751503,
        "confidence": 95
    },
    "UTILIZATION2": {
        "mean": 1.0000278386656567,
        "half_confidence_interval": 0.0005356049485185784,
        "stdev": 0.0020919979174961003,
        "confidence": 95
    },
    "UTILIZATION3": {
        "mean": 0.9999307660816681,
        "half_confidence_interval": 0.000480638423210054,
        "stdev": 0.0018773063676971703,
        "confidence": 95
    },
    "UTILIZATION4": {
        "mean": 0.9999894806481238,
        "half_confidence_interval": 0.0005637824154623329,
        "stdev": 0.0022020551571270836,
        "confidence": 95
    },
    "UTILIZATION5": {
        "mean": 0.0,
        "half_confidence_interval": 0.0,
        "stdev": 0.0,
        "confidence": 95
    },
    "UTILIZATION6": {
        "mean": 0.0,
        "half_confidence_interval": 0.0,
        "stdev": 0.0,
        "confidence": 95
    }
}