{
    "interarrival": 2.0,
    "servers": 3,
    "seed": 1387408320,
    "GLOBAL AVG WAIT": {
        "mean": 7.650234877357098,
        "half_confidence_interval": 0.17633644290773,
        "stdev": 0.6887454500970603,
        "confidence": 95
    },
    "GLOBAL AVG DELAY": {
        "mean": 3.207049411670444,
        "half_confidence_interval": 0.16814851885760046,
        "stdev": 0.656764565475168,
        "confidence": 95
    },
    "GLOBAL AVG NUMBER": {
        "mean": 3.8276112616843228,
        "half_confidence_interval": 0.10171846286845385,
        "stdev": 0.39729807030401004,
        "confidence": 95
    },
    "QUEUE1 AVG WAIT": {
        "mean": 7.600063567412978,
        "half_confidence_interval": 0.184426658811982,
        "stdev": 0.7203447003851707,
        "confidence": 95
    },
    "QUEUE1 AVG DELAY": {
        "mean": 3.140437202849063,
        "half_confidence_interval": 0.17239920819659052,
        "stdev": 0.6733671627246623,
        "confidence": 95
    },
    "QUEUE1 AVG NUMBER": {
        "mean": 0.5172913844401147,
        "half_confidence_interval": 0.02997888914016935,
        "stdev": 0.11709334244118794,
        "confidence": 95
    },
    "QUEUE2 AVG WAIT": {
        "mean": 7.7817613709129745,
        "half_confidence_interval": 0.19044012739945174,
        "stdev": 0.7438324665021758,
        "confidence": 95
    },
    "QUEUE2 AVG DELAY": {
        "mean": 3.3451563077640687,
        "half_confidence_interval": 0.1735621020285816,
        "stdev": 0.677909263169259,
        "confidence": 95
    },
    "QUEUE2 AVG NUMBER": {
        "mean": 0.5725553212429466,
        "half_confidence_interval": 0.030850656146471648,
        "stdev": 0.12049834227692592,
        "confidence": 95
    },
    "QUEUE3 AVG WAIT": {
        "mean": 7.5740476230956135,
        "half_confidence_interval": 0.1769267589640824,
        "stdev": 0.6910511419394704,
        "confidence": 95
    },
    "QUEUE3 AVG DELAY": {
        "mean": 3.1351408392435007,
        "half_confidence_interval": 0.1672481269818931,
        "stdev": 0.6532477609084439,
        "confidence": 95
    },
    "QUEUE3 AVG NUMBER": {
        "mean": 0.5170593325756224,
        "half_confidence_interval": 0.029546717401028773,
        "stdev": 0.11540534015371207,
        "confidence": 95
    },
    "QUEUE4 AVG WAIT": {
        "mean": 0.0,
        "half_confidence_interval": 0.0,
        "stdev": 0.0,
        "confidence": 95
    },
    "QUEUE4 AVG DELAY": {
        "mean": 0.0,
        "half_confidence_interval": 0.0,
        "stdev": 0.0,
        "confidence": 95
    },
    "QUEUE4 AVG NUMBER": {
        "mean": 0.0,
        "half_confidence_interval": 0.0,
        "stdev": 0.0,
        "confidence": 95
    },
    "QUEUE5 AVG WAIT": {
        "mean": 0.0,
        "half_confidence_interval": 0.0,
        "stdev": 0.0,
        "confidence": 95
    },
    "QUEUE5 AVG DELAY": {
        "mean": 0.0,
        "half_confidence_interval": 0.0,
        "stdev": 0.0,
        "confidence": 95
    },
    "QUEUE5 AVG NUMBER": {
        "mean": 0.0,
        "half_confidence_interval": 0.0,
        "stdev": 0.0,
        "confidence": 95
    },
    "QUEUE6 AVG WAIT": {
        "mean": 0.0,
        "half_confidence_interval": 0.0,
        "stdev": 0.0,
        "confidence": 95
    },
    "QUEUE6 AVG DELAY": {
        "mean": 0.0,
        "half_confidence_interval": 0.0,
        "stdev": 0.0,
        "confidence": 95
    },
    "QUEUE6 AVG NUMBER": {
        "mean": 0.0,
        "half_confidence_interval": 0.0,
        "stdev": 0.0,
        "confidence": 95
    },
    "UTILIZATION1": {
        "mean": 0.7328563858204518,
        "half_confidence_interval": 0.005908154390857622,
        "stdev": 0.023076423614280445,
        "confidence": 95
    },
    "UTILIZATION2": {
        "mean": 0.7578834352975743,
        "half_confidence_interval": 0.005354745089924009,
        "stdev": 0.020914884389748933,
        "confidence": 95
    },
    "UTILIZATION3": {
        "mean": 0.7299670229242187,
        "half_confidence_interval": 0.005899314966044297,
        "stdev": 0.023041898058920124,
        "confidence": 95
    },
    "UTILIZATION4": {
        "mean": 0.0,
        "half_confidence_interval": 0.0,
        "stdev": 0.0,
        "confidence": 95
    },
    "UTILIZATION5": {
        "mean": 0.0,
        "half_confidence_interval": 0.0,
        "stdev": 0.0,
        "confidence": 95
    },
    "UTILIZATION6": {
        "mean": 0.0,
        "half_confidence_interval": 0.0,
        "stdev": 0.0,
        "confidence": 95
    }
}