{
    "seed": 1960166187,
    "arrival_stream": 0,
    "service_stream": 1,
    "observation_period": 40000.0,
    "interarrivals": 5.0,
    "batch_size": 0,
    "k": 0,
    "servers": 2,
    "acquisition_time": [
        27.900267927052152,
        30.826412852115688,
        32.77820334384458,
        48.11702715325106,
        55.41314768323346,
        70.35862342797405,
        134.36963215853118,
        157.05118872777257,
        204.03131590585505,
        241.76361099355555,
        287.6070526612426,
        369.7872937864093,
        468.7967695105197,
        571.4970094950111,
        684.2546906052772,
        830.6174519981162,
        985.6237656070195,
        1166.6359665396235,
        1334.5773687515725,
        1587.899581255111,
        1867.340324906462,
        2195.149187866193,
        2630.6685528087396,
        3111.435085524886,
        3714.968921060583,
        4495.480973697432,
        5544.576920988485,
        6507.011254874827,
        7730.8377035563535,
        9217.41383702924,
        11303.052954606528,
        13603.32142915417,
        16339.053504951786,
        19454.522908631323,
        23373.061147757762,
        28104.53131506876,
        33822.984036900605
    ],
    "avg_utilization1": [
        0.5940768372701254,
        0.5376851016888489,
        0.7053251176699475,
        0.5452468650142616,
        0.47345547592948684,
        0.56520409475525,
        0.4990123848302532,
        0.50227626609914,
        0.4330388577763906,
        0.5192060083558623,
        0.4948151605959173,
        0.4504580637703949,
        0.4204183978400927,
        0.40456249795159394,
        0.40776933508369634,
        0.4216172738399907,
        0.39565051527195194,
        0.419615186651,
        0.45270005663364155,
        0.43826263609077437,
        0.45234991039072037,
        0.4733420332754556,
        0.46111271548037386,
        0.45939436931195843,
        0.44560846778860624,
        0.4359437733810455,
        0.43122333531126217,
        0.4457655557580384,
        0.4490987300720953,
        0.4568969639575888,
        0.44582146677388806,
        0.4395021232595138,
        0.44271320100244566,
        0.44439152921291936,
        0.4416904024266835,
        0.44546850663485,
        0.44379270538461446
    ],
    "avg_utilization2": [
        0.8042236134123444,
        0.7707721205831424,
        0.7798680373723752,
        0.6976031690444786,
        0.6417540955865535,
        0.5986819793201329,
        0.401236862409962,
        0.39255906193155365,
        0.39324768193509974,
        0.4369999648338725,
        0.4237480883440668,
        0.3792002064045627,
        0.3918810595435846,
        0.40353653429016706,
        0.40517112813526285,
        0.3778166573525507,
        0.36419417159697964,
        0.3724700299614074,
        0.4156055318649807,
        0.4099862491920606,
        0.41640368986100584,
        0.431738411357141,
        0.4361518787888323,
        0.44794749620658886,
        0.4546180589475897,
        0.44806109300493857,
        0.4237384440895268,
        0.44193436653172513,
        0.4518045263675878,
        0.44928047171031404,
        0.43526909422874244,
        0.43716275473509575,
        0.4411809425486875,
        0.4453460778369229,
        0.44686150369793687,
        0.44538212215419754,
        0.44128673622999554
    ],
    "avg_utilization3": [],
    "avg_utilization4": [],
    "avg_utilization5": [],
    "avg_utilization6": [],
    "global": {
        "avg_wait": [
            4.452285470862764,
            4.420216714536824,
            4.154906052266209,
            4.3008474198341915,
            3.927776826050983,
            4.135325580002305,
            4.716760509751803,
            4.492703115683432,
            4.434789379558535,
            5.05206380017416,
            4.949835272308904,
            4.65950548803057,
            4.835354646633067,
            5.081463308506171,
            5.767876669793891,
            5.717739673555155,
            5.320431569666435,
            5.32769275888385,
            5.711450812406179,
            5.500359254164044,
            5.494747930105385,
            5.622166942897862,
            5.557826555236649,
            5.5113421109916665,
            5.44819012389591,
            5.344039449238576,
            5.364689325078895,
            5.602033820454237,
            5.629231600530326,
            5.617736440797576,
            5.607913096320794,
            5.533781698365466,
            5.572703925077925,
            5.615690143404579,
            5.578068113202878,
            5.609568601300225,
            5.55277338821374
        ],
        "avg_delay": [
            1.1153173275485546,
            1.1732765167124235,
            1.103648454267512,
            0.9857802256968131,
            0.8379131918422912,
            0.7232663300467643,
            0.5985652386593912,
            0.5105409388565394,
            0.42337541271030105,
            0.5700400869889481,
            0.5037346769687454,
            0.4757267291133709,
            0.42258757164109617,
            0.651809238961241,
            1.2778885849413653,
            1.2913818811696052,
            1.0918355921909613,
            1.0290741305429636,
            1.2491399162757748,
            1.1129519260183516,
            1.0864364351115956,
            1.133678989782965,
            1.1086930577722787,
            1.0724501063690117,
            1.0753960201289912,
            1.0077183187227834,
            1.0645093213602461,
            1.2288604671019463,
            1.2295241702456772,
            1.219309671798628,
            1.238008195567528,
            1.17343284241999,
            1.1743290958721888,
            1.2202049582796728,
            1.182686518534654,
            1.193882641185517,
            1.153078945527565
        ],
        "avg_number": [
            1.5957859195129158,
            1.7206867639418335,
            1.7746147987897702,
            1.5195121241450436,
            1.417633536540435,
            1.4105991431406422,
            1.0179833983724849,
            0.9726249585923981,
            0.891168905884031,
            1.0448354447164565,
            1.0154141853058254,
            0.8946356329951572,
            0.8870378950022016,
            0.9158240762075319,
            1.036819827653772,
            1.018790864134266,
            0.9554521925016498,
            0.9727100742558136,
            1.0955763541410337,
            1.0634238530963316,
            1.0828595148450353,
            1.1320405020746727,
            1.1197336400020381,
            1.1265584806502191,
            1.1189781537515016,
            1.0889024253786115,
            1.0633441743667984,
            1.1355570660252807,
            1.152665980756551,
            1.15738337126815,
            1.1307063673718754,
            1.112588056075259,
            1.1190392131734823,
            1.1367324651747552,
            1.1276388517646965,
            1.1317126627306098,
            1.1170235627994098
        ]
    },