{
    "interarrival": 2,
    "servers": 3,
    "seed": 852184160,
    "GLOBAL AVG WAIT": {
        "mean": 13.814850895997521,
        "half_confidence_interval": 0.6415452945037784,
        "stdev": 0.5580599960946799,
        "confidence": 95
    },
    "GLOBAL AVG DELAY": {
        "mean": 9.376247425180708,
        "half_confidence_interval": 0.6232601425936424,
        "stdev": 0.5421543197675643,
        "confidence": 95
    },
    "GLOBAL AVG NUMBER": {
        "mean": 1.7911840121454061,
        "half_confidence_interval": 0.9286258315877917,
        "stdev": 0.8077822912724204,
        "confidence": 95
    },
    "QUEUE1 AVG WAIT": {
        "mean": 0.0,
        "half_confidence_interval": 0.0,
        "stdev": 0.0,
        "confidence": 95
    },
    "QUEUE1 AVG DELAY": {
        "mean": 0.0,
        "half_confidence_interval": 0.0,
        "stdev": 0.0,
        "confidence": 95
    },
    "QUEUE1 AVG NUMBER": {
        "mean": 0.0,
        "half_confidence_interval": 0.0,
        "stdev": 0.0,
        "confidence": 95
    },
    "QUEUE2 AVG WAIT": {
        "mean": 0.0,
        "half_confidence_interval": 0.0,
        "stdev": 0.0,
        "confidence": 95
    },
    "QUEUE2 AVG DELAY": {
        "mean": 0.0,
        "half_confidence_interval": 0.0,
        "stdev": 0.0,
        "confidence": 95
    },
    "QUEUE2 AVG NUMBER": {
        "mean": 0.0,
        "half_confidence_interval": 0.0,
        "stdev": 0.0,
        "confidence": 95
    },
    "QUEUE3 AVG WAIT": {
        "mean": 0.0,
        "half_confidence_interval": 0.0,
        "stdev": 0.0,
        "confidence": 95
    },
    "QUEUE3 AVG DELAY": {
        "mean": 0.0,
        "half_confidence_interval": 0.0,
        "stdev": 0.0,
        "confidence": 95
    },
    "QUEUE3 AVG NUMBER": {
        "mean": 0.0,
        "half_confidence_interval": 0.0,
        "stdev": 0.0,
        "confidence": 95
    },
    "UTILIZATION1": {
        "mean": 0.7341789559428256,
        "half_confidence_interval": 0.05337224726526973,
        "stdev": 0.04642683276705928,
        "confidence": 95
    },
    "UTILIZATION2": {
        "mean": 0.7262950586297839,
        "half_confidence_interval": 0.022143639826713614,
        "stdev": 0.019262053141198773,
        "confidence": 95
    },
    "UTILIZATION3": {
        "mean": 0.7231727293450225,
        "half_confidence_interval": 0.03079729556637661,
        "stdev": 0.026789595046118154,
        "confidence": 95
    },
    "UTILIZATION4": {
        "mean": 0.0,
        "half_confidence_interval": 0.0,
        "stdev": 0.0,
        "confidence": 95
    },
    "UTILIZATION5": {
        "mean": 0.0,
        "half_confidence_interval": 0.0,
        "stdev": 0.0,
        "confidence": 95
    },
    "UTILIZATION6": {
        "mean": 0.0,
        "half_confidence_interval": 0.0,
        "stdev": 0.0,
        "confidence": 95
    }
}