{
    "interarrival": 2.0,
    "servers": 3,
    "seed": 123456789,
    "GLOBAL AVG WAIT": {
        "mean": 7.658834873947416,
        "half_confidence_interval": 0.16967599331307476,
        "stdev": 0.6627306667756118,
        "confidence": 95
    },
    "GLOBAL AVG DELAY": {
        "mean": 3.225325750947113,
        "half_confidence_interval": 0.16107037065269816,
        "stdev": 0.6291183098807414,
        "confidence": 95
    },
    "GLOBAL AVG NUMBER": {
        "mean": 3.8339252695146344,
        "half_confidence_interval": 0.10054699119853111,
        "stdev": 0.3927224660257777,
        "confidence": 95
    },
    "QUEUE1 AVG WAIT": {
        "mean": 7.548775702791138,
        "half_confidence_interval": 0.1724402852829358,
        "stdev": 0.6735276040710854,
        "confidence": 95
    },
    "QUEUE1 AVG DELAY": {
        "mean": 3.125805786622197,
        "half_confidence_interval": 0.1583168124113833,
        "stdev": 0.6183632970257115,
        "confidence": 95
    },
    "QUEUE1 AVG NUMBER": {
        "mean": 0.5165590319743267,
        "half_confidence_interval": 0.028845521150029352,
        "stdev": 0.11266656579977052,
        "confidence": 95
    },
    "QUEUE2 AVG WAIT": {
        "mean": 7.82095361166007,
        "half_confidence_interval": 0.18311932065340772,
        "stdev": 0.715238420630353,
        "confidence": 95
    },
    "QUEUE2 AVG DELAY": {
        "mean": 3.3830894098195676,
        "half_confidence_interval": 0.17008580997167413,
        "stdev": 0.6643313532493202,
        "confidence": 95
    },
    "QUEUE2 AVG NUMBER": {
        "mean": 0.5800015062656199,
        "half_confidence_interval": 0.03139206510670865,
        "stdev": 0.12261300985134296,
        "confidence": 95
    },
    "QUEUE3 AVG WAIT": {
        "mean": 7.61101322264446,
        "half_confidence_interval": 0.17653090848331204,
        "stdev": 0.6895050054004002,
        "confidence": 95
    },
    "QUEUE3 AVG DELAY": {
        "mean": 3.165613497038543,
        "half_confidence_interval": 0.16200999794299392,
        "stdev": 0.632788362481932,
        "confidence": 95
    },
    "QUEUE3 AVG NUMBER": {
        "mean": 0.5203035728164312,
        "half_confidence_interval": 0.028360228424201876,
        "stdev": 0.1107710803778843,
        "confidence": 95
    },
    "QUEUE4 AVG WAIT": {
        "mean": 0.0,
        "half_confidence_interval": 0.0,
        "stdev": 0.0,
        "confidence": 95
    },
    "QUEUE4 AVG DELAY": {
        "mean": 0.0,
        "half_confidence_interval": 0.0,
        "stdev": 0.0,
        "confidence": 95
    },
    "QUEUE4 AVG NUMBER": {
        "mean": 0.0,
        "half_confidence_interval": 0.0,
        "stdev": 0.0,
        "confidence": 95
    },
    "QUEUE5 AVG WAIT": {
        "mean": 0.0,
        "half_confidence_interval": 0.0,
        "stdev": 0.0,
        "confidence": 95
    },
    "QUEUE5 AVG DELAY": {
        "mean": 0.0,
        "half_confidence_interval": 0.0,
        "stdev": 0.0,
        "confidence": 95
    },
    "QUEUE5 AVG NUMBER": {
        "mean": 0.0,
        "half_confidence_interval": 0.0,
        "stdev": 0.0,
        "confidence": 95
    },
    "QUEUE6 AVG WAIT": {
        "mean": 0.0,
        "half_confidence_interval": 0.0,
        "stdev": 0.0,
        "confidence": 95
    },
    "QUEUE6 AVG DELAY": {
        "mean": 0.0,
        "half_confidence_interval": 0.0,
        "stdev": 0.0,
        "confidence": 95
    },
    "QUEUE6 AVG NUMBER": {
        "mean": 0.0,
        "half_confidence_interval": 0.0,
        "stdev": 0.0,
        "confidence": 95
    },
    "UTILIZATION1": {
        "mean": 0.7287577535586028,
        "half_confidence_interval": 0.006372025441014086,
        "stdev": 0.024888238971099153,
        "confidence": 95
    },
    "UTILIZATION2": {
        "mean": 0.7591336093309988,
        "half_confidence_interval": 0.0054155247823778774,
        "stdev": 0.02115228135628412,
        "confidence": 95
    },
    "UTILIZATION3": {
        "mean": 0.729164170600798,
        "half_confidence_interval": 0.005970834593301747,
        "stdev": 0.02332124370667135,
        "confidence": 95
    },
    "UTILIZATION4": {
        "mean": 0.0,
        "half_confidence_interval": 0.0,
        "stdev": 0.0,
        "confidence": 95
    },
    "UTILIZATION5": {
        "mean": 0.0,
        "half_confidence_interval": 0.0,
        "stdev": 0.0,
        "confidence": 95
    },
    "UTILIZATION6": {
        "mean": 0.0,
        "half_confidence_interval": 0.0,
        "stdev": 0.0,
        "confidence": 95
    }
}