{
    "interarrival": 2.0,
    "servers": 3,
    "seed": 402724347,
    "GLOBAL AVG WAIT": {
        "mean": 6.353989492485289,
        "half_confidence_interval": 0.09245683830039934,
        "stdev": 0.36112346183074895,
        "confidence": 95
    },
    "GLOBAL AVG DELAY": {
        "mean": 1.9124065121431164,
        "half_confidence_interval": 0.08456383710023294,
        "stdev": 0.3302945045568981,
        "confidence": 95
    },
    "GLOBAL AVG NUMBER": {
        "mean": 3.194790138661858,
        "half_confidence_interval": 0.060437171164052915,
        "stdev": 0.23605912634723997,
        "confidence": 95
    },
    "QUEUE1 AVG WAIT": {
        "mean": 2.0228110112279696,
        "half_confidence_interval": 0.0238447575289864,
        "stdev": 0.09313428345240302,
        "confidence": 95
    },
    "QUEUE1 AVG DELAY": {
        "mean": 0.7934992711730073,
        "half_confidence_interval": 0.023669969734291984,
        "stdev": 0.09245158680533914,
        "confidence": 95
    },
    "QUEUE1 AVG NUMBER": {
        "mean": 0.08019868411423456,
        "half_confidence_interval": 0.002770794957188624,
        "stdev": 0.010822337053232501,
        "confidence": 95
    },
    "QUEUE2 AVG WAIT": {
        "mean": 3.8554239684978717,
        "half_confidence_interval": 0.03445712398046123,
        "stdev": 0.1345847005510433,
        "confidence": 95
    },
    "QUEUE2 AVG DELAY": {
        "mean": 1.1952513278833605,
        "half_confidence_interval": 0.03422914052319222,
        "stdev": 0.13369422909601006,
        "confidence": 95
    },
    "QUEUE2 AVG NUMBER": {
        "mean": 0.2654035560296525,
        "half_confidence_interval": 0.008670269029551174,
        "stdev": 0.0338648565591489,
        "confidence": 95
    },
    "QUEUE3 AVG WAIT": {
        "mean": 11.871662843971073,
        "half_confidence_interval": 0.19548528011660773,
        "stdev": 0.7635381264422725,
        "confidence": 95
    },
    "QUEUE3 AVG DELAY": {
        "mean": 3.42237285131881,
        "half_confidence_interval": 0.19257464278585237,
        "stdev": 0.7521695846627983,
        "confidence": 95
    },
    "QUEUE3 AVG NUMBER": {
        "mean": 0.6177782181599721,
        "half_confidence_interval": 0.03917254392743212,
        "stdev": 0.15300247046983728,
        "confidence": 95
    },
    "QUEUE4 AVG WAIT": {
        "mean": 0.0,
        "half_confidence_interval": 0.0,
        "stdev": 0.0,
        "confidence": 95
    },
    "QUEUE4 AVG DELAY": {
        "mean": 0.0,
        "half_confidence_interval": 0.0,
        "stdev": 0.0,
        "confidence": 95
    },
    "QUEUE4 AVG NUMBER": {
        "mean": 0.0,
        "half_confidence_interval": 0.0,
        "stdev": 0.0,
        "confidence": 95
    },
    "QUEUE5 AVG WAIT": {
        "mean": 0.0,
        "half_confidence_interval": 0.0,
        "stdev": 0.0,
        "confidence": 95
    },
    "QUEUE5 AVG DELAY": {
        "mean": 0.0,
        "half_confidence_interval": 0.0,
        "stdev": 0.0,
        "confidence": 95
    },
    "QUEUE5 AVG NUMBER": {
        "mean": 0.0,
        "half_confidence_interval": 0.0,
        "stdev": 0.0,
        "confidence": 95
    },
    "QUEUE6 AVG WAIT": {
        "mean": 0.0,
        "half_confidence_interval": 0.0,
        "stdev": 0.0,
        "confidence": 95
    },
    "QUEUE6 AVG DELAY": {
        "mean": 0.0,
        "half_confidence_interval": 0.0,
        "stdev": 0.0,
        "confidence": 95
    },
    "QUEUE6 AVG NUMBER": {
        "mean": 0.0,
        "half_confidence_interval": 0.0,
        "stdev": 0.0,
        "confidence": 95
    },
    "UTILIZATION1": {
        "mean": 0.7449724152825032,
        "half_confidence_interval": 0.0051960608519497666,
        "stdev": 0.020295085979932605,
        "confidence": 95
    },
    "UTILIZATION2": {
        "mean": 0.7425472239196452,
        "half_confidence_interval": 0.005276305143128686,
        "stdev": 0.02060850894307281,
        "confidence": 95
    },
    "UTILIZATION3": {
        "mean": 0.7439381061781277,
        "half_confidence_interval": 0.005417394926345666,
        "stdev": 0.02115958587670883,
        "confidence": 95
    },
    "UTILIZATION4": {
        "mean": 0.0,
        "half_confidence_interval": 0.0,
        "stdev": 0.0,
        "confidence": 95
    },
    "UTILIZATION5": {
        "mean": 0.0,
        "half_confidence_interval": 0.0,
        "stdev": 0.0,
        "confidence": 95
    },
    "UTILIZATION6": {
        "mean": 0.0,
        "half_confidence_interval": 0.0,
        "stdev": 0.0,
        "confidence": 95
    }
}