{
    "seed": 37775586,
    "arrival_stream": 0,
    "service_stream": 1,
    "observation_period": 84000.0,
    "interarrivals": 1,
    "batch_size": 1000,
    "k": 25,
    "servers": 6,
    "acquisition_time": [],
    "avg_utilization1": [
        0.7247859188592657,
        0.7178404530595232,
        0.753264069819426,
        0.7543823468866016,
        0.7464966837296351,
        0.7297814903823757,
        0.6771154988064225,
        0.6892153404202851,
        0.7598724530661696,
        0.7126392740964297,
        0.7486737620430794,
        0.7459534529736493,
        0.8067404519113127,
        0.794689708057549,
        0.7410585999331945,
        0.7154564567004975,
        0.7060317583580036,
        0.7408459752148401,
        0.7586102360323722,
        0.6980165086361751,
        0.732211297678262,
        0.7650162243133688,
        0.740717965851661,
        0.7912069008146058,
        0.7624501765664582
    ],
    "avg_utilization2": [
        0.7337513971291951,
        0.7243404158364238,
        0.72543905474943,
        0.6986893102473014,
        0.7610683522003646,
        0.7055279154358935,
        0.7170589086880577,
        0.6841883367907767,
        0.7801474098439924,
        0.729881356966173,
        0.7459119066809973,
        0.7120728050428093,
        0.8183254730011993,
        0.8097345017922946,
        0.7096226570594916,
        0.7288851228150499,
        0.7263072264532484,
        0.7367177243494574,
        0.7398776545845681,
        0.7088742644971704,
        0.7206830263643249,
        0.7705689928503564,
        0.7596527157355792,
        0.7641489753157138,
        0.7721979626285803
    ],
    "avg_utilization3": [
        0.7066478497779209,
        0.7220712224041813,
        0.7591049642280833,
        0.7325825653285721,
        0.7457350073620097,
        0.7405016886090633,
        0.6838302420856034,
        0.7125567200545717,
        0.7634820614732387,
        0.715453676710105,
        0.7686082614882979,
        0.7159670404946252,
        0.8131416595713031,
        0.7914088788710864,
        0.7122787645621899,
        0.7407915808739737,
        0.7252015003823064,
        0.7232356667663438,
        0.7446753086588993,
        0.6711584302229348,
        0.7464045113157539,
        0.7564196317797396,
        0.8011560922795045,
        0.7724509789646905,
        0.7654973168010819
    ],
    "avg_utilization4": [
        0.7514743336308265,
        0.7326307132559694,
        0.7870403833447739,
        0.756611483601117,
        0.7377074726296893,
        0.7555666716718605,
        0.6760040886618489,
        0.7259573923797918,
        0.7899236852929277,
        0.6936957705402564,
        0.7707738460236913,
        0.691279156460168,
        0.8033614272630382,
        0.814751745277981,
        0.7594919700628354,
        0.7260198620038479,
        0.7091729748529938,
        0.7684995853508114,
        0.7424644961747381,
        0.6692496465314564,
        0.718719264814861,
        0.7300672056016758,
        0.7864333476429483,
        0.7565392621464219,
        0.7661239428319531
    ],
    "avg_utilization5": [
        0.701714948798549,
        0.722568378260131,
        0.741702364790777,
        0.7237636169942435,
        0.725349787643314,
        0.7447744213057734,
        0.6830629499534243,
        0.6636331339489085,
        0.7754174687666544,
        0.7438927953399735,
        0.7838201978844992,
        0.7201863899378425,
        0.832747542448238,
        0.816642489256091,
        0.7029065205075695,
        0.7471398397129775,
        0.7380212163249067,
        0.7508443110073766,
        0.7072120649234384,
        0.6724277777494231,
        0.7370058666611171,
        0.7716038631970485,
        0.7609161157563964,
        0.7770951360451734,
        0.7926506116466915
    ],
    "avg_utilization6": [
        0.7091528601276148,
        0.7418856204189446,
        0.764404006052191,
        0.7360209322502788,
        0.7096242526248988,
        0.7664997865181983,
        0.7003982158160731,
        0.7025306160816258,
        0.7612925420650081,
        0.7356698051391559,
        0.7750540132301523,
        0.7087056159005226,
        0.8258428378912429,
        0.8018930746098664,
        0.7102198953598047,
        0.7469572974018267,
        0.7122397268462137,
        0.7394150784326035,
        0.7146124429668367,
        0.6829091014463268,
        0.724142525091507,
        0.7681709763173449,
        0.762597702702297,
        0.781192635154256,
        0.7765244686340961
    ],
    "global": {
        "avg_wait": [
            4.537698265984389,
            4.898449825902872,
            5.203243566558806,
            5.223695096928694,
            5.1310417849076035,
            4.918025143861049,
            4.737419304424552,
            4.785182712530272,
            5.508644195211936,
            4.953264200649533,
            4.879717368981817,
            4.931236019044176,
            5.963779738265808,
            5.921319938998385,
            5.082841567216421,
            4.94251719660377,
            5.03285042390593,
            5.052190588316432,
            5.226205806864258,
            4.991260238495888,
            4.9735534695528845,
            5.026797280723411,
            5.5446003342501315,
            5.547757589681082,
            5.93639542147113
        ],
        "avg_delay": [
            0.29642348842878863,
            0.6160760988607688,
            0.6765855308658337,
            0.6233691443433544,
            0.7105389430357822,
            0.5635481634793896,
            0.3887670839974735,
            0.4822645229818727,
            1.1136112802872487,
            0.4933408274538579,
            0.48437344109248265,
            0.5716679078464003,
            1.3190971571523387,
            1.202845328774734,
            0.5685745009349484,
            0.5505514765151674,
            0.5672651026013773,
            0.5683880606198508,
            0.8819473526363617,
            0.6667315034316708,
            0.6517444035176231,
            0.5497745384465889,
            1.0579275693937524,
            1.0120748023781672,
            1.295791215926347
        ],
        "avg_number": [
            4.628500982699983,
            4.964368059698999,
            5.202411351728696,
            5.009547161194003,
            5.150311079031373,
            4.999899143177005,
            4.520273767969181,
            4.650269410218128,
            5.792040156973722,
            4.80638465056513,
            5.1020837957728205,
            4.871617618452659,
            6.240950250470487,
            6.10928539943713,
            4.859584023168916,
            4.954640222270436,
            4.883541552708643,
            5.003418502082824,
            5.321439938276044,
            4.742418096999532,
            5.029473916146845,
            5.114873190501304,
            5.721293995172663,
            5.676966888609547,
            5.925377646244701
        ]
    },
    "q1": {
        "avg_wait": [
            1.3922396766077407,
            1.4916951922798787,
            1.5175043925623806,
            1.5435681057912096,
            1.497122939673374,
            1.458059651682945,
            1.3934106068316658,
            1.4671450510652195,
            1.5744549252752673,
            1.4731407734111002,
            1.4482405701744758,
            1.484216916076378,
            1.6825013780780984,
            1.6046731178108562,
            1.561631282589417,
            1.4771599075635842,
            1.5038894644569742,
            1.5050645093955077,
            1.46145663658779,
            1.4938788249139345,
            1.543918991014745,
            1.4723387931134604,
            1.565258361259317,
            1.5221145865047327,
            1.6502248551466427
        ],