{
    "interarrival": 1,
    "servers": 6,
    "seed": 37775586,
    "GLOBAL AVG WAIT": {
        "mean": 5.1511127561685095,
        "half_confidence_interval": 0.14390979247936933,
        "stdev": 0.32547640889185697,
        "confidence": 95
    },
    "GLOBAL AVG DELAY": {
        "mean": 0.7096115104629152,
        "half_confidence_interval": 0.11087882469217009,
        "stdev": 0.2507712717891026,
        "confidence": 95
    },
    "GLOBAL AVG NUMBER": {
        "mean": 5.1620474856793965,
        "half_confidence_interval": 0.19499234936954765,
        "stdev": 0.44100827706554446,
        "confidence": 95
    },
    "QUEUE1 AVG WAIT": {
        "mean": 1.5105410860048833,
        "half_confidence_interval": 0.02619177535006253,
        "stdev": 0.059237143189284455,
        "confidence": 95
    },
    "QUEUE1 AVG DELAY": {
        "mean": 0.27819799000555173,
        "half_confidence_interval": 0.0253899259639958,
        "stdev": 0.05742362477505594,
        "confidence": 95
    },
    "QUEUE1 AVG NUMBER": {
        "mean": 0.055433280639383936,
        "half_confidence_interval": 0.005462511206599653,
        "stdev": 0.01235439576712932,
        "confidence": 95
    },
    "QUEUE2 AVG WAIT": {
        "mean": 3.1125747754643087,
        "half_confidence_interval": 0.05544866194569614,
        "stdev": 0.12540655543319587,
        "confidence": 95
    },
    "QUEUE2 AVG DELAY": {
        "mean": 0.465285451598675,
        "half_confidence_interval": 0.04729179469284471,
        "stdev": 0.10695841639049475,
        "confidence": 95
    },
    "QUEUE2 AVG NUMBER": {
        "mean": 0.20779761869905855,
        "half_confidence_interval": 0.022253821711219902,
        "stdev": 0.050330792991212535,
        "confidence": 95
    },
    "QUEUE3 AVG WAIT": {
        "mean": 9.73627549240777,
        "half_confidence_interval": 0.25819055531402924,
        "stdev": 0.5839417409030848,
        "confidence": 95
    },
    "QUEUE3 AVG DELAY": {
        "mean": 1.2499332031546635,
        "half_confidence_interval": 0.2341704426561894,
        "stdev": 0.5296161812982906,
        "confidence": 95
    },
    "QUEUE3 AVG NUMBER": {
        "mean": 0.4521071089695247,
        "half_confidence_interval": 0.09552150440479354,
        "stdev": 0.21603808670682995,
        "confidence": 95
    },
    "UTILIZATION1": {
        "mean": 0.740253778642845,
        "half_confidence_interval": 0.014111581951464844,
        "stdev": 0.03191573650559161,
        "confidence": 95
    },
    "UTILIZATION2": {
        "mean": 0.738161917708725,
        "half_confidence_interval": 0.014686747284937745,
        "stdev": 0.033216570479656884,
        "confidence": 95
    },
    "UTILIZATION3": {
        "mean": 0.7416615849776993,
        "half_confidence_interval": 0.014950279750884017,
        "stdev": 0.03381259385766922,
        "confidence": 95
    },
    "UTILIZATION4": {
        "mean": 0.7435635413732914,
        "half_confidence_interval": 0.017169466843320984,
        "stdev": 0.038831661935396396,
        "confidence": 95
    },
    "UTILIZATION5": {
        "mean": 0.7409884455832738,
        "half_confidence_interval": 0.017955143711183546,
        "stdev": 0.04060860345616169,
        "confidence": 95
    },
    "UTILIZATION6": {
        "mean": 0.742272986970312,
        "half_confidence_interval": 0.015381904380307147,
        "stdev": 0.03478878617893921,
        "confidence": 95
    }
}