{
    "interarrival": 3,
    "servers": 2,
    "seed": 909305547,
    "GLOBAL AVG WAIT": {
        "mean": 9.255058415832135,
        "half_confidence_interval": 0.2459142082554349,
        "stdev": 0.960506457186378,
        "confidence": 95
    },
    "GLOBAL AVG DELAY": {
        "mean": 4.83818605837082,
        "half_confidence_interval": 0.23487120514538268,
        "stdev": 0.9173740336099538,
        "confidence": 95
    },
    "GLOBAL AVG NUMBER": {
        "mean": 3.0751360224059883,
        "half_confidence_interval": 0.09106473750385426,
        "stdev": 0.35568611108301595,
        "confidence": 95
    },
    "QUEUE1 AVG WAIT": {
        "mean": 9.269825300921134,
        "half_confidence_interval": 0.25508871609442013,
        "stdev": 0.9963407999165834,
        "confidence": 95
    },
    "QUEUE1 AVG DELAY": {
        "mean": 4.842693583112787,
        "half_confidence_interval": 0.2405224237949938,
        "stdev": 0.9394469022027493,
        "confidence": 95
    },
    "QUEUE1 AVG NUMBER": {
        "mean": 0.8040310169477959,
        "half_confidence_interval": 0.04183137096429331,
        "stdev": 0.16338747650736646,
        "confidence": 95
    },
    "QUEUE2 AVG WAIT": {
        "mean": 9.245650601155036,
        "half_confidence_interval": 0.24840177073793046,
        "stdev": 0.9702225278601381,
        "confidence": 95
    },
    "QUEUE2 AVG DELAY": {
        "mean": 4.837016748465852,
        "half_confidence_interval": 0.2348527693709067,
        "stdev": 0.917302026056779,
        "confidence": 95
    },
    "QUEUE2 AVG NUMBER": {
        "mean": 0.8049720828454515,
        "half_confidence_interval": 0.041779679054794024,
        "stdev": 0.1631855751483088,
        "confidence": 95
    },
    "QUEUE3 AVG WAIT": {
        "mean": 0.0,
        "half_confidence_interval": 0.0,
        "stdev": 0.0,
        "confidence": 95
    },
    "QUEUE3 AVG DELAY": {
        "mean": 0.0,
        "half_confidence_interval": 0.0,
        "stdev": 0.0,
        "confidence": 95
    },
    "QUEUE3 AVG NUMBER": {
        "mean": 0.0,
        "half_confidence_interval": 0.0,
        "stdev": 0.0,
        "confidence": 95
    },
    "QUEUE4 AVG WAIT": {
        "mean": 0.0,
        "half_confidence_interval": 0.0,
        "stdev": 0.0,
        "confidence": 95
    },
    "QUEUE4 AVG DELAY": {
        "mean": 0.0,
        "half_confidence_interval": 0.0,
        "stdev": 0.0,
        "confidence": 95
    },
    "QUEUE4 AVG NUMBER": {
        "mean": 0.0,
        "half_confidence_interval": 0.0,
        "stdev": 0.0,
        "confidence": 95
    },
    "QUEUE5 AVG WAIT": {
        "mean": 0.0,
        "half_confidence_interval": 0.0,
        "stdev": 0.0,
        "confidence": 95
    },
    "QUEUE5 AVG DELAY": {
        "mean": 0.0,
        "half_confidence_interval": 0.0,
        "stdev": 0.0,
        "confidence": 95
    },
    "QUEUE5 AVG NUMBER": {
        "mean": 0.0,
        "half_confidence_interval": 0.0,
        "stdev": 0.0,
        "confidence": 95
    },
    "QUEUE6 AVG WAIT": {
        "mean": 0.0,
        "half_confidence_interval": 0.0,
        "stdev": 0.0,
        "confidence": 95
    },
    "QUEUE6 AVG DELAY": {
        "mean": 0.0,
        "half_confidence_interval": 0.0,
        "stdev": 0.0,
        "confidence": 95
    },
    "QUEUE6 AVG NUMBER": {
        "mean": 0.0,
        "half_confidence_interval": 0.0,
        "stdev": 0.0,
        "confidence": 95
    },
    "UTILIZATION1": {
        "mean": 0.7339906572387903,
        "half_confidence_interval": 0.0051731006775629085,
        "stdev": 0.020205406754347576,
        "confidence": 95
    },
    "UTILIZATION2": {
        "mean": 0.7321372961479249,
        "half_confidence_interval": 0.005387290951134814,
        "stdev": 0.021042003965593848,
        "confidence": 95
    },
    "UTILIZATION3": {
        "mean": 0.0,
        "half_confidence_interval": 0.0,
        "stdev": 0.0,
        "confidence": 95
    },
    "UTILIZATION4": {
        "mean": 0.0,
        "half_confidence_interval": 0.0,
        "stdev": 0.0,
        "confidence": 95
    },
    "UTILIZATION5": {
        "mean": 0.0,
        "half_confidence_interval": 0.0,
        "stdev": 0.0,
        "confidence": 95
    },
    "UTILIZATION6": {
        "mean": 0.0,
        "half_confidence_interval": 0.0,
        "stdev": 0.0,
        "confidence": 95
    }
}