{
    "seed": 1187153186,
    "arrival_stream": 0,
    "service_stream": 1,
    "observation_period": 40000.0,
    "interarrivals": 5.0,
    "batch_size": 0,
    "k": 0,
    "servers": 2,
    "acquisition_time": [
        62.93468913766665,
        69.92663109591048,
        78.60883002162086,
        92.54510926826435,
        100.5632664508282,
        119.14295341842592,
        148.69253364040415,
        196.1331979283053,
        240.12945797245587,
        305.83360447431926,
        340.35509725858554,
        398.6555726240335,
        472.54180488253644,
        537.4555286733545,
        659.9843413485096,
        823.5927266464182,
        999.8375850224514,
        1131.4198841338925,
        1341.9823808385202,
        1622.9547273714356,
        1974.554596855409,
        2331.7816927447047,
        2742.2405055865124,
        3379.298278068798,
        4074.193578715114,
        4851.671864976038,
        5817.455118949372,
        6952.4159184777245,
        8132.572421996839,
        9738.897256585014,
        11639.461795006337,
        13747.666825752589,
        16362.31733428483,
        19754.13731011546,
        23720.969127978864,
        28470.041998355133,
        34348.41521884837
    ],
    "avg_utilization1": [
        0.4845608740068288,
        0.43610978386858545,
        0.40508931140422255,
        0.37509792118232277,
        0.38164882554047835,
        0.4040094639523663,
        0.3553745838749811,
        0.29404917467907066,
        0.33861958381615237,
        0.30672074934505617,
        0.3530951093979788,
        0.3573661071388135,
        0.3860332226227198,
        0.40793429645278617,
        0.42353473683956205,
        0.4047286426234939,
        0.40113900409997716,
        0.42697077425483554,
        0.41760633341265063,
        0.40551012914466245,
        0.4010943942806408,
        0.41412162414218184,
        0.425026367831641,
        0.4234633179494419,
        0.4280704937309189,
        0.4314809482576633,
        0.4330854844224417,
        0.4437304992526812,
        0.4557409057237233,
        0.4526770251325066,
        0.45042505171499014,
        0.4554228191713009,
        0.4556372087644432,
        0.44784283967220995,
        0.44498268989029316,
        0.44557430609809817,
        0.44188677654496483
    ],
    "avg_utilization2": [
        0.3267373922547847,
        0.350878085522488,
        0.35506765117298844,
        0.3862588724979709,
        0.4243002390591934,
        0.41269403278626043,
        0.3624341960608606,
        0.32739369877060776,
        0.34216883003180615,
        0.3541242792246875,
        0.35854959414488935,
        0.36737513045675746,
        0.37559575161445735,
        0.4298704878654178,
        0.4073298602998095,
        0.4020098191012317,
        0.4078328601767684,
        0.4329137326228396,
        0.4226121195435774,
        0.4496678367066368,
        0.442312168105661,
        0.45559474498604424,
        0.4670249406236628,
        0.4504310417500498,
        0.44287445913345197,
        0.4314608100093014,
        0.42858374336326505,
        0.4322719641122545,
        0.44380195679588336,
        0.44354885820355205,
        0.4457681758049768,
        0.45237162413982884,
        0.45513951780363093,
        0.44699874900587694,
        0.4492565513243392,
        0.44856452432176314,
        0.44694225914951125
    ],
    "avg_utilization3": [],
    "avg_utilization4": [],
    "avg_utilization5": [],
    "avg_utilization6": [],
    "global": {
        "avg_wait": [
            4.6131413894374464,
            4.702218332667483,
            4.307325897733218,
            4.069033816687698,
            4.024669809392044,
            4.085517279121047,
            3.6914013303457485,
            3.6259055197524774,
            4.45656026974465,
            4.662261977681296,
            4.470468395877962,
            4.5098055198243845,
            4.883159527929616,
            5.510493018565134,
            5.472029693998146,
            5.368311886885581,
            5.5701871247779,
            5.943898730001042,
            5.691743830316554,
            5.692756124206241,
            5.539076388640186,
            5.682359028353963,
            5.84708912499578,
            5.772935429344523,
            5.812150254892851,
            5.604287228757629,
            5.483485866567813,
            5.607791145006071,
            5.731872720581977,
            5.750601428035195,
            5.752698844464925,
            5.830973447234599,
            5.875175914071346,
            5.797944869266167,
            5.830903092715002,
            5.802361061732243,
            5.769262081030929
        ],
        "avg_delay": [
            0.13952095721436278,
            0.11626746434530234,
            0.0996578265816877,
            0.08207115130256636,
            0.06976047860718139,
            0.058133732172651165,
            0.04811067490150442,
            0.04103557565128318,
            0.5026955372449216,
            0.6200896359529113,
            0.5254996914855181,
            0.460847296771618,
            0.7966677095439934,
            1.1388152197223558,
            1.0138376298288527,
            0.8904248347193606,
            1.027046847566411,
            1.3763380298129249,
            1.287218986868674,
            1.1718599599643702,
            1.0136625169611355,
            1.0941492830743358,
            1.2343118920849727,
            1.1296182832021817,
            1.1615626606931695,
            1.0336428513593925,
            0.9302107116475152,
            0.9946063575124204,
            1.1199348829228843,
            1.158167963525734,
            1.1817348365449165,
            1.267881837395126,
            1.3331406136178363,
            1.3097930026750713,
            1.341544059089695,
            1.3132215103868572,
            1.282214935733692
        ],
        "avg_number": [
            0.733004556413462,
            0.8069403474423894,
            0.7671219957310039,
            0.7474579200417231,
            0.8004254339451001,
            0.8229812329273761,
            0.7199462942700028,
            0.6285564553770668,
            0.7609186003346974,
            0.7622219908919107,
            0.774948392080079,
            0.803190056519049,
            0.888708078444695,
            1.0560516184719784,
            1.0198115473263296,
            0.9646881687435812,
            0.9860832757787849,
            1.118992557267446,
            1.0857716475015091,
            1.0768483560609736,
            1.0323240057610084,
            1.0771174241341959,
            1.130082219241728,
            1.0864938904302215,
            1.0884781389994276,
            1.0580944557690821,
            1.0359084589631318,
            1.0639001761394271,
            1.1157053446138738,
            1.1213171085109195,
            1.1263751621368183,
            1.160030467738194,
            1.17810037418582,
            1.1558240451977861,
            1.16146254246341,
            1.1555791600842245,
            1.142820096625423
        ]
    },