{
    "seed": 1164975490,
    "arrival_stream": 0,
    "service_stream": 1,
    "observation_period": 40000.0,
    "interarrivals": 5.0,
    "batch_size": 0,
    "k": 0,
    "servers": 2,
    "acquisition_time": [
        58.0535579362832,
        92.99111444092742,
        102.4895236406669,
        107.56865550745616,
        121.30450793106438,
        136.81970712678168,
        161.80664766143803,
        184.55915094836786,
        206.0742056264611,
        249.39538686776078,
        294.1598863554634,
        394.4490502491297,
        458.579010191575,
        537.7394131398195,
        649.2811575689209,
        736.7472065360079,
        941.8068698270455,
        1108.5675867530197,
        1327.1903840813306,
        1601.2176012119644,
        1882.591525423441,
        2241.4289315622013,
        2692.996752040608,
        3161.266350488886,
        3883.559538008864,
        4595.376338866391,
        5679.779722431379,
        6782.080127150877,
        8064.325565177718,
        9598.392183897246,
        11526.855012366948,
        13638.257296424279,
        16209.081097043743,
        19339.757997304303,
        23296.106237213124,
        28184.748901574003,
        33925.72533904403
    ],
    "avg_utilization1": [
        0.291232324900987,
        0.29531111074504335,
        0.36398287716545025,
        0.3467964856310824,
        0.3405516872343906,
        0.41655598888779016,
        0.3886144032741442,
        0.4228931380894595,
        0.5096278007915213,
        0.4803293969029572,
        0.4376127378770255,
        0.42522759286909323,
        0.45473056282950053,
        0.4629676472606154,
        0.46068418427532243,
        0.4728074230715899,
        0.44521581314496705,
        0.44780141314514554,
        0.4329005088936046,
        0.43259561856022466,
        0.45643931361042384,
        0.4728538957452304,
        0.46739651001654625,
        0.47140490188535605,
        0.4494311561981409,
        0.4572528803792891,
        0.442668418644273,
        0.44360634562258044,
        0.448350238976709,
        0.4476905383305872,
        0.44103559016844346,
        0.4453290053784261,
        0.44743803274262445,
        0.45556825576068555,
        0.4558256786459342,
        0.4537788813013812,
        0.449082548650025
    ],
    "avg_utilization2": [
        0.3804426169435447,
        0.25655811595570094,
        0.3377703059970398,
        0.35337120795241594,
        0.3415506280386004,
        0.40814780763220243,
        0.37818887152544156,
        0.4418122109409195,
        0.5144428310631128,
        0.5431203970343624,
        0.5079380270651918,
        0.4551089923623893,
        0.435077553451792,
        0.4429029208463358,
        0.4492263949590083,
        0.4741881835166833,
        0.45525014441052675,
        0.4420493183675655,
        0.4548201873635879,
        0.4335167987376171,
        0.44100416297741185,
        0.4535388086977126,
        0.46751751728959495,
        0.46709503738502256,
        0.4516909716407207,
        0.45678279472874506,
        0.4432108818280577,
        0.451537322960044,
        0.4470920512083271,
        0.44690404824903596,
        0.4451514885738058,
        0.45020453189169524,
        0.45471735781794037,
        0.45333268844257724,
        0.45209209721151744,
        0.4507142785549412,
        0.449649507607459
    ],
    "avg_utilization3": [],
    "avg_utilization4": [],
    "avg_utilization5": [],
    "avg_utilization6": [],
    "global": {
        "avg_wait": [
            3.8993120150721174,
            4.276577868046252,
            5.520372742084687,
            5.020275289416939,
            4.596042577374773,
            5.043282749653867,
            4.797348067569038,
            5.89142248963553,
            6.495108892878484,
            6.925232664916851,
            6.191264387043839,
            6.230647095816773,
            5.935472570892589,
            5.858257929694331,
            6.6384114684202,
            6.916452117255714,
            6.706217622218322,
            6.459750637270509,
            6.323117496930966,
            5.9848269809814925,
            6.275956906694326,
            6.402623515573258,
            6.442143034760034,
            6.288258628241045,
            6.063582546557931,
            6.087095911628604,
            6.006565341788117,
            5.979479767501207,
            5.848281678205956,
            5.885091887231298,
            5.829073200001869,
            5.790992826680749,
            5.753630583396347,
            5.775741065013583,
            5.787520886699445,
            5.778682935188822,
            5.707617664937851
        ],
        "avg_delay": [
            0.0,
            0.0,
            0.5959427569752467,
            0.5899166171502666,
            0.5014291245777266,
            0.6270511103486935,
            0.5189388499437464,
            1.2608282485078095,
            1.8132037690887004,
            1.8203595189422903,
            1.54267755842567,
            1.3398311811108519,
            1.23700732552936,
            1.1289151367383417,
            1.9195119677113777,
            2.2276237621469326,
            1.9334061114049148,
            1.840588303626228,
            1.722043160953683,
            1.4785230281184762,
            1.6848713535127808,
            1.7156023449598434,
            1.705793317133286,
            1.6234028452987346,
            1.4857939462094145,
            1.5015741711578339,
            1.4315950217785811,
            1.3888077136600105,
            1.2876589832257692,
            1.3634122202578194,
            1.3506351089027828,
            1.3253559715191865,
            1.2967241866479888,
            1.3120731360109332,
            1.3126908404914608,
            1.2825951106502105,
            1.2282274692110642
        ],
        "avg_number": [
            0.6716749418445318,
            0.5518692267007442,
            0.754079203842836,
            0.7933972914086694,
            0.7577694606348245,
            0.8846590051499983,
            0.8598107430703422,
            1.0853342335956353,
            1.2922503512677546,
            1.3884043229293732,
            1.2417892981987892,
            1.1215033818020124,
            1.1131138358982413,
            1.1221058974184284,
            1.257582483485224,
            1.3893977530864468,
            1.2603438742707676,
            1.2411754611811183,
            1.2196577813022578,
            1.147465454895469,
            1.226794081708212,
            1.2625694056295562,
            1.267857380754588,
            1.2651045638539167,
            1.1913074687650487,
            1.2133456422041946,
            1.1622308669039927,
            1.1629077901572007,
            1.1479980342777754,
            1.164339743545936,
            1.1524789553222983,
            1.1613188574411484,
            1.1646349247747532,
            1.1760678865368333,
            1.1738457882705056,
            1.1625128312103155,
            1.1446956610104841
        ]
    },