{
    "interarrival": 2,
    "servers": 3,
    "seed": 811039046,
    "GLOBAL AVG WAIT": {
        "mean": 14.358736688095178,
        "half_confidence_interval": 0.7013784594131836,
        "stdev": 2.7394860344874274,
        "confidence": 95
    },
    "GLOBAL AVG DELAY": {
        "mean": 9.927360199045907,
        "half_confidence_interval": 0.6808302246361966,
        "stdev": 2.6592275072266647,
        "confidence": 95
    },
    "GLOBAL AVG NUMBER": {
        "mean": 0.4331312813621755,
        "half_confidence_interval": 0.15495367100109755,
        "stdev": 0.605227337684741,
        "confidence": 95
    },
    "QUEUE1 AVG WAIT": {
        "mean": 0.0,
        "half_confidence_interval": 0.0,
        "stdev": 0.0,
        "confidence": 95
    },
    "QUEUE1 AVG DELAY": {
        "mean": 0.0,
        "half_confidence_interval": 0.0,
        "stdev": 0.0,
        "confidence": 95
    },
    "QUEUE1 AVG NUMBER": {
        "mean": 0.0,
        "half_confidence_interval": 0.0,
        "stdev": 0.0,
        "confidence": 95
    },
    "QUEUE2 AVG WAIT": {
        "mean": 0.0,
        "half_confidence_interval": 0.0,
        "stdev": 0.0,
        "confidence": 95
    },
    "QUEUE2 AVG DELAY": {
        "mean": 0.0,
        "half_confidence_interval": 0.0,
        "stdev": 0.0,
        "confidence": 95
    },
    "QUEUE2 AVG NUMBER": {
        "mean": 0.0,
        "half_confidence_interval": 0.0,
        "stdev": 0.0,
        "confidence": 95
    },
    "QUEUE3 AVG WAIT": {
        "mean": 0.0,
        "half_confidence_interval": 0.0,
        "stdev": 0.0,
        "confidence": 95
    },
    "QUEUE3 AVG DELAY": {
        "mean": 0.0,
        "half_confidence_interval": 0.0,
        "stdev": 0.0,
        "confidence": 95
    },
    "QUEUE3 AVG NUMBER": {
        "mean": 0.0,
        "half_confidence_interval": 0.0,
        "stdev": 0.0,
        "confidence": 95
    },
    "UTILIZATION1": {
        "mean": 0.7313029624280724,
        "half_confidence_interval": 0.013795471949061534,
        "stdev": 0.05388318137861927,
        "confidence": 95
    },
    "UTILIZATION2": {
        "mean": 0.7349257719337884,
        "half_confidence_interval": 0.012338954607685792,
        "stdev": 0.048194228628308154,
        "confidence": 95
    },
    "UTILIZATION3": {
        "mean": 0.7431050922932428,
        "half_confidence_interval": 0.012477243146297902,
        "stdev": 0.048734364292831574,
        "confidence": 95
    },
    "UTILIZATION4": {
        "mean": 0.0,
        "half_confidence_interval": 0.0,
        "stdev": 0.0,
        "confidence": 95
    },
    "UTILIZATION5": {
        "mean": 0.0,
        "half_confidence_interval": 0.0,
        "stdev": 0.0,
        "confidence": 95
    },
    "UTILIZATION6": {
        "mean": 0.0,
        "half_confidence_interval": 0.0,
        "stdev": 0.0,
        "confidence": 95
    }
}