{
    "interarrival": 1.5,
    "servers": 3,
    "seed": 797439155,
    "GLOBAL AVG WAIT": {
        "mean": 81.50207561803539,
        "half_confidence_interval": 15.170500494827206,
        "stdev": 59.25385030577482,
        "confidence": 95
    },
    "GLOBAL AVG DELAY": {
        "mean": 77.06142457265175,
        "half_confidence_interval": 15.164395936845796,
        "stdev": 59.230006757242144,
        "confidence": 95
    },
    "GLOBAL AVG NUMBER": {
        "mean": 54.57796139435315,
        "half_confidence_interval": 10.238592830507422,
        "stdev": 39.990509682098406,
        "confidence": 95
    },
    "QUEUE1 AVG WAIT": {
        "mean": 81.60601401547537,
        "half_confidence_interval": 15.172369534626188,
        "stdev": 59.26115051347082,
        "confidence": 95
    },
    "QUEUE1 AVG DELAY": {
        "mean": 77.1467168952815,
        "half_confidence_interval": 15.166759453074093,
        "stdev": 59.23923832061967,
        "confidence": 95
    },
    "QUEUE1 AVG NUMBER": {
        "mean": 17.174200191089962,
        "half_confidence_interval": 3.409444621176056,
        "stdev": 13.316813197948235,
        "confidence": 95
    },
    "QUEUE2 AVG WAIT": {
        "mean": 81.74559523551834,
        "half_confidence_interval": 15.250219180672891,
        "stdev": 59.565220328094384,
        "confidence": 95
    },
    "QUEUE2 AVG DELAY": {
        "mean": 77.31121223100855,
        "half_confidence_interval": 15.242107532959045,
        "stdev": 59.53353736815952,
        "confidence": 95
    },
    "QUEUE2 AVG NUMBER": {
        "mean": 17.270951162641232,
        "half_confidence_interval": 3.409987710589196,
        "stdev": 13.318934429136345,
        "confidence": 95
    },
    "QUEUE3 AVG WAIT": {
        "mean": 81.29548122810645,
        "half_confidence_interval": 15.145622957289353,
        "stdev": 59.15668212824851,
        "confidence": 95
    },
    "QUEUE3 AVG DELAY": {
        "mean": 76.85950964846721,
        "half_confidence_interval": 15.138474680595802,
        "stdev": 59.128761960598915,
        "confidence": 95
    },
    "QUEUE3 AVG NUMBER": {
        "mean": 17.1732051172226,
        "half_confidence_interval": 3.4103240409439404,
        "stdev": 13.320248088398944,
        "confidence": 95
    },
    "QUEUE4 AVG WAIT": {
        "mean": 0.0,
        "half_confidence_interval": 0.0,
        "stdev": 0.0,
        "confidence": 95
    },
    "QUEUE4 AVG DELAY": {
        "mean": 0.0,
        "half_confidence_interval": 0.0,
        "stdev": 0.0,
        "confidence": 95
    },
    "QUEUE4 AVG NUMBER": {
        "mean": 0.0,
        "half_confidence_interval": 0.0,
        "stdev": 0.0,
        "confidence": 95
    },
    "QUEUE5 AVG WAIT": {
        "mean": 0.0,
        "half_confidence_interval": 0.0,
        "stdev": 0.0,
        "confidence": 95
    },
    "QUEUE5 AVG DELAY": {
        "mean": 0.0,
        "half_confidence_interval": 0.0,
        "stdev": 0.0,
        "confidence": 95
    },
    "QUEUE5 AVG NUMBER": {
        "mean": 0.0,
        "half_confidence_interval": 0.0,
        "stdev": 0.0,
        "confidence": 95
    },
    "QUEUE6 AVG WAIT": {
        "mean": 0.0,
        "half_confidence_interval": 0.0,
        "stdev": 0.0,
        "confidence": 95
    },
    "QUEUE6 AVG DELAY": {
        "mean": 0.0,
        "half_confidence_interval": 0.0,
        "stdev": 0.0,
        "confidence": 95
    },
    "QUEUE6 AVG NUMBER": {
        "mean": 0.0,
        "half_confidence_interval": 0.0,
        "stdev": 0.0,
        "confidence": 95
    },
    "UTILIZATION1": {
        "mean": 0.9861882948708265,
        "half_confidence_interval": 0.005000243968199701,
        "stdev": 0.019530252656139096,
        "confidence": 95
    },
    "UTILIZATION2": {
        "mean": 0.9873016038808688,
        "half_confidence_interval": 0.004290717557426584,
        "stdev": 0.016758941864759513,
        "confidence": 95
    },
    "UTILIZATION3": {
        "mean": 0.9861526260433282,
        "half_confidence_interval": 0.004906873199558718,
        "stdev": 0.01916555951039388,
        "confidence": 95
    },
    "UTILIZATION4": {
        "mean": 0.0,
        "half_confidence_interval": 0.0,
        "stdev": 0.0,
        "confidence": 95
    },
    "UTILIZATION5": {
        "mean": 0.0,
        "half_confidence_interval": 0.0,
        "stdev": 0.0,
        "confidence": 95
    },
    "UTILIZATION6": {
        "mean": 0.0,
        "half_confidence_interval": 0.0,
        "stdev": 0.0,
        "confidence": 95
    }
}