{
    "seed": 588632458,
    "arrival_stream": 0,
    "service_stream": 1,
    "observation_period": 40000.0,
    "interarrivals": 5.0,
    "batch_size": 0,
    "k": 0,
    "servers": 2,
    "acquisition_time": [
        51.940663641725024,
        54.57156098234612,
        65.8256406330937,
        79.49164067300386,
        101.48675905214739,
        127.83064156246787,
        155.40858776619234,
        190.52117693069783,
        215.28079819055307,
        264.6993013725932,
        308.3681602514357,
        376.70721062993465,
        466.30595686295095,
        539.1583305649544,
        636.5216842437284,
        749.2692453944358,
        887.7419932127474,
        1053.291450807449,
        1279.4617159395352,
        1561.0313091616524,
        1867.6745832040672,
        2224.150815117453,
        2675.35299200604,
        3247.8736860997424,
        3899.72621326648,
        4622.968504325337,
        5511.225203528041,
        6559.756836944191,
        7910.754634838641,
        9522.289818589861,
        11432.88179414597,
        13694.549109474568,
        16424.300219404144,
        19737.512158930895,
        23694.266731656837,
        28292.349953166737,
        34010.361804157175
    ],
    "avg_utilization1": [
        0.34781966098898714,
        0.36439154799590906,
        0.3621422422878048,
        0.4338916325675678,
        0.37148854149813304,
        0.34105783276863955,
        0.35077570381014733,
        0.408003606339573,
        0.3827909210973557,
        0.41358879712658514,
        0.48824608960720395,
        0.5151319649994563,
        0.4537853136188076,
        0.4473190360794385,
        0.4572539635915199,
        0.4831769930718674,
        0.4588891617643886,
        0.454486302628614,
        0.43914713156643703,
        0.42015312254458026,
        0.4251482154978405,
        0.424122665849137,
        0.4185999828413947,
        0.41396079227813953,
        0.4172270149850295,
        0.42827812455014547,
        0.43090485443557325,
        0.435986881280479,
        0.43246637997457615,
        0.4284186892189798,
        0.4305856577519215,
        0.4326955084511569,
        0.4368811615897405,
        0.4382127584383672,
        0.4377992216009603,
        0.442198562133924,
        0.4364414582642003
    ],
    "avg_utilization2": [
        0.4681236536558724,
        0.6848161186036135,
        0.5677344605937983,
        0.5054656635766233,
        0.4102152113776971,
        0.4071719363495773,
        0.3477989757718088,
        0.37358379321744173,
        0.39693439417983967,
        0.4394462077786879,
        0.4559716443377385,
        0.4352986847995376,
        0.41433625242925054,
        0.4173828591274539,
        0.4168284793644832,
        0.43552568824150567,
        0.44048938069444055,
        0.44305254089842694,
        0.4421244449699444,
        0.44467250074184766,
        0.44208354297517694,
        0.43772440989248956,
        0.4412742935788777,
        0.4359957982065808,
        0.44640401602078306,
        0.4537394330607446,
        0.4637720242865918,
        0.4685147488049245,
        0.4627450512889656,
        0.4627569526629053,
        0.46472353016317397,
        0.4592756011713873,
        0.4591479981829301,
        0.44845908288647085,
        0.4429824241679824,
        0.44553933859538,
        0.44258184131589007
    ],
    "avg_utilization3": [],
    "avg_utilization4": [],
    "avg_utilization5": [],
    "avg_utilization6": [],
    "global": {
        "avg_wait": [
            5.228080983661762,
            4.75611563531284,
            5.104126346335559,
            4.73533112246568,
            4.479030979499806,
            4.367880274459902,
            4.2187060005162085,
            4.644158336849884,
            4.683541155774968,
            4.958210745599807,
            5.542544222630804,
            5.576685614508244,
            5.119976193705488,
            5.004157197471286,
            5.070696147402506,
            5.300920072687101,
            5.095439682297695,
            5.058199618046237,
            4.958816783406209,
            4.946421385782994,
            5.168321088705704,
            5.111875541693357,
            5.146903497635582,
            5.201859640112185,
            5.443805675753677,
            5.563399741195169,
            5.629141656836278,
            5.642092547980505,
            5.628938578791072,
            5.591118381185396,
            5.640827341097589,
            5.656185564189478,
            5.660350780331437,
            5.591531719823254,
            5.560852057880401,
            5.648780933805146,
            5.58697823713865
        ],
        "avg_delay": [
            0.9900172579934775,
            0.8540032643106155,
            0.7320027979805275,
            0.6028258336310226,
            0.5124019585863693,
            0.5740820671632463,
            0.47510240041096247,
            0.6424016111312223,
            0.589397540110207,
            0.5223164782877996,
            0.6116294041786663,
            0.5897318759221836,
            0.4868716650055237,
            0.4778345736256556,
            0.5626753948166741,
            0.6498682837038887,
            0.6059869348116738,
            0.6229788352368548,
            0.5543119258906735,
            0.5494013832384868,
            0.7855554682412429,
            0.7750477678984943,
            0.806399312409161,
            0.8613696329386363,
            1.0297498825640075,
            1.1119375260236668,
            1.1467343968026527,
            1.1458862098581086,
            1.155282243333966,
            1.1241336933684516,
            1.1569171921518038,
            1.1899967833008862,
            1.1758535711164366,
            1.1491933150719449,
            1.144031899743454,
            1.2193831739519028,
            1.1931069183551353
        ],
        "avg_number": [
            1.0065487456463562,
            1.0458448795741302,
            1.0855613126045687,
            1.0126930127541747,
            0.8826828290374956,
            0.820062586761016,
            0.787231103335362,
            0.828786521250248,
            0.8919754525287714,
            0.9365742032353502,
            1.0604535463991533,
            1.051067427055568,
            0.9442683418004953,
            0.9559866965228071,
            0.9798497703523499,
            1.0470684277781745,
            1.0159402514042764,
            1.022885468042032,
            0.9921806027777867,
            0.9727872570671968,
            1.0183477238207335,
            1.0158704050422709,
            1.019625769719998,
            1.0186303566147212,
            1.0651064981100062,
            1.1023380665835798,
            1.1225138607841312,
            1.1344810876027906,
            1.1263918780876232,
            1.1150189721324193,
            1.124427396506788,
            1.1296222602433503,
            1.1307398587567468,
            1.115614355819436,
            1.1089191436500552,
            1.132058240043445,
            1.117712306160908
        ]
    },