{
    "interarrival": 3,
    "servers": 2,
    "seed": 123456789,
    "GLOBAL AVG WAIT": {
        "mean": 9.358363780739694,
        "half_confidence_interval": 0.20731282279509566,
        "stdev": 0.8097348516983215,
        "confidence": 95
    },
    "GLOBAL AVG DELAY": {
        "mean": 4.92538575514357,
        "half_confidence_interval": 0.2011988022953078,
        "stdev": 0.7858543438940867,
        "confidence": 95
    },
    "GLOBAL AVG NUMBER": {
        "mean": 3.1221472483711628,
        "half_confidence_interval": 0.07399184093192457,
        "stdev": 0.28900176813045203,
        "confidence": 95
    },
    "QUEUE1 AVG WAIT": {
        "mean": 9.38232207065411,
        "half_confidence_interval": 0.20899238156439057,
        "stdev": 0.816294973029156,
        "confidence": 95
    },
    "QUEUE1 AVG DELAY": {
        "mean": 4.941531557968573,
        "half_confidence_interval": 0.2027260491594052,
        "stdev": 0.7918195562544863,
        "confidence": 95
    },
    "QUEUE1 AVG NUMBER": {
        "mean": 0.8230686277181142,
        "half_confidence_interval": 0.035039288343486054,
        "stdev": 0.13685855302095962,
        "confidence": 95
    },
    "QUEUE2 AVG WAIT": {
        "mean": 9.338569077946767,
        "half_confidence_interval": 0.21537161794444007,
        "stdev": 0.8412113769182361,
        "confidence": 95
    },
    "QUEUE2 AVG DELAY": {
        "mean": 4.911635288119116,
        "half_confidence_interval": 0.20380599218678921,
        "stdev": 0.7960376624735392,
        "confidence": 95
    },
    "QUEUE2 AVG NUMBER": {
        "mean": 0.8207320593147066,
        "half_confidence_interval": 0.0347904449874496,
        "stdev": 0.1358866057227674,
        "confidence": 95
    },
    "QUEUE3 AVG WAIT": {
        "mean": 0.0,
        "half_confidence_interval": 0.0,
        "stdev": 0.0,
        "confidence": 95
    },
    "QUEUE3 AVG DELAY": {
        "mean": 0.0,
        "half_confidence_interval": 0.0,
        "stdev": 0.0,
        "confidence": 95
    },
    "QUEUE3 AVG NUMBER": {
        "mean": 0.0,
        "half_confidence_interval": 0.0,
        "stdev": 0.0,
        "confidence": 95
    },
    "QUEUE4 AVG WAIT": {
        "mean": 0.0,
        "half_confidence_interval": 0.0,
        "stdev": 0.0,
        "confidence": 95
    },
    "QUEUE4 AVG DELAY": {
        "mean": 0.0,
        "half_confidence_interval": 0.0,
        "stdev": 0.0,
        "confidence": 95
    },
    "QUEUE4 AVG NUMBER": {
        "mean": 0.0,
        "half_confidence_interval": 0.0,
        "stdev": 0.0,
        "confidence": 95
    },
    "QUEUE5 AVG WAIT": {
        "mean": 0.0,
        "half_confidence_interval": 0.0,
        "stdev": 0.0,
        "confidence": 95
    },
    "QUEUE5 AVG DELAY": {
        "mean": 0.0,
        "half_confidence_interval": 0.0,
        "stdev": 0.0,
        "confidence": 95
    },
    "QUEUE5 AVG NUMBER": {
        "mean": 0.0,
        "half_confidence_interval": 0.0,
        "stdev": 0.0,
        "confidence": 95
    },
    "QUEUE6 AVG WAIT": {
        "mean": 0.0,
        "half_confidence_interval": 0.0,
        "stdev": 0.0,
        "confidence": 95
    },
    "QUEUE6 AVG DELAY": {
        "mean": 0.0,
        "half_confidence_interval": 0.0,
        "stdev": 0.0,
        "confidence": 95
    },
    "QUEUE6 AVG NUMBER": {
        "mean": 0.0,
        "half_confidence_interval": 0.0,
        "stdev": 0.0,
        "confidence": 95
    },
    "UTILIZATION1": {
        "mean": 0.7389867574594778,
        "half_confidence_interval": 0.004364460844501352,
        "stdev": 0.017046972816333855,
        "confidence": 95
    },
    "UTILIZATION2": {
        "mean": 0.7393658408598648,
        "half_confidence_interval": 0.004696166399130014,
        "stdev": 0.018342568257384898,
        "confidence": 95
    },
    "UTILIZATION3": {
        "mean": 0.0,
        "half_confidence_interval": 0.0,
        "stdev": 0.0,
        "confidence": 95
    },
    "UTILIZATION4": {
        "mean": 0.0,
        "half_confidence_interval": 0.0,
        "stdev": 0.0,
        "confidence": 95
    },
    "UTILIZATION5": {
        "mean": 0.0,
        "half_confidence_interval": 0.0,
        "stdev": 0.0,
        "confidence": 95
    },
    "UTILIZATION6": {
        "mean": 0.0,
        "half_confidence_interval": 0.0,
        "stdev": 0.0,
        "confidence": 95
    }
}