{
    "interarrival": 2.5,
    "servers": 3,
    "seed": 1240467334,
    "GLOBAL AVG WAIT": {
        "mean": 5.879416383173042,
        "half_confidence_interval": 0.06830617227856882,
        "stdev": 0.2667943426477494,
        "confidence": 95
    },
    "GLOBAL AVG DELAY": {
        "mean": 1.4475535688680545,
        "half_confidence_interval": 0.053927541443252965,
        "stdev": 0.21063342433076235,
        "confidence": 95
    },
    "GLOBAL AVG NUMBER": {
        "mean": 2.3437228903182934,
        "half_confidence_interval": 0.03367288892724319,
        "stdev": 0.13152158826521146,
        "confidence": 95
    },
    "QUEUE1 AVG WAIT": {
        "mean": 5.810628136483329,
        "half_confidence_interval": 0.07515003747107663,
        "stdev": 0.29352552160707485,
        "confidence": 95
    },
    "QUEUE1 AVG DELAY": {
        "mean": 1.3773422220505418,
        "half_confidence_interval": 0.05509590298571244,
        "stdev": 0.21519688088669625,
        "confidence": 95
    },
    "QUEUE1 AVG NUMBER": {
        "mean": 0.17877966809566356,
        "half_confidence_interval": 0.0076690452522585086,
        "stdev": 0.029954216706329875,
        "confidence": 95
    },
    "QUEUE2 AVG WAIT": {
        "mean": 5.976412465579392,
        "half_confidence_interval": 0.08164180658319266,
        "stdev": 0.3188814625874095,
        "confidence": 95
    },
    "QUEUE2 AVG DELAY": {
        "mean": 1.5602491597499704,
        "half_confidence_interval": 0.05846153318033859,
        "stdev": 0.22834256107074644,
        "confidence": 95
    },
    "QUEUE2 AVG NUMBER": {
        "mean": 0.21869374637949457,
        "half_confidence_interval": 0.008757742166030286,
        "stdev": 0.034206514379632624,
        "confidence": 95
    },
    "QUEUE3 AVG WAIT": {
        "mean": 5.850764622717168,
        "half_confidence_interval": 0.07868281170369303,
        "stdev": 0.30732404299500976,
        "confidence": 95
    },
    "QUEUE3 AVG DELAY": {
        "mean": 1.3976818608332595,
        "half_confidence_interval": 0.05554093214156225,
        "stdev": 0.2169351024431585,
        "confidence": 95
    },
    "QUEUE3 AVG NUMBER": {
        "mean": 0.1801342456483135,
        "half_confidence_interval": 0.007394841577478807,
        "stdev": 0.028883215554836562,
        "confidence": 95
    },
    "QUEUE4 AVG WAIT": {
        "mean": 0.0,
        "half_confidence_interval": 0.0,
        "stdev": 0.0,
        "confidence": 95
    },
    "QUEUE4 AVG DELAY": {
        "mean": 0.0,
        "half_confidence_interval": 0.0,
        "stdev": 0.0,
        "confidence": 95
    },
    "QUEUE4 AVG NUMBER": {
        "mean": 0.0,
        "half_confidence_interval": 0.0,
        "stdev": 0.0,
        "confidence": 95
    },
    "QUEUE5 AVG WAIT": {
        "mean": 0.0,
        "half_confidence_interval": 0.0,
        "stdev": 0.0,
        "confidence": 95
    },
    "QUEUE5 AVG DELAY": {
        "mean": 0.0,
        "half_confidence_interval": 0.0,
        "stdev": 0.0,
        "confidence": 95
    },
    "QUEUE5 AVG NUMBER": {
        "mean": 0.0,
        "half_confidence_interval": 0.0,
        "stdev": 0.0,
        "confidence": 95
    },
    "QUEUE6 AVG WAIT": {
        "mean": 0.0,
        "half_confidence_interval": 0.0,
        "stdev": 0.0,
        "confidence": 95
    },
    "QUEUE6 AVG DELAY": {
        "mean": 0.0,
        "half_confidence_interval": 0.0,
        "stdev": 0.0,
        "confidence": 95
    },
    "QUEUE6 AVG NUMBER": {
        "mean": 0.0,
        "half_confidence_interval": 0.0,
        "stdev": 0.0,
        "confidence": 95
    },
    "UTILIZATION1": {
        "mean": 0.5745702662096059,
        "half_confidence_interval": 0.00476733481168436,
        "stdev": 0.018620542109693383,
        "confidence": 95
    },
    "UTILIZATION2": {
        "mean": 0.6180154538152483,
        "half_confidence_interval": 0.004571771003869023,
        "stdev": 0.017856697265057665,
        "confidence": 95
    },
    "UTILIZATION3": {
        "mean": 0.573508275536662,
        "half_confidence_interval": 0.00479417324824086,
        "stdev": 0.018725369284162817,
        "confidence": 95
    },
    "UTILIZATION4": {
        "mean": 0.0,
        "half_confidence_interval": 0.0,
        "stdev": 0.0,
        "confidence": 95
    },
    "UTILIZATION5": {
        "mean": 0.0,
        "half_confidence_interval": 0.0,
        "stdev": 0.0,
        "confidence": 95
    },
    "UTILIZATION6": {
        "mean": 0.0,
        "half_confidence_interval": 0.0,
        "stdev": 0.0,
        "confidence": 95
    }
}