{
    "seed": 1433434029,
    "arrival_stream": 0,
    "service_stream": 1,
    "observation_period": 40000.0,
    "interarrivals": 5.0,
    "batch_size": 0,
    "k": 0,
    "servers": 2,
    "acquisition_time": [
        49.26218368738068,
        58.686777286213534,
        65.1156240641673,
        77.95420620680221,
        85.29385917220222,
        104.19854123547077,
        118.79400303250439,
        134.07906538763194,
        143.09156922539762,
        194.21925496035158,
        215.88053407662198,
        333.0819555200314,
        420.11637435738146,
        510.2067393121239,
        632.7567737522434,
        712.0682987607287,
        844.4947747166453,
        1031.607165765525,
        1265.3910778239308,
        1500.8815410380344,
        1918.387478244814,
        2215.285221770261,
        2621.4396846747486,
        3111.9910116862434,
        3729.323268738509,
        4485.716160979343,
        5331.857100866663,
        6643.606886485641,
        8049.079549733521,
        9473.631416492943,
        11454.74505483955,
        13676.797106672706,
        16490.84823011171,
        19531.754367733058,
        23587.15438828539,
        28475.296106231097,
        34007.043128884274
    ],
    "avg_utilization1": [
        0.5989363456865227,
        0.7518711340307211,
        0.6776391138831973,
        0.6176582906943395,
        0.5645079519841869,
        0.5681254811739245,
        0.5940577458586205,
        0.6404144466872883,
        0.6337881777207484,
        0.6149869975799853,
        0.6340892359882214,
        0.501937745355408,
        0.5296586107101751,
        0.4985381137464442,
        0.48037327526280893,
        0.49778254534504773,
        0.49100692055079503,
        0.4809170768988017,
        0.47532501302570296,
        0.4729400475468865,
        0.43263130586559917,
        0.44750376272904474,
        0.45902139281920934,
        0.45990405484515057,
        0.4637035285349671,
        0.45536566363750675,
        0.459671035399598,
        0.4392803626781217,
        0.43491421244613143,
        0.4452027500214971,
        0.43635033974877,
        0.44325701935654205,
        0.4364846021673739,
        0.44488404248593083,
        0.44495306021757053,
        0.44114125643540775,
        0.44142280509660675
    ],
    "avg_utilization2": [
        0.4834722894884228,
        0.4576377108133113,
        0.44446390020558313,
        0.44551327854439887,
        0.4413399907399796,
        0.4175574992743774,
        0.5552831361864958,
        0.5516289419645839,
        0.5686658412722143,
        0.5364862578412747,
        0.5990033371029521,
        0.46957944214954883,
        0.5352277164593583,
        0.4977572017057444,
        0.47396100223833254,
        0.5064851304190063,
        0.4898713522863802,
        0.4726541016179585,
        0.4780415541572028,
        0.46848600589186046,
        0.43332251413838996,
        0.45503503789778943,
        0.4608615448782775,
        0.46415125069184826,
        0.4602277755467563,
        0.45792461940313256,
        0.4457004153840409,
        0.43422251569840314,
        0.43583177676031704,
        0.4438549102100125,
        0.4470228156820305,
        0.4427619607953311,
        0.43662996992899195,
        0.44583621839110504,
        0.4453584482379693,
        0.440849989742571,
        0.4451133336396876
    ],
    "avg_utilization3": [],
    "avg_utilization4": [],
    "avg_utilization5": [],
    "avg_utilization6": [],
    "global": {
        "avg_wait": [
            5.173182323690686,
            4.779164638433916,
            4.797754700581455,
            4.822397094093844,
            4.2981222688928655,
            4.09474670503896,
            4.975263304590751,
            6.510093476183322,
            6.021040216278043,
            6.505307430254682,
            6.165526084620838,
            6.2655350007368265,
            6.991368589285358,
            6.685992112891727,
            6.5877943590477805,
            6.964842364273651,
            6.623822732752033,
            6.284779075559563,
            6.234193819600251,
            6.041239006710913,
            5.817516789146433,
            6.1435156393669255,
            6.061301291220364,
            6.059656736931081,
            5.932524104105836,
            5.811943882287148,
            5.740995328943285,
            5.637253704848625,
            5.683813837048749,
            5.711277775566569,
            5.646505634409702,
            5.582607977385135,
            5.488734866093305,
            5.644382229202635,
            5.650837128018078,
            5.61085066352364,
            5.603753329154417
        ],
        "avg_delay": [
            0.0,
            0.014149383541077755,
            0.012128043035209504,
            0.009987800146643121,
            0.008489630124646652,
            0.007074691770538877,
            0.6398976122521006,
            1.9131602471222648,
            1.8244296675197724,
            2.0642804773042176,
            1.8888805728343987,
            1.7078611326315865,
            1.8675270211496633,
            1.7571729087937307,
            1.680665217297293,
            2.133037125208106,
            1.9548724756937155,
            1.666418226614186,
            1.5217658976905775,
            1.4562258768836498,
            1.3032913406847033,
            1.6200295146997692,
            1.5143449532428535,
            1.5569573977823625,
            1.4166151774637892,
            1.3507715927930675,
            1.3495549476052884,
            1.2375495819166358,
            1.2563320084106553,
            1.275993635996831,
            1.2066527740834667,
            1.1531209657297543,
            1.100532498098877,
            1.228189872445368,
            1.206737617490394,
            1.1814041206626837,
            1.1729032421722323
        ],
        "avg_number": [
            1.0501325634527001,
            0.9772214170410654,
            1.0315276367765442,
            1.0516526892995517,
            1.007838620648003,
            0.9431410435857533,
            1.2145616121181906,
            1.6508407002264995,
            1.7252075031656273,
            1.6747328764037046,
            1.6850339959948348,
            1.3355661502520555,
            1.4311693982369451,
            1.3497610567753697,
            1.280584799365815,
            1.4476092696536007,
            1.3883053617359475,
            1.2976431218377673,
            1.261233499893326,
            1.2357140282886925,
            1.1159612970183723,
            1.2257716911189633,
            1.225467708880503,
            1.2384167146420821,
            1.2137633466577717,
            1.1868206558599381,
            1.1833313885106036,
            1.1192019280702223,
            1.1178268581462893,
            1.1448320099216933,
            1.1234109776526984,
            1.1163748865367829,
            1.092032310549628,
            1.1380225657210028,
            1.1319807803160067,
            1.117232394827229,
            1.1211776780199467
        ]
    },