{
    "interarrival": 1.0,
    "servers": 4,
    "seed": 1478044465,
    "GLOBAL AVG WAIT": {
        "mean": 8065.641525170716,
        "half_confidence_interval": 1133.9283019834138,
        "stdev": 4428.965141006175,
        "confidence": 95
    },
    "GLOBAL AVG DELAY": {
        "mean": 8061.202682676172,
        "half_confidence_interval": 1133.927214141477,
        "stdev": 4428.960892047921,
        "confidence": 95
    },
    "GLOBAL AVG NUMBER": {
        "mean": 7266.652866223951,
        "half_confidence_interval": 1022.2730846406082,
        "stdev": 3992.8554993667804,
        "confidence": 95
    },
    "QUEUE1 AVG WAIT": {
        "mean": 8061.10563927378,
        "half_confidence_interval": 1137.294693433469,
        "stdev": 4442.113794547317,
        "confidence": 95
    },
    "QUEUE1 AVG DELAY": {
        "mean": 8056.671424026864,
        "half_confidence_interval": 1137.2907880306811,
        "stdev": 4442.09854059098,
        "confidence": 95
    },
    "QUEUE1 AVG NUMBER": {
        "mean": 1815.6091818836053,
        "half_confidence_interval": 255.56834480478597,
        "stdev": 998.2141624873211,
        "confidence": 95
    },
    "QUEUE2 AVG WAIT": {
        "mean": 8042.2017338627165,
        "half_confidence_interval": 1138.4883191788215,
        "stdev": 4446.775929541503,
        "confidence": 95
    },
    "QUEUE2 AVG DELAY": {
        "mean": 8037.782189130787,
        "half_confidence_interval": 1138.482629125249,
        "stdev": 4446.753704989141,
        "confidence": 95
    },
    "QUEUE2 AVG NUMBER": {
        "mean": 1815.7178395785365,
        "half_confidence_interval": 255.56810074880426,
        "stdev": 998.2132092388366,
        "confidence": 95
    },
    "QUEUE3 AVG WAIT": {
        "mean": 8075.5413313838635,
        "half_confidence_interval": 1129.5675758040177,
        "stdev": 4411.932755268703,
        "confidence": 95
    },
    "QUEUE3 AVG DELAY": {
        "mean": 8071.090604049273,
        "half_confidence_interval": 1129.568215613531,
        "stdev": 4411.935254275058,
        "confidence": 95
    },
    "QUEUE3 AVG NUMBER": {
        "mean": 1815.7183779848597,
        "half_confidence_interval": 255.56850094385732,
        "stdev": 998.2147723446666,
        "confidence": 95
    },
    "QUEUE4 AVG WAIT": {
        "mean": 8109.738804975462,
        "half_confidence_interval": 1140.7077605608583,
        "stdev": 4455.444756747203,
        "confidence": 95
    },
    "QUEUE4 AVG DELAY": {
        "mean": 8105.272811253903,
        "half_confidence_interval": 1140.7061776747946,
        "stdev": 4455.438574215922,
        "confidence": 95
    },
    "QUEUE4 AVG NUMBER": {
        "mean": 1815.6074667769506,
        "half_confidence_interval": 255.56813848155358,
        "stdev": 998.213356617671,
        "confidence": 95
    },
    "QUEUE5 AVG WAIT": {
        "mean": 0.0,
        "half_confidence_interval": 0.0,
        "stdev": 0.0,
        "confidence": 95
    },
    "QUEUE5 AVG DELAY": {
        "mean": 0.0,
        "half_confidence_interval": 0.0,
        "stdev": 0.0,
        "confidence": 95
    },
    "QUEUE5 AVG NUMBER": {
        "mean": 0.0,
        "half_confidence_interval": 0.0,
        "stdev": 0.0,
        "confidence": 95
    },
    "QUEUE6 AVG WAIT": {
        "mean": 0.0,
        "half_confidence_interval": 0.0,
        "stdev": 0.0,
        "confidence": 95
    },
    "QUEUE6 AVG DELAY": {
        "mean": 0.0,
        "half_confidence_interval": 0.0,
        "stdev": 0.0,
        "confidence": 95
    },
    "QUEUE6 AVG NUMBER": {
        "mean": 0.0,
        "half_confidence_interval": 0.0,
        "stdev": 0.0,
        "confidence": 95
    },
    "UTILIZATION1": {
        "mean": 1.0000681856007017,
        "half_confidence_interval": 0.000573499894897479,
        "stdev": 0.0022400102708687777,
        "confidence": 95
    },
    "UTILIZATION2": {
        "mean": 0.9999791756939671,
        "half_confidence_interval": 0.0005463888757197312,
        "stdev": 0.0021341184268559173,
        "confidence": 95
    },
    "UTILIZATION3": {
        "mean": 1.0000159199704612,
        "half_confidence_interval": 0.0004833619311907813,
        "stdev": 0.0018879440084428808,
        "confidence": 95
    },
    "UTILIZATION4": {
        "mean": 1.0000173598888757,
        "half_confidence_interval": 0.0003664916815435886,
        "stdev": 0.0014314651809872831,
        "confidence": 95
    },
    "UTILIZATION5": {
        "mean": 0.0,
        "half_confidence_interval": 0.0,
        "stdev": 0.0,
        "confidence": 95
    },
    "UTILIZATION6": {
        "mean": 0.0,
        "half_confidence_interval": 0.0,
        "stdev": 0.0,
        "confidence": 95
    }
}