{
    "seed": 367106259,
    "arrival_stream": 0,
    "service_stream": 1,
    "observation_period": 20000.0,
    "interarrivals": 2,
    "batch_size": 512,
    "k": 267,
    "servers": 3,
    "acquisition_time": [],
    "avg_utilization1": [
        0.7755128738509709,
        0.7178936716513448,
        0.7606321013367562,
        0.6849785060250936,
        0.7384004475004375,
        0.7377447739541186,
        0.8115546927410525,
        0.7301046947122383,
        0.7774473554998527,
        0.7368944159796231,
        0.7642416290206038,
        0.7243734167631508,
        0.7556208426041089,
        0.8053889089423355,
        0.7550421362693958,
        0.7603817032336818,
        0.7767965101978913,
        0.7865080807040457,
        0.7921429549501876,
        0.8732398300531033
    ],
    "avg_utilization2": [
        0.7761365731862333,
        0.6647559310934049,
        0.7441256031289604,
        0.6808067499243431,
        0.8036797517639632,
        0.7636686245098603,
        0.7663883292867523,
        0.7576731016996668,
        0.8107527813315278,
        0.7277029789373205,
        0.7344683750958491,
        0.7294586470268075,
        0.781545937913593,
        0.7948308643999821,
        0.7722517229553766,
        0.7395413193371817,
        0.7614539527158997,
        0.7686548920803964,
        0.7683569034783663,
        0.8864579072354251
    ],
    "avg_utilization3": [
        0.774366203446603,
        0.7045008935682298,
        0.7264079948629064,
        0.6809432679321674,
        0.7809589842534619,
        0.7417594138236328,
        0.7910433594515904,
        0.7398166853673281,
        0.8054725136407652,
        0.7558305916489766,
        0.7454694836948504,
        0.7719807563297991,
        0.7795929108817365,
        0.8168180951129042,
        0.7617441554825276,
        0.7299048196057706,
        0.7858767222184792,
        0.793959347997285,
        0.7756210989519563,
        0.875102134217151
    ],
    "avg_utilization4": [],
    "avg_utilization5": [],
    "avg_utilization6": [],
    "avg_utilization7": [],
    "avg_utilization8": [],
    "avg_utilization9": [],
    "global": {
        "avg_wait": [
            6.122769622921663,
            6.362778678129413,
            6.541886092275981,
            5.620878428936173,
            6.796508761292353,
            6.067223829705428,
            7.116347802512458,
            6.5024337203959135,
            7.159086476032744,
            6.131285410012431,
            6.504003366780175,
            6.758722096437534,
            6.559009306516984,
            7.0410314680037835,
            6.250715905834582,
            5.802247027022172,
            6.6906007987339535,
            7.376776940783117,
            6.358873967075127,
            8.65098230014896
        ],
        "avg_delay": [
            1.5519243199536756,
            1.970671921017396,
            1.9344991869739303,
            1.2633615027010299,
            2.3219583778231776,
            1.579795497377475,
            2.5451172487985314,
            2.128449700760724,
            2.6989701939175283,
            1.7697313479807875,
            2.1013146712941584,
            2.399417340804419,
            1.953723150750303,
            2.6054980738180653,
            1.9045627495874378,
            1.624615047904463,
            2.291809624477935,
            2.755231725833333,
            1.9176881920747562,
            3.8214141484898576
        ],
        "avg_number": [
            3.0863733921690244,
            1.5614314401843152,
            1.0651852053209554,
            0.6799658503472595,
            0.6665707552007918,
            0.49748816689450615,
            0.5035704921724515,
            0.40416647736646055,
            0.39888841174178497,
            0.30784180331879574,
            0.2972745627009175,
            0.2836287018041127,
            0.2539277579001485,
            0.2545394382198586,
            0.21149426405101704,
            0.1846435511024859,
            0.2007892932758371,
            0.20904418225733523,
            0.1709554605481436,
            0.2216586273011915
        ]
    },
    "q1": {
        "avg_wait": [
            2.1723656287536004,
            1.9504353153330918,
            1.761698973141113,
            1.7042844789282563,
            2.382002275505,
            2.070189785567127,
            2.344327190307262,
            2.021207211591798,
            2.2301056455615673,
            1.9258549799752283,
            2.414333980186359,
            2.14244447777242,
            1.9495604444618972,
            2.1980091130596806,
            2.0859553854397563,
            1.968720092151245,
            2.1131858356672133,
            2.2919558708939447,
            2.226314809583937,
            2.433333286103
        ],
        "avg_delay": [
            0.9478069712627722,
            0.7248429783822019,
            0.5333274889412732,
            0.4724525983095989,
            1.168612856685968,
            0.8500351564433202,
            1.123969267140492,
            0.7936109289436566,
            0.9889838567694146,
            0.731976259237468,
            1.1928415482703028,
            0.8975911005775625,
            0.7122913986914186,
            0.9580061327193656,
            0.8295950937155078,
            0.7546242374127651,
            0.8665666240409234,
            1.077999641705111,
            0.9896952110450378,
            1.2152693649892454
        ],
        "avg_number": [
            0.09238164253332709,
            0.032309707515425154,
            0.014247066182871991,
            0.010939494797842892,
            0.022385204881048025,
            0.013749314274044208,
            0.015534153190625745,
            0.009730684863075585,
            0.010977747180798176,
            0.007106214142536794,
            0.010755018508315364,
            0.007430457224295473,
            0.004739607107750373,
            0.007170063295296539,
            0.005427505112026406,
            0.004830987825567537,
            0.005434895622938304,
            0.005906841047976887,
            0.006028263910935995,
            0.0062641050144023125
        ]
    },
    "q2": {
        "avg_wait": [
            3.9455077693614333,
            3.8739244755978106,
            3.945809917208683,
            3.7340525008371515,
            3.9906972875396693,
            4.0328109237248855,
            4.399963069366355,
            4.233393979198832,
            4.1453619078876045,
            4.087864474970905,
            3.999032960445647,
            4.098616492091802,
            3.8686868891672175,
            3.789263987910049,
            3.9061827311076893,
            3.832583331944778,
            3.9835909563092398,
            3.870212637438993,
            3.847885398463256,
            4.819642498874318
        ],
        "avg_delay": [
            1.2854137448476197,
            1.2224715307586929,
            1.3186376603368484,
            1.0995558964697327,
            1.411978612731142,
            1.2328841911445598,
            1.682183632081333,
            1.5185569956499105,
            1.455017949528528,
            1.4605084916670865,
            1.3234841923802805,
            1.4315888581652436,
            1.2167727987733008,
            1.1133392599037613,
            1.3245932595288437,
            1.1400020701051283,
            1.299614006278866,
            1.2825665933457269,
            1.1669597431764949,
            2.23995412582849
        ],