{
    "GLOBAL AVG WAIT": {
        "mean": 6.535578337582241,
        "half_confidence_interval": 0.23303792929185094,
        "stdev": 0.4554142112425111,
        "confidence": 95
    },
    "GLOBAL AVG DELAY": {
        "mean": 2.098134197438636,
        "half_confidence_interval": 0.20399871338885317,
        "stdev": 0.3986643437606292,
        "confidence": 95
    },
    "GLOBAL AVG NUMBER": {
        "mean": 0.45285587857817666,
        "half_confidence_interval": 0.17874747573361355,
        "stdev": 0.3493171301349189,
        "confidence": 95
    },
    "QUEUE1 AVG WAIT": {
        "mean": 2.0989214369514944,
        "half_confidence_interval": 0.10020170480336896,
        "stdev": 0.19581911192246831,
        "confidence": 95
    },
    "QUEUE1 AVG DELAY": {
        "mean": 0.8703901321684105,
        "half_confidence_interval": 0.10060095710490385,
        "stdev": 0.19659935045506596,
        "confidence": 95
    },
    "QUEUE1 AVG NUMBER": {
        "mean": 0.010816845926853967,
        "half_confidence_interval": 0.003528668004580341,
        "stdev": 0.006895896993789657,
        "confidence": 95
    },
    "QUEUE2 AVG WAIT": {
        "mean": 3.979996328956143,
        "half_confidence_interval": 0.08314889067189694,
        "stdev": 0.16249366176614027,
        "confidence": 95
    },
    "QUEUE2 AVG DELAY": {
        "mean": 1.3167064301125269,
        "half_confidence_interval": 0.07685286792887706,
        "stdev": 0.15018966369942907,
        "confidence": 95
    },
    "QUEUE2 AVG NUMBER": {
        "mean": 0.04149884209628422,
        "half_confidence_interval": 0.016175214550654918,
        "stdev": 0.03161040178587998,
        "confidence": 95
    },
    "QUEUE3 AVG WAIT": {
        "mean": 12.236489159577944,
        "half_confidence_interval": 0.5326925025058545,
        "stdev": 1.0410139525385254,
        "confidence": 95
    },
    "QUEUE3 AVG DELAY": {
        "mean": 3.7650470771729387,
        "half_confidence_interval": 0.49046644352198493,
        "stdev": 0.9584937061371976,
        "confidence": 95
    },
    "QUEUE3 AVG NUMBER": {
        "mean": 0.08887503214991817,
        "half_confidence_interval": 0.035077208610610394,
        "stdev": 0.0685496105313564,
        "confidence": 95
    },
    "UTILIZATION1": {
        "mean": 0.7564526023381065,
        "half_confidence_interval": 0.016152779100622305,
        "stdev": 0.03156655732325743,
        "confidence": 95
    },
    "UTILIZATION2": {
        "mean": 0.7538953592599583,
        "half_confidence_interval": 0.01887397211123525,
        "stdev": 0.03688444687167896,
        "confidence": 95
    },
    "UTILIZATION3": {
        "mean": 0.7604278386013539,
        "half_confidence_interval": 0.017736624217804333,
        "stdev": 0.03466178554195831,
        "confidence": 95
    },
    "UTILIZATION4": {
        "mean": 0.0,
        "half_confidence_interval": 0.0,
        "stdev": 0.0,
        "confidence": 95
    },
    "UTILIZATION5": {
        "mean": 0.0,
        "half_confidence_interval": 0.0,
        "stdev": 0.0,
        "confidence": 95
    },
    "UTILIZATION6": {
        "mean": 0.0,
        "half_confidence_interval": 0.0,
        "stdev": 0.0,
        "confidence": 95
    }
}