{
    "seed": 1234,
    "arrival_stream": 0,
    "service_stream": 1,
    "observation_period": 20000.0,
    "interarrivals": 4,
    "batch_size": 200,
    "k": 15,
    "servers": 3,
    "acquisition_time": [],
    "avg_utilization1": [
        0.43062033595702565,
        0.25440310586659914,
        0.33333238923022224,
        0.3534900996672002,
        0.2474948419370883,
        0.28935136964510644,
        0.4141019262097472,
        0.2928698786741406,
        0.3066985645274073,
        0.36457428192375946,
        0.3369355012837411,
        0.33307899680897785,
        0.28825809694945853,
        0.3341737636373109,
        0.30510351137692376
    ],
    "avg_utilization2": [
        0.4670454361908923,
        0.3821140569225775,
        0.40242125197207046,
        0.3858892635621138,
        0.361897677820676,
        0.36817102899967924,
        0.45964450318033495,
        0.366898033554189,
        0.33363811102237456,
        0.44495574341629246,
        0.4722428071415611,
        0.4533246596443863,
        0.4260207253967931,
        0.37288392765263056,
        0.39552279111194893
    ],
    "avg_utilization3": [
        0.49480235275765583,
        0.27302900045874157,
        0.4240383947704384,
        0.27688671035777085,
        0.3125080551930149,
        0.31549123670764684,
        0.42901916967572823,
        0.2919215861752133,
        0.3426451085417382,
        0.38817178904899596,
        0.37532277031092764,
        0.35383434645263856,
        0.2860100638968108,
        0.3222221175598471,
        0.3365912642812262
    ],
    "avg_utilization4": [],
    "avg_utilization5": [],
    "avg_utilization6": [],
    "avg_utilization7": [],
    "avg_utilization8": [],
    "avg_utilization9": [],
    "global": {
        "avg_wait": [
            5.795770993743115,
            4.531526994135799,
            5.1931321413995475,
            4.511704674310681,
            4.6371353399020085,
            5.1127215069953715,
            5.809050392891904,
            4.645940397013114,
            4.787242386620719,
            5.181314364285172,
            4.774219794332603,
            4.925060761128716,
            4.314344728367687,
            4.727806207023932,
            4.6065066432394906
        ],
        "avg_delay": [
            0.6756108465781219,
            0.31278078924541775,
            0.49408866670329754,
            0.26217432225364523,
            0.3938896689417925,
            0.7181818118437195,
            0.9096260747333189,
            0.4257378210616343,
            0.173721244499352,
            0.5779731391750464,
            0.3989208095434242,
            0.30619032942390734,
            0.2228275933016721,
            0.3333067722275337,
            0.22305011642222783
        ],
        "avg_number": [
            1.5704383342849064,
            0.5454303866759018,
            0.41804664220992266,
            0.27289963641454756,
            0.21940359773732496,
            0.19922713627181837,
            0.19728475252596828,
            0.13729679894659053,
            0.12406535349188798,
            0.12220278332817268,
            0.10360961873988926,
            0.09818287429624716,
            0.07957766594602654,
            0.08081053447199649,
            0.07342237695042025
        ]
    },
    "c1": {
        "avg_wait": [
            5.269664755921514,
            4.994133116919833,
            4.254899522710109,
            5.198664663078019,
            4.650001803461407,
            4.910116993350606,
            5.863119005167626,
            4.489796547761728,
            4.423696239976108,
            5.462452318205162,
            4.017386892913512,
            4.191857032042641,
            3.7183067798602374,
            4.634294527409124,
            4.258361929667993
        ],
        "avg_delay": [
            0.5390642233265751,
            0.36978102614252256,
            0.24441145051656663,
            0.34370556396829,
            0.5816152350376212,
            0.7511797428312801,
            0.8107714058373565,
            0.4686375104487013,
            0.07700709681572715,
            0.7503497168950547,
            0.26044480405526527,
            0.007163334799462553,
            0.1776185543344995,
            0.3555705719344546,
            0.15642085002657533
        ],
        "avg_number": [
            0.04893222762348795,
            0.011349574023394274,
            0.006591157984634167,
            0.006340867746126336,
            0.00770526853315033,
            0.009220421544034414,
            0.008535883811398451,
            0.0044317352046804185,
            0.0006685604136876335,
            0.005220677832117238,
            0.001865208148017142,
            4.6411195950163966e-05,
            0.001081131756487675,
            0.0020360054209665043,
            0.0007853476231451017
        ]
    },
    "c2": {
        "avg_wait": [
            5.874063920457804,
            4.604903980392848,
            5.370066272152305,
            4.578442520715572,
            4.630804516093548,
            5.116815525752728,
            5.925689971081866,
            5.196069542650912,
            4.277461031182434,
            4.6633513687371195,
            5.263339038116076,
            5.438684059330701,
            4.75339154022638,
            5.100502415955816,
            4.8537624735810265
        ],
        "avg_delay": [
            0.8045006827522357,
            0.30134538112432996,
            0.7710536853941947,
            0.29184518820898736,
            0.4138123739963024,
            0.6204016398631432,
            1.1286933332445495,
            0.479420206631052,
            0.16938127995489322,
            0.4158840116363308,
            0.5669367022945743,
            0.46862528237898626,
            0.3439537977326381,
            0.3963490409084229,
            0.28295780480278965
        ],
        "avg_number": [
            0.07411651747379003,
            0.014871102051153984,
            0.022345109335129197,
            0.006531554491115362,
            0.007733828583866105,
            0.008944807867060454,
            0.013607949544690183,
            0.004958737937549939,
            0.0016900176489973526,
            0.003923497413240422,
            0.004552332380743033,
            0.0034099085249010897,
            0.002537677644242468,
            0.002303377081559309,
            0.0016236070057300792
        ]
    },
    "c3": {
        "avg_wait": [
            6.256158669396171,
            4.089589305552757,
            6.014809650219119,
            3.791040675098842,
            4.633744772541118,
            5.310517173210862,
            5.63541361658471,
            4.213882308489522,
            5.923148747226735,
            5.5886897800649225,
            5.0034889185606515,
            5.0889920776101665,
            4.392395833049098,
            4.4342975966673785,
            4.670055830476626
        ],
        "avg_delay": [
            0.6815203065475662,
            0.28338812333760954,
            0.44141476733881196,
            0.15188124801843514,
            0.2079431243160588,
            0.8000367812777883,
            0.7689576287221594,
            0.32720225877933856,
            0.295400265298034,
            0.623824157496633,
            0.34402481452064726,
            0.4284323146637161,
            0.09863685658604447,
            0.24440602067885406,
            0.22126996595339174
        ],