{
    "interarrival": 4,
    "servers": 3,
    "seed": 1234,
    "GLOBAL AVG WAIT": {
        "mean": 4.857784591415943,
        "half_confidence_interval": 0.23633965044063046,
        "stdev": 0.375757180087738,
        "confidence": 95
    },
    "GLOBAL AVG DELAY": {
        "mean": 0.42533992638105855,
        "half_confidence_interval": 0.12534335657884552,
        "stdev": 0.19928381091783925,
        "confidence": 95
    },
    "GLOBAL AVG NUMBER": {
        "mean": 0.19984906008125336,
        "half_confidence_interval": 0.0848670365561934,
        "stdev": 0.13493037786636214,
        "confidence": 95
    },
    "QUEUE1 AVG WAIT": {
        "mean": 4.677594264835086,
        "half_confidence_interval": 0.36259043993527484,
        "stdev": 0.5764837215542756,
        "confidence": 95
    },
    "QUEUE1 AVG DELAY": {
        "mean": 0.3998658472012924,
        "half_confidence_interval": 0.15703297534112748,
        "stdev": 0.24966723901367535,
        "confidence": 95
    },
    "QUEUE1 AVG NUMBER": {
        "mean": 0.00500714643189575,
        "half_confidence_interval": 0.002206016388466186,
        "stdev": 0.0035073526418945944,
        "confidence": 95
    },
    "QUEUE2 AVG WAIT": {
        "mean": 4.9938093678760245,
        "half_confidence_interval": 0.27491839869075446,
        "stdev": 0.4370936575969272,
        "confidence": 95
    },
    "QUEUE2 AVG DELAY": {
        "mean": 0.4898232248744928,
        "half_confidence_interval": 0.14899069123800582,
        "stdev": 0.23688078532120632,
        "confidence": 95
    },
    "QUEUE2 AVG NUMBER": {
        "mean": 0.0074930692695576095,
        "half_confidence_interval": 0.0036805308346980763,
        "stdev": 0.005851687963038305,
        "confidence": 95
    },
    "QUEUE3 AVG WAIT": {
        "mean": 4.932308496528914,
        "half_confidence_interval": 0.441620286208809,
        "stdev": 0.702133531576189,
        "confidence": 95
    },
    "QUEUE3 AVG DELAY": {
        "mean": 0.3858114123872408,
        "half_confidence_interval": 0.13428986155284534,
        "stdev": 0.2135078883183242,
        "confidence": 95
    },
    "QUEUE3 AVG NUMBER": {
        "mean": 0.004890375869747412,
        "half_confidence_interval": 0.002329080067836273,
        "stdev": 0.0037030119865924136,
        "confidence": 95
    },
    "UTILIZATION1": {
        "mean": 0.3191356012585199,
        "half_confidence_interval": 0.02769785417487114,
        "stdev": 0.04403690857554777,
        "confidence": 95
    },
    "UTILIZATION2": {
        "mean": 0.4023155223296676,
        "half_confidence_interval": 0.026726535083092157,
        "stdev": 0.042492605187556015,
        "confidence": 95
    },
    "UTILIZATION3": {
        "mean": 0.33777694993457785,
        "half_confidence_interval": 0.032192770326090844,
        "stdev": 0.051183390406100475,
        "confidence": 95
    },
    "UTILIZATION4": {
        "mean": 0.0,
        "half_confidence_interval": 0.0,
        "stdev": 0.0,
        "confidence": 95
    },
    "UTILIZATION5": {
        "mean": 0.0,
        "half_confidence_interval": 0.0,
        "stdev": 0.0,
        "confidence": 95
    },
    "UTILIZATION6": {
        "mean": 0.0,
        "half_confidence_interval": 0.0,
        "stdev": 0.0,
        "confidence": 95
    }
}