{
    "interarrival": 1.5,
    "servers": 4,
    "seed": 492613452,
    "GLOBAL AVG WAIT": {
        "mean": 6.795989665323521,
        "half_confidence_interval": 0.13694077987980605,
        "stdev": 0.5348715076685089,
        "confidence": 95
    },
    "GLOBAL AVG DELAY": {
        "mean": 2.3556567628198533,
        "half_confidence_interval": 0.12851448024743506,
        "stdev": 0.501959561406857,
        "confidence": 95
    },
    "GLOBAL AVG NUMBER": {
        "mean": 4.546549089870242,
        "half_confidence_interval": 0.1053413879874652,
        "stdev": 0.4114487084285814,
        "confidence": 95
    },
    "QUEUE1 AVG WAIT": {
        "mean": 6.67912701946215,
        "half_confidence_interval": 0.14881634240983604,
        "stdev": 0.5812557917395059,
        "confidence": 95
    },
    "QUEUE1 AVG DELAY": {
        "mean": 2.232284397003553,
        "half_confidence_interval": 0.12789513227522953,
        "stdev": 0.49954047496704146,
        "confidence": 95
    },
    "QUEUE1 AVG NUMBER": {
        "mean": 0.363810690077151,
        "half_confidence_interval": 0.021725404236146932,
        "stdev": 0.08485638630578081,
        "confidence": 95
    },
    "QUEUE2 AVG WAIT": {
        "mean": 6.927187575561132,
        "half_confidence_interval": 0.15454652540246408,
        "stdev": 0.6036370839971774,
        "confidence": 95
    },
    "QUEUE2 AVG DELAY": {
        "mean": 2.4891937850243657,
        "half_confidence_interval": 0.13678065012598925,
        "stdev": 0.5342460632762559,
        "confidence": 95
    },
    "QUEUE2 AVG NUMBER": {
        "mean": 0.4274144847131298,
        "half_confidence_interval": 0.024114606563979624,
        "stdev": 0.0941882759907572,
        "confidence": 95
    },
    "QUEUE3 AVG WAIT": {
        "mean": 6.919775799794136,
        "half_confidence_interval": 0.15005106019119158,
        "stdev": 0.5860784264713835,
        "confidence": 95
    },
    "QUEUE3 AVG DELAY": {
        "mean": 2.4693026252605885,
        "half_confidence_interval": 0.13164404753799883,
        "stdev": 0.5141832129482248,
        "confidence": 95
    },
    "QUEUE3 AVG NUMBER": {
        "mean": 0.42171923322278854,
        "half_confidence_interval": 0.023260564627382286,
        "stdev": 0.0908525077948926,
        "confidence": 95
    },
    "QUEUE4 AVG WAIT": {
        "mean": 6.668675263822408,
        "half_confidence_interval": 0.149465363902947,
        "stdev": 0.5837907787962046,
        "confidence": 95
    },
    "QUEUE4 AVG DELAY": {
        "mean": 2.2297811363212134,
        "half_confidence_interval": 0.13426551291443956,
        "stdev": 0.5244222895726482,
        "confidence": 95
    },
    "QUEUE4 AVG NUMBER": {
        "mean": 0.36517537471849715,
        "half_confidence_interval": 0.022736454140178997,
        "stdev": 0.08880540563349591,
        "confidence": 95
    },
    "QUEUE5 AVG WAIT": {
        "mean": 0.0,
        "half_confidence_interval": 0.0,
        "stdev": 0.0,
        "confidence": 95
    },
    "QUEUE5 AVG DELAY": {
        "mean": 0.0,
        "half_confidence_interval": 0.0,
        "stdev": 0.0,
        "confidence": 95
    },
    "QUEUE5 AVG NUMBER": {
        "mean": 0.0,
        "half_confidence_interval": 0.0,
        "stdev": 0.0,
        "confidence": 95
    },
    "QUEUE6 AVG WAIT": {
        "mean": 0.0,
        "half_confidence_interval": 0.0,
        "stdev": 0.0,
        "confidence": 95
    },
    "QUEUE6 AVG DELAY": {
        "mean": 0.0,
        "half_confidence_interval": 0.0,
        "stdev": 0.0,
        "confidence": 95
    },
    "QUEUE6 AVG NUMBER": {
        "mean": 0.0,
        "half_confidence_interval": 0.0,
        "stdev": 0.0,
        "confidence": 95
    },
    "UTILIZATION1": {
        "mean": 0.7235164140968193,
        "half_confidence_interval": 0.0057771340332738105,
        "stdev": 0.022564676446945566,
        "confidence": 95
    },
    "UTILIZATION2": {
        "mean": 0.761004545372523,
        "half_confidence_interval": 0.004984334736433961,
        "stdev": 0.019468113424948377,
        "confidence": 95
    },
    "UTILIZATION3": {
        "mean": 0.7587248971792169,
        "half_confidence_interval": 0.0055420226243991025,
        "stdev": 0.021646364211209374,
        "confidence": 95
    },
    "UTILIZATION4": {
        "mean": 0.7252051642976649,
        "half_confidence_interval": 0.006163465567734572,
        "stdev": 0.02407363331485798,
        "confidence": 95
    },
    "UTILIZATION5": {
        "mean": 0.0,
        "half_confidence_interval": 0.0,
        "stdev": 0.0,
        "confidence": 95
    },
    "UTILIZATION6": {
        "mean": 0.0,
        "half_confidence_interval": 0.0,
        "stdev": 0.0,
        "confidence": 95
    }
}