{
    "interarrival": 2.5,
    "servers": 2,
    "seed": 536057892,
    "GLOBAL AVG WAIT": {
        "mean": 17.56849237131717,
        "half_confidence_interval": 0.9703557632725396,
        "stdev": 3.790073713118575,
        "confidence": 95
    },
    "GLOBAL AVG DELAY": {
        "mean": 13.137890766668336,
        "half_confidence_interval": 0.9639268589057842,
        "stdev": 3.764963313029418,
        "confidence": 95
    },
    "GLOBAL AVG NUMBER": {
        "mean": 6.997209600757614,
        "half_confidence_interval": 0.3944541931063739,
        "stdev": 1.5406828350046795,
        "confidence": 95
    },
    "QUEUE1 AVG WAIT": {
        "mean": 17.563203834003872,
        "half_confidence_interval": 0.9973658419212593,
        "stdev": 3.8955712975617622,
        "confidence": 95
    },
    "QUEUE1 AVG DELAY": {
        "mean": 13.139553371865839,
        "half_confidence_interval": 0.9857280441458115,
        "stdev": 3.850115689323234,
        "confidence": 95
    },
    "QUEUE1 AVG NUMBER": {
        "mean": 2.6180235979701143,
        "half_confidence_interval": 0.1959147884420106,
        "stdev": 0.7652157258086997,
        "confidence": 95
    },
    "QUEUE2 AVG WAIT": {
        "mean": 17.58488375101283,
        "half_confidence_interval": 0.9524222541696574,
        "stdev": 3.7200279381488066,
        "confidence": 95
    },
    "QUEUE2 AVG DELAY": {
        "mean": 13.144814790224917,
        "half_confidence_interval": 0.948099404250891,
        "stdev": 3.703143491780787,
        "confidence": 95
    },
    "QUEUE2 AVG NUMBER": {
        "mean": 2.6161283297635562,
        "half_confidence_interval": 0.19395381765557615,
        "stdev": 0.757556448550642,
        "confidence": 95
    },
    "QUEUE3 AVG WAIT": {
        "mean": 0.0,
        "half_confidence_interval": 0.0,
        "stdev": 0.0,
        "confidence": 95
    },
    "QUEUE3 AVG DELAY": {
        "mean": 0.0,
        "half_confidence_interval": 0.0,
        "stdev": 0.0,
        "confidence": 95
    },
    "QUEUE3 AVG NUMBER": {
        "mean": 0.0,
        "half_confidence_interval": 0.0,
        "stdev": 0.0,
        "confidence": 95
    },
    "QUEUE4 AVG WAIT": {
        "mean": 0.0,
        "half_confidence_interval": 0.0,
        "stdev": 0.0,
        "confidence": 95
    },
    "QUEUE4 AVG DELAY": {
        "mean": 0.0,
        "half_confidence_interval": 0.0,
        "stdev": 0.0,
        "confidence": 95
    },
    "QUEUE4 AVG NUMBER": {
        "mean": 0.0,
        "half_confidence_interval": 0.0,
        "stdev": 0.0,
        "confidence": 95
    },
    "QUEUE5 AVG WAIT": {
        "mean": 0.0,
        "half_confidence_interval": 0.0,
        "stdev": 0.0,
        "confidence": 95
    },
    "QUEUE5 AVG DELAY": {
        "mean": 0.0,
        "half_confidence_interval": 0.0,
        "stdev": 0.0,
        "confidence": 95
    },
    "QUEUE5 AVG NUMBER": {
        "mean": 0.0,
        "half_confidence_interval": 0.0,
        "stdev": 0.0,
        "confidence": 95
    },
    "QUEUE6 AVG WAIT": {
        "mean": 0.0,
        "half_confidence_interval": 0.0,
        "stdev": 0.0,
        "confidence": 95
    },
    "QUEUE6 AVG DELAY": {
        "mean": 0.0,
        "half_confidence_interval": 0.0,
        "stdev": 0.0,
        "confidence": 95
    },
    "QUEUE6 AVG NUMBER": {
        "mean": 0.0,
        "half_confidence_interval": 0.0,
        "stdev": 0.0,
        "confidence": 95
    },
    "UTILIZATION1": {
        "mean": 0.8812072111296116,
        "half_confidence_interval": 0.0046842016027331115,
        "stdev": 0.018295835438327093,
        "confidence": 95
    },
    "UTILIZATION2": {
        "mean": 0.8818540252217577,
        "half_confidence_interval": 0.004916387992120562,
        "stdev": 0.019202722957594735,
        "confidence": 95
    },
    "UTILIZATION3": {
        "mean": 0.0,
        "half_confidence_interval": 0.0,
        "stdev": 0.0,
        "confidence": 95
    },
    "UTILIZATION4": {
        "mean": 0.0,
        "half_confidence_interval": 0.0,
        "stdev": 0.0,
        "confidence": 95
    },
    "UTILIZATION5": {
        "mean": 0.0,
        "half_confidence_interval": 0.0,
        "stdev": 0.0,
        "confidence": 95
    },
    "UTILIZATION6": {
        "mean": 0.0,
        "half_confidence_interval": 0.0,
        "stdev": 0.0,
        "confidence": 95
    }
}