{
    "seed": 1033646670,
    "arrival_stream": 0,
    "service_stream": 1,
    "observation_period": 40000.0,
    "interarrivals": 5.0,
    "batch_size": 0,
    "k": 0,
    "servers": 2,
    "acquisition_time": [
        64.77428810228919,
        78.61212373518366,
        87.49900562139939,
        94.46802186294005,
        118.39643430996036,
        135.86378293765566,
        142.84304545808095,
        170.99269294246304,
        188.46250845540766,
        210.3705129064318,
        230.46642383470754,
        265.2474433857435,
        345.75399533080844,
        410.5745838586751,
        522.7563642859257,
        633.4468432785447,
        807.7264014059257,
        1016.425689864921,
        1217.1389794745667,
        1451.4370272033766,
        1762.4716562790852,
        2115.5116056205034,
        2504.8419984467187,
        3122.401125021644,
        3736.114751644296,
        4650.836744945241,
        5615.761755397418,
        6632.910872849152,
        8008.682932685353,
        9560.57076250898,
        11259.762194754252,
        13534.59353731026,
        16213.410151384647,
        19451.1074989849,
        23491.94097819112,
        28386.767135949252,
        33838.029422937965
    ],
    "avg_utilization1": [
        0.36228586118791084,
        0.44580226222993335,
        0.45593159291697255,
        0.4703473250784631,
        0.4376075557496276,
        0.49351375976424033,
        0.5235036900311621,
        0.481212263705464,
        0.5913633446844426,
        0.5829057929628589,
        0.6124773876725105,
        0.6327707124137975,
        0.5947501876635005,
        0.5771921534870792,
        0.5554146046514745,
        0.5563095830920325,
        0.5104996623961308,
        0.5175479958454895,
        0.5383157807452887,
        0.5348880703717677,
        0.5308915761241957,
        0.5151369914457558,
        0.5084662598239926,
        0.4931028739838695,
        0.4999255719005651,
        0.47236934377321654,
        0.45980055540920123,
        0.4642083109045475,
        0.4573088309087987,
        0.45606824939731383,
        0.46443327032684445,
        0.4625484540638643,
        0.46217039313220726,
        0.4568322117514746,
        0.45330191031741307,
        0.4489615821855082,
        0.45260373621042305
    ],
    "avg_utilization2": [
        0.563449523100211,
        0.5976651235977588,
        0.6465499857440946,
        0.6278845382244813,
        0.6148662768699343,
        0.6836960567632907,
        0.6605308650672227,
        0.609947916459927,
        0.6567466493261896,
        0.7138611561456534,
        0.7067740467772596,
        0.7180723452898589,
        0.6430476690147873,
        0.6068980953027592,
        0.5961373364945741,
        0.5758777751252621,
        0.529001040811588,
        0.5053950522993188,
        0.5201731794727218,
        0.5195661877244185,
        0.49008097179482,
        0.4775321284876495,
        0.4706280168821782,
        0.46412704729210913,
        0.47037627118493525,
        0.4413145431900221,
        0.4312933644179756,
        0.4286085714401147,
        0.432074868626799,
        0.43755974043789486,
        0.4490363860724938,
        0.44824205187881255,
        0.44638761190976295,
        0.44357597408378857,
        0.4379643337747767,
        0.43346869633620916,
        0.4388159674427955
    ],
    "avg_utilization3": [],
    "avg_utilization4": [],
    "avg_utilization5": [],
    "avg_utilization6": [],
    "global": {
        "avg_wait": [
            6.059937872560189,
            6.869034544692902,
            7.154452330633015,
            6.672525286923598,
            6.678144568807343,
            8.057798485264932,
            7.5084336455027,
            7.0137393928423375,
            8.6587193281372,
            11.401511953075586,
            11.704936882017124,
            10.584808043227056,
            9.635533253384974,
            8.751422877711512,
            8.946802801805969,
            8.60627073944064,
            7.959814426801204,
            7.645903583192631,
            7.7247072271448785,
            7.418674097851825,
            7.034711293633203,
            6.807366407824762,
            6.432334937399483,
            6.386409690541026,
            6.509851889957857,
            6.205058761418978,
            5.980668999224855,
            5.966954871512901,
            5.965963332736555,
            5.952001182145238,
            6.048299302580107,
            5.998652066603885,
            5.97342999419831,
            5.916240048580465,
            5.856926087716299,
            5.792456721271023,
            5.764445237230148
        ],
        "avg_delay": [
            0.06355282372396828,
            0.4264585381660713,
            0.8103427655141269,
            0.8078045414335314,
            0.7472471906815542,
            1.7802860145896158,
            1.831922461466211,
            1.562522099485886,
            3.307540344293882,
            6.137225008283098,
            6.562459439709055,
            5.538221177434446,
            4.669517829508979,
            4.041360468742431,
            4.117820140394797,
            3.760456495774291,
            3.2161298942537524,
            2.784059166664044,
            2.699063717320704,
            2.4501366818093144,
            2.1625977153830953,
            2.062227243220131,
            1.8050208529986707,
            1.692761685768426,
            1.7611410724194116,
            1.5752335738396432,
            1.4272830525163536,
            1.477208998603725,
            1.4736333849679166,
            1.4530050619882173,
            1.53677560079598,
            1.4914567117317463,
            1.4836940654969237,
            1.4688209486191508,
            1.425693494686084,
            1.3745832062610046,
            1.3311874241195918
        ],
        "avg_number": [
            0.9355468118755016,
            1.0485458300806998,
            1.1447253819346923,
            1.2007547913120968,
            1.128098934352034,
            1.4233901004736391,
            1.5243624568581333,
            1.394604267896294,
            1.883703530018672,
            2.709864561234095,
            2.9964940859858538,
            2.8332841269885494,
            2.3966631506261304,
            2.1954514279299806,
            2.1051044421531535,
            2.0107891971562326,
            1.7442628482757394,
            1.6022592497012367,
            1.624732330076864,
            1.5691572595669907,
            1.4688314259319297,
            1.422282886212772,
            1.3610189860022195,
            1.3008439340592208,
            1.3294605016753884,
            1.2221099421813193,
            1.1704120503030446,
            1.186570063490812,
            1.1792350920996324,
            1.1822359277143828,
            1.224188741481756,
            1.2121762915845984,
            1.208803307137141,
            1.1977802967016524,
            1.178019976729501,
            1.1569908419762864,
            1.159088932274726
        ]
    },