{
    "seed": 2100597286,
    "arrival_stream": 0,
    "service_stream": 1,
    "observation_period": 20000.0,
    "interarrivals": 4,
    "batch_size": 200,
    "k": 15,
    "servers": 3,
    "acquisition_time": [],
    "avg_utilization1": [
        0.3738543938135666,
        0.31868779781023066,
        0.365886059059906,
        0.3645022772509893,
        0.36380987553243194,
        0.36228397528616607,
        0.29238560422401416,
        0.3172913972344979,
        0.4139258556003941,
        0.4068813291067363,
        0.26846620618814065,
        0.36757761431309527,
        0.3241495924135393,
        0.35404142227132235,
        0.3330870599326483
    ],
    "avg_utilization2": [
        0.44108463467434594,
        0.410557484063833,
        0.46304451212921666,
        0.3711704938095296,
        0.4244951832249473,
        0.43372014965727174,
        0.4079281797285252,
        0.36593360891021615,
        0.37166018681657775,
        0.44153575095864595,
        0.3399151403178004,
        0.35980655976759573,
        0.43792730213357833,
        0.4791519423577078,
        0.46232622007328805
    ],
    "avg_utilization3": [
        0.4073534475922461,
        0.3287450223504101,
        0.3900144728057055,
        0.3247227589015902,
        0.3144568436289256,
        0.3241930478369352,
        0.3970597925905483,
        0.3766519430377492,
        0.3246337147545372,
        0.36801445895721646,
        0.3440561113334823,
        0.2927247583379184,
        0.30524483850881673,
        0.4120699487880601,
        0.4041426834997964
    ],
    "avg_utilization4": [],
    "avg_utilization5": [],
    "avg_utilization6": [],
    "avg_utilization7": [],
    "avg_utilization8": [],
    "avg_utilization9": [],
    "global": {
        "avg_wait": [
            5.140532467419364,
            4.958214559723955,
            5.35768358588473,
            4.556420778714252,
            5.107955758788933,
            4.6012503680025,
            4.6846942140096965,
            4.818754642581194,
            4.87531887244133,
            5.2741898549176085,
            4.381580804363803,
            4.57219463103901,
            4.604070332164383,
            5.634582154235268,
            5.258016795328431
        ],
        "avg_delay": [
            0.6368342983651912,
            0.30835968870808245,
            0.7981652776284921,
            0.34045197244731296,
            0.528226935921598,
            0.38309722541784824,
            0.26057299233538744,
            0.34582475553460423,
            0.3264536298727217,
            0.48495899786367314,
            0.29509967990854874,
            0.21536885228938446,
            0.29005470274270917,
            0.8196390406469255,
            0.4634304245170369
        ],
        "avg_number": [
            1.3951277199581973,
            0.613669251256932,
            0.4529112639617845,
            0.2884792060515357,
            0.25580672033992036,
            0.1938873323677007,
            0.16853035413598758,
            0.15067036021413918,
            0.1350353468699841,
            0.131848185988318,
            0.09892367236065742,
            0.09413558701008852,
            0.08747937833178691,
            0.09976981221471533,
            0.0868805548188958
        ]
    },
    "c1": {
        "avg_wait": [
            4.367018766074074,
            4.860016250138365,
            4.803969997268499,
            5.399638836996883,
            4.443938827760923,
            4.768086993164623,
            3.977991593941389,
            5.120559330890325,
            5.889535811994609,
            5.615203339807709,
            3.7959697545530546,
            4.849547778230772,
            4.445923004840711,
            5.535447318778097,
            4.738149408249289
        ],
        "avg_delay": [
            0.5405856453853755,
            0.48305030860190357,
            0.4842662893620183,
            0.5442425118348486,
            0.2889834246212533,
            0.3680503017155085,
            0.07821567326166995,
            0.2587100644140057,
            0.47312637749850445,
            0.5802468160131217,
            0.25176099397697094,
            0.24529026240794766,
            0.3293939961543993,
            0.8311265335184652,
            0.3639939657343841
        ],
        "avg_number": [
            0.052816895627197116,
            0.019131604258169174,
            0.012895282245272269,
            0.010337235431398036,
            0.005210030393234221,
            0.004885300716734047,
            0.0008159972045907643,
            0.002305426053813241,
            0.004127928376315616,
            0.004569216325106502,
            0.0018473160801654866,
            0.0017170713845334308,
            0.0019714690867511336,
            0.004341368018474181,
            0.0017742581818947277
        ]
    },
    "c2": {
        "avg_wait": [
            5.43623556242179,
            5.0063855057812665,
            6.166815634279767,
            4.288336570486604,
            6.287196989585888,
            4.486456484675757,
            4.9106565747428474,
            4.370394806666606,
            4.381846976012528,
            5.044491102977226,
            4.164864574165054,
            4.331944869946518,
            5.109559628100657,
            5.941306475123396,
            4.958723515441868
        ],
        "avg_delay": [
            0.9216949201993181,
            0.12964149076597742,
            1.2058718793660026,
            0.25611182312735614,
            0.8361519821592013,
            0.29937035106711424,
            0.3111094945615686,
            0.39381170738672727,
            0.18671390199737337,
            0.5741191303644197,
            0.32690900638512604,
            0.2814992490825238,
            0.30414723886332395,
            0.8931826616292599,
            0.342033568791117
        ],
        "avg_number": [
            0.09005245480682557,
            0.00593683237713881,
            0.03567839195925646,
            0.005918520858650691,
            0.013609225405975145,
            0.004856720224872148,
            0.004085103035093972,
            0.0046791313025129535,
            0.0019134751094432687,
            0.00552562169079424,
            0.002804657847398211,
            0.0022023683796503356,
            0.0021382050010727233,
            0.005772588340092124,
            0.002288887101142901
        ]
    },
    "c3": {
        "avg_wait": [
            5.7548603898601955,
            5.002086201743904,
            5.0329778052156255,
            4.093391878768888,
            4.650154791046307,
            4.573390728518257,
            5.039672469523345,
            5.070582706698927,
            4.440735589010772,
            5.21090576077316,
            5.30590541000454,
            4.561461913788825,
            4.168468327753385,
            5.391318622869676,
            6.173265653803113
        ],
        "avg_delay": [
            0.39433319555250534,
            0.34134270442600534,
            0.6673619065712101,
            0.24984598046380121,
            0.4839476471625598,
            0.5063459840554135,
            0.36039270021603076,
            0.36550429364076503,
            0.34391961022750667,
            0.27048461876412755,
            0.301870964202323,
            0.08928731578329721,
            0.2341622716655351,
            0.7307207110714657,
            0.7250953642166375
        ],