{
    "seed": 1891131214,
    "arrival_stream": 0,
    "service_stream": 1,
    "observation_period": 40000.0,
    "interarrivals": 5.0,
    "batch_size": 0,
    "k": 0,
    "servers": 2,
    "acquisition_time": [
        49.776943875423356,
        59.57326003288004,
        68.08556982640484,
        73.96409809979357,
        87.80521159643273,
        127.93510976547547,
        179.08610258540105,
        192.31932033949386,
        241.8172278059448,
        291.4875242866576,
        328.71208560078253,
        420.8249877613802,
        474.6800408066762,
        563.9727783405433,
        681.2875899792019,
        814.2474178354261,
        940.0578377146513,
        1142.8051134642712,
        1346.0452011194075,
        1604.9479707047262,
        1908.4603124401472,
        2232.934918751698,
        2648.672734411578,
        3179.104233346365,
        3840.6591757976457,
        4638.355972597327,
        5398.154001370131,
        6620.327533403725,
        7961.2485830343985,
        9552.96446670014,
        11385.322520778953,
        14056.33843659586,
        16763.53005236693,
        19995.432393839314,
        24171.69327822781,
        28922.8100026534,
        34557.66300213028
    ],
    "avg_utilization1": [
        0.2641757096629351,
        0.48555155765451474,
        0.4248461058235039,
        0.5069465168897999,
        0.508692456809701,
        0.3637754124122213,
        0.39555789254538876,
        0.4022114788940275,
        0.37910271539018264,
        0.43330606498348234,
        0.42543449663012434,
        0.3938754972642241,
        0.43354837408215907,
        0.41742874490492804,
        0.4102639900029478,
        0.40948268661168263,
        0.41517852007387457,
        0.4143281540421285,
        0.4058295645405658,
        0.418858854709816,
        0.4306349700605335,
        0.43324850190677844,
        0.4433991052061983,
        0.4461971896281233,
        0.44490745133926246,
        0.44610554526846025,
        0.45118292796066295,
        0.44899273728708017,
        0.4466534132750254,
        0.4419312647071767,
        0.4438026631995971,
        0.4342394747037728,
        0.4388923242840677,
        0.4417656559537099,
        0.43866547272349227,
        0.4389480630672289,
        0.44001488688583934
    ],
    "avg_utilization2": [
        0.46094220907164335,
        0.46564157579662346,
        0.4322727492176389,
        0.42762796633806244,
        0.5441540894095263,
        0.42384784700473244,
        0.4016246583326546,
        0.4079821244599787,
        0.3665820582920701,
        0.35708750014296686,
        0.40063321522207757,
        0.3889831085817482,
        0.3783728560078113,
        0.4018117675667311,
        0.4017880805516298,
        0.3957140698487584,
        0.39518647701574294,
        0.40094391575458993,
        0.41469986268706444,
        0.40688717368083155,
        0.4314539643198599,
        0.4258527392417502,
        0.4382997775238841,
        0.44606424580110865,
        0.4379177088244326,
        0.4491250934991815,
        0.4587589041916918,
        0.4624069760500969,
        0.45636994190582997,
        0.45741528248453733,
        0.4652636201408254,
        0.4556820274032095,
        0.45777924803104547,
        0.4550399489772224,
        0.4439956404118853,
        0.44309485765050827,
        0.446141464071176
    ],
    "avg_utilization3": [],
    "avg_utilization4": [],
    "avg_utilization5": [],
    "avg_utilization6": [],
    "global": {
        "avg_wait": [
            3.6094153943914913,
            3.954861339623195,
            4.156899824409101,
            3.810148195496396,
            4.271452078262002,
            4.256316710642377,
            4.843754275803873,
            4.65577812940116,
            4.458536537759443,
            4.451273441222015,
            4.762576904555432,
            4.7838485265448085,
            4.820446838943504,
            4.820817492112624,
            4.937825981131284,
            4.821590427041294,
            4.702224027831926,
            4.776708796940999,
            4.71266471289667,
            4.803736705812919,
            5.072398540971918,
            4.987681473085469,
            5.138818216798477,
            5.183384434406186,
            5.195095011764906,
            5.371637797006764,
            5.375712363523154,
            5.594804113497978,
            5.661008554674331,
            5.648354714438701,
            5.785998018823315,
            5.759100287906261,
            5.852025395356992,
            5.799421670115634,
            5.705052138379659,
            5.669003736877804,
            5.673852436119477
        ],
        "avg_delay": [
            0.0,
            0.09349847613010513,
            0.08014155096866153,
            0.08158428870985295,
            0.06934664540337501,
            0.05778887116947917,
            0.047825272691982765,
            0.07295803703504271,
            0.06050178680954761,
            0.04961146518382904,
            0.1602304569214735,
            0.20601451322552947,
            0.33901890137474,
            0.3350956673769741,
            0.4399316877512156,
            0.4094583912583139,
            0.39913894816162476,
            0.41118561272218024,
            0.3983299554864871,
            0.48686565505377905,
            0.6073587971091343,
            0.6475974004531784,
            0.7558219156624792,
            0.7448796175133681,
            0.7569259359202423,
            0.8396916726222509,
            0.9096644472451878,
            1.0249728790912238,
            1.1214018315318586,
            1.132404797118362,
            1.244526834708966,
            1.1854118726888707,
            1.2706840818526928,
            1.2458371490864915,
            1.1896206684690582,
            1.1696810190462794,
            1.1750804985404524
        ],
        "avg_number": [
            0.7251179187345785,
            0.7966382240838397,
            0.8547567082145165,
            0.8757291846653302,
            0.9729381663344318,
            0.7984641686138894,
            0.7843650175553222,
            0.8230918044022036,
            0.7559428238703976,
            0.76354441791555,
            0.8548272171228667,
            0.8071128266206342,
            0.873342867849755,
            0.8804400154714068,
            0.891477556046029,
            0.8763864245331164,
            0.8853643037003096,
            0.8902996335606107,
            0.8962865180888707,
            0.9188753751543799,
            0.9780882792846692,
            0.9872904008936426,
            1.0282786618061572,
            1.0369689882147266,
            1.0320773889428476,
            1.0608112553515212,
            1.0944311492433214,
            1.1146799895427182,
            1.1256245108520242,
            1.122816445105467,
            1.158183218862048,
            1.120572000914216,
            1.145373036716409,
            1.1421669752914119,
            1.1152040961120555,
            1.111346068557941,
            1.1171152393313506
        ]
    },