{
    "interarrival": 2.0,
    "servers": 3,
    "seed": 678208797,
    "GLOBAL AVG WAIT": {
        "mean": 7.628643213067519,
        "half_confidence_interval": 0.16931666205521642,
        "stdev": 0.6613271692067224,
        "confidence": 95
    },
    "GLOBAL AVG DELAY": {
        "mean": 3.1911158327196647,
        "half_confidence_interval": 0.1535877690447723,
        "stdev": 0.5998923159377617,
        "confidence": 95
    },
    "GLOBAL AVG NUMBER": {
        "mean": 3.8150531991929446,
        "half_confidence_interval": 0.09578895159172299,
        "stdev": 0.37413822968453836,
        "confidence": 95
    },
    "QUEUE1 AVG WAIT": {
        "mean": 7.523751870273352,
        "half_confidence_interval": 0.17947088307250475,
        "stdev": 0.7009881344026507,
        "confidence": 95
    },
    "QUEUE1 AVG DELAY": {
        "mean": 3.1009744182122687,
        "half_confidence_interval": 0.15803916252502326,
        "stdev": 0.6172788354544269,
        "confidence": 95
    },
    "QUEUE1 AVG NUMBER": {
        "mean": 0.5123421677286161,
        "half_confidence_interval": 0.027443416311582623,
        "stdev": 0.10719014066543475,
        "confidence": 95
    },
    "QUEUE2 AVG WAIT": {
        "mean": 7.717752629221603,
        "half_confidence_interval": 0.1826959171908744,
        "stdev": 0.7135846660033089,
        "confidence": 95
    },
    "QUEUE2 AVG DELAY": {
        "mean": 3.3132327548495484,
        "half_confidence_interval": 0.15739117911654316,
        "stdev": 0.6147479030109128,
        "confidence": 95
    },
    "QUEUE2 AVG NUMBER": {
        "mean": 0.5690365799402853,
        "half_confidence_interval": 0.027448907023638093,
        "stdev": 0.10721158661774975,
        "confidence": 95
    },
    "QUEUE3 AVG WAIT": {
        "mean": 7.6531394640283565,
        "half_confidence_interval": 0.17448832232310243,
        "stdev": 0.6815269499226012,
        "confidence": 95
    },
    "QUEUE3 AVG DELAY": {
        "mean": 3.1597704100402426,
        "half_confidence_interval": 0.15583461082880556,
        "stdev": 0.6086681652762369,
        "confidence": 95
    },
    "QUEUE3 AVG NUMBER": {
        "mean": 0.516210130876762,
        "half_confidence_interval": 0.027176406389078284,
        "stdev": 0.10614723730284474,
        "confidence": 95
    },
    "QUEUE4 AVG WAIT": {
        "mean": 0.0,
        "half_confidence_interval": 0.0,
        "stdev": 0.0,
        "confidence": 95
    },
    "QUEUE4 AVG DELAY": {
        "mean": 0.0,
        "half_confidence_interval": 0.0,
        "stdev": 0.0,
        "confidence": 95
    },
    "QUEUE4 AVG NUMBER": {
        "mean": 0.0,
        "half_confidence_interval": 0.0,
        "stdev": 0.0,
        "confidence": 95
    },
    "QUEUE5 AVG WAIT": {
        "mean": 0.0,
        "half_confidence_interval": 0.0,
        "stdev": 0.0,
        "confidence": 95
    },
    "QUEUE5 AVG DELAY": {
        "mean": 0.0,
        "half_confidence_interval": 0.0,
        "stdev": 0.0,
        "confidence": 95
    },
    "QUEUE5 AVG NUMBER": {
        "mean": 0.0,
        "half_confidence_interval": 0.0,
        "stdev": 0.0,
        "confidence": 95
    },
    "QUEUE6 AVG WAIT": {
        "mean": 0.0,
        "half_confidence_interval": 0.0,
        "stdev": 0.0,
        "confidence": 95
    },
    "QUEUE6 AVG DELAY": {
        "mean": 0.0,
        "half_confidence_interval": 0.0,
        "stdev": 0.0,
        "confidence": 95
    },
    "QUEUE6 AVG NUMBER": {
        "mean": 0.0,
        "half_confidence_interval": 0.0,
        "stdev": 0.0,
        "confidence": 95
    },
    "UTILIZATION1": {
        "mean": 0.7290979535530342,
        "half_confidence_interval": 0.00683752048457193,
        "stdev": 0.02670639741870354,
        "confidence": 95
    },
    "UTILIZATION2": {
        "mean": 0.756042146286033,
        "half_confidence_interval": 0.005744259347598797,
        "stdev": 0.02243627252879528,
        "confidence": 95
    },
    "UTILIZATION3": {
        "mean": 0.7322892464972194,
        "half_confidence_interval": 0.00624606258709972,
        "stdev": 0.024396245704794258,
        "confidence": 95
    },
    "UTILIZATION4": {
        "mean": 0.0,
        "half_confidence_interval": 0.0,
        "stdev": 0.0,
        "confidence": 95
    },
    "UTILIZATION5": {
        "mean": 0.0,
        "half_confidence_interval": 0.0,
        "stdev": 0.0,
        "confidence": 95
    },
    "UTILIZATION6": {
        "mean": 0.0,
        "half_confidence_interval": 0.0,
        "stdev": 0.0,
        "confidence": 95
    }
}