{
    "interarrival": 2,
    "servers": 3,
    "seed": 576885183,
    "GLOBAL AVG WAIT": {
        "mean": 15.27685256356208,
        "half_confidence_interval": 0.6663399173064907,
        "stdev": 2.602630396162872,
        "confidence": 95
    },
    "GLOBAL AVG DELAY": {
        "mean": 10.84432181492954,
        "half_confidence_interval": 0.6570434176600716,
        "stdev": 2.566319570517769,
        "confidence": 95
    },
    "GLOBAL AVG NUMBER": {
        "mean": 0.47226386038592605,
        "half_confidence_interval": 0.1694746560964322,
        "stdev": 0.6619442718046621,
        "confidence": 95
    },
    "QUEUE1 AVG WAIT": {
        "mean": 0.0,
        "half_confidence_interval": 0.0,
        "stdev": 0.0,
        "confidence": 95
    },
    "QUEUE1 AVG DELAY": {
        "mean": 0.0,
        "half_confidence_interval": 0.0,
        "stdev": 0.0,
        "confidence": 95
    },
    "QUEUE1 AVG NUMBER": {
        "mean": 0.0,
        "half_confidence_interval": 0.0,
        "stdev": 0.0,
        "confidence": 95
    },
    "QUEUE2 AVG WAIT": {
        "mean": 0.0,
        "half_confidence_interval": 0.0,
        "stdev": 0.0,
        "confidence": 95
    },
    "QUEUE2 AVG DELAY": {
        "mean": 0.0,
        "half_confidence_interval": 0.0,
        "stdev": 0.0,
        "confidence": 95
    },
    "QUEUE2 AVG NUMBER": {
        "mean": 0.0,
        "half_confidence_interval": 0.0,
        "stdev": 0.0,
        "confidence": 95
    },
    "QUEUE3 AVG WAIT": {
        "mean": 0.0,
        "half_confidence_interval": 0.0,
        "stdev": 0.0,
        "confidence": 95
    },
    "QUEUE3 AVG DELAY": {
        "mean": 0.0,
        "half_confidence_interval": 0.0,
        "stdev": 0.0,
        "confidence": 95
    },
    "QUEUE3 AVG NUMBER": {
        "mean": 0.0,
        "half_confidence_interval": 0.0,
        "stdev": 0.0,
        "confidence": 95
    },
    "UTILIZATION1": {
        "mean": 0.7423872108959723,
        "half_confidence_interval": 0.013940246316139597,
        "stdev": 0.05444864978079109,
        "confidence": 95
    },
    "UTILIZATION2": {
        "mean": 0.7384622697736635,
        "half_confidence_interval": 0.011857648440148173,
        "stdev": 0.04631431414478504,
        "confidence": 95
    },
    "UTILIZATION3": {
        "mean": 0.7432347579652271,
        "half_confidence_interval": 0.01250147757220798,
        "stdev": 0.048829020566407505,
        "confidence": 95
    },
    "UTILIZATION4": {
        "mean": 0.0,
        "half_confidence_interval": 0.0,
        "stdev": 0.0,
        "confidence": 95
    },
    "UTILIZATION5": {
        "mean": 0.0,
        "half_confidence_interval": 0.0,
        "stdev": 0.0,
        "confidence": 95
    },
    "UTILIZATION6": {
        "mean": 0.0,
        "half_confidence_interval": 0.0,
        "stdev": 0.0,
        "confidence": 95
    }
}