{
    "interarrival": 2,
    "servers": 3,
    "seed": 1512353119,
    "GLOBAL AVG WAIT": {
        "mean": 15.144692322879045,
        "half_confidence_interval": 1.0051142524931789,
        "stdev": 2.6465027633980562,
        "confidence": 95
    },
    "GLOBAL AVG DELAY": {
        "mean": 10.721043936800774,
        "half_confidence_interval": 0.968602798477288,
        "stdev": 2.5503667632278746,
        "confidence": 95
    },
    "GLOBAL AVG NUMBER": {
        "mean": 0.75061979641087,
        "half_confidence_interval": 0.2835453185043004,
        "stdev": 0.7465852435271338,
        "confidence": 95
    },
    "QUEUE1 AVG WAIT": {
        "mean": 0.0,
        "half_confidence_interval": 0.0,
        "stdev": 0.0,
        "confidence": 95
    },
    "QUEUE1 AVG DELAY": {
        "mean": 0.0,
        "half_confidence_interval": 0.0,
        "stdev": 0.0,
        "confidence": 95
    },
    "QUEUE1 AVG NUMBER": {
        "mean": 0.0,
        "half_confidence_interval": 0.0,
        "stdev": 0.0,
        "confidence": 95
    },
    "QUEUE2 AVG WAIT": {
        "mean": 0.0,
        "half_confidence_interval": 0.0,
        "stdev": 0.0,
        "confidence": 95
    },
    "QUEUE2 AVG DELAY": {
        "mean": 0.0,
        "half_confidence_interval": 0.0,
        "stdev": 0.0,
        "confidence": 95
    },
    "QUEUE2 AVG NUMBER": {
        "mean": 0.0,
        "half_confidence_interval": 0.0,
        "stdev": 0.0,
        "confidence": 95
    },
    "QUEUE3 AVG WAIT": {
        "mean": 0.0,
        "half_confidence_interval": 0.0,
        "stdev": 0.0,
        "confidence": 95
    },
    "QUEUE3 AVG DELAY": {
        "mean": 0.0,
        "half_confidence_interval": 0.0,
        "stdev": 0.0,
        "confidence": 95
    },
    "QUEUE3 AVG NUMBER": {
        "mean": 0.0,
        "half_confidence_interval": 0.0,
        "stdev": 0.0,
        "confidence": 95
    },
    "UTILIZATION1": {
        "mean": 0.7291887969581272,
        "half_confidence_interval": 0.01929640231901866,
        "stdev": 0.050808136422550734,
        "confidence": 95
    },
    "UTILIZATION2": {
        "mean": 0.7417666770257518,
        "half_confidence_interval": 0.021116985359783996,
        "stdev": 0.055601798472839685,
        "confidence": 95
    },
    "UTILIZATION3": {
        "mean": 0.7420693236965925,
        "half_confidence_interval": 0.017563352387579424,
        "stdev": 0.04624495226584028,
        "confidence": 95
    },
    "UTILIZATION4": {
        "mean": 0.0,
        "half_confidence_interval": 0.0,
        "stdev": 0.0,
        "confidence": 95
    },
    "UTILIZATION5": {
        "mean": 0.0,
        "half_confidence_interval": 0.0,
        "stdev": 0.0,
        "confidence": 95
    },
    "UTILIZATION6": {
        "mean": 0.0,
        "half_confidence_interval": 0.0,
        "stdev": 0.0,
        "confidence": 95
    }
}