{
    "seed": 402947331,
    "arrival_stream": 0,
    "service_stream": 1,
    "observation_period": 20000.0,
    "interarrivals": 2,
    "batch_size": 512,
    "k": 76,
    "servers": 3,
    "acquisition_time": [],
    "avg_utilization1": [
        0.8628188245962471,
        0.8152666276823224,
        0.8498117512943667,
        0.8185650385687089,
        0.8062959347176613,
        0.8405496728452363,
        0.8249964401519168,
        0.8310982005910366,
        0.8770218978699789,
        0.8543534728269515,
        0.7989170655875123,
        0.8155260644511247,
        0.7999183477174845,
        0.8016364039421532,
        0.831380083521634,
        0.9034373693618344,
        0.8330941083513876,
        0.9019314297571286,
        0.8632897194023996
    ],
    "avg_utilization2": [
        0.734282887355854,
        0.7230762641936167,
        0.7687821179879042,
        0.769413615475649,
        0.6717328563346949,
        0.6931692031543221,
        0.7187605596730516,
        0.7328837844843693,
        0.7892088409040665,
        0.7270633898268695,
        0.6464993985624902,
        0.707184552064638,
        0.6848116838551116,
        0.6735271838665959,
        0.7418865046113969,
        0.8185369566048295,
        0.7821028747245441,
        0.7951714899535913,
        0.7219843831936358
    ],
    "avg_utilization3": [
        0.656074175498975,
        0.5634405843468241,
        0.6692096361642527,
        0.5831880757126648,
        0.5102590109676883,
        0.6038874547363117,
        0.5516356282825651,
        0.6064109925245562,
        0.6237182972372808,
        0.634843779450384,
        0.5779508707611347,
        0.5813940470750885,
        0.556736523475064,
        0.5344221426934284,
        0.5773304862982739,
        0.7304287852267864,
        0.6627407813891375,
        0.7053165720164905,
        0.6426357421472664
    ],
    "avg_utilization4": [],
    "avg_utilization5": [],
    "avg_utilization6": [],
    "avg_utilization7": [],
    "avg_utilization8": [],
    "avg_utilization9": [],
    "global": {
        "avg_wait": [
            7.836914368047257,
            6.614035225230318,
            8.981244187748691,
            7.528790286222553,
            5.698355121892153,
            6.5752723265318345,
            6.898851111656505,
            7.573422266095838,
            7.2333587634979,
            7.201507902250402,
            6.251069768284971,
            7.277402185830031,
            6.741999303534801,
            6.336950014187654,
            7.225131358709717,
            8.661481720013132,
            7.944099964662975,
            9.884019175912336,
            7.082409932261278
        ],
        "avg_delay": [
            3.2107747887669973,
            2.19920174239414,
            4.321125964704254,
            3.1212394270475783,
            1.3718462351877747,
            2.335795833751688,
            2.497462222857705,
            3.0884792541183206,
            2.943408353501957,
            2.720836985495611,
            1.9099616815336946,
            2.8937728642444878,
            2.479655673016279,
            1.9275044399906405,
            2.905498644399438,
            3.8393316692752415,
            3.555862960256162,
            5.305918662778726,
            2.6992852773305622
        ],
        "avg_number": [
            3.8692569008809086,
            1.615054421414431,
            1.4686384851888732,
            0.9267966876380482,
            0.5557693772544197,
            0.5380809513211778,
            0.48232107593122764,
            0.46361823732518187,
            0.3975107598668074,
            0.35664218716306456,
            0.2802308418302235,
            0.2986593013558364,
            0.25488989443641447,
            0.2215897430282644,
            0.23625509475243678,
            0.266224913885312,
            0.23054235534495124,
            0.27196048353233393,
            0.18498279056066322
        ]
    },
    "c1": {
        "avg_wait": [
            8.359006458571272,
            7.182953353702277,
            9.450522798939248,
            7.582698977202535,
            6.011956583045597,
            7.5529705694803395,
            7.359967649253072,
            9.061560788842394,
            8.43653562559036,
            7.765634211965893,
            7.331922714230632,
            7.391886503079123,
            6.88129392006777,
            6.776164138202931,
            7.313545127576011,
            9.564598116315599,
            7.879953904459238,
            11.295663864234053,
            8.219764251587664
        ],
        "avg_delay": [
            3.845936631342114,
            2.8177981234152383,
            4.9441557042647215,
            3.4190795714810966,
            1.9002895419065928,
            3.049638067469931,
            3.052651989349161,
            4.2325668610257345,
            3.842606409087358,
            3.3515661476591823,
            2.8145502467296195,
            3.237364426100418,
            2.708841848878241,
            2.5404746973833197,
            3.178665265753254,
            4.710196758414827,
            3.8268956992910628,
            6.466003948879585,
            3.6281024958746633
        ],
        "avg_number": [
            0.73431063468067,
            0.26608828985873956,
            0.30791807985703845,
            0.1660542094996204,
            0.07710357645456625,
            0.09212426088203356,
            0.08378434140457611,
            0.09159690101242204,
            0.07547722321975507,
            0.06386359076439342,
            0.047068894468371494,
            0.053455022599169975,
            0.04120451662377126,
            0.03626273625923864,
            0.04141335718017574,
            0.05231151751475357,
            0.044249957473376504,
            0.06220012548634535,
            0.0347950690245068
        ]
    },
    "c2": {
        "avg_wait": [
            7.953437980144801,
            6.993721339972635,
            9.412172510613459,
            7.61899251794631,
            5.685874202803226,
            5.8642269664554565,
            7.199273147670952,
            7.670149701009475,
            6.803911095006317,
            6.70705083615766,
            5.411925716155712,
            7.608973084243088,
            6.517146914613065,
            6.213280584806788,
            7.452200080793037,
            8.501453471929077,
            8.196309081167739,
            8.85633055543516,
            6.156227542110222
        ],
        "avg_delay": [
            3.3384884137761586,
            2.349635049091778,
            4.582868398166242,
            3.079628623869178,
            1.4757775247512497,
            1.9954700192578652,
            2.5825154739870073,
            3.0473518154831742,
            2.5968284095272223,
            2.445608329573102,
            1.6653188280022693,
            2.953700829939046,
            2.3266869186055628,
            1.798524174685236,
            2.9411686418930763,
            3.7192698412024705,
            3.6207092524783953,
            4.558058555700254,
            2.296385080420453
        ],
        "avg_number": [
            0.5311856341261271,
            0.18489920871478685,
            0.23857966793351476,
            0.13031677605125963,
            0.04891536312663853,
            0.056771336925438724,
            0.05853835672610995,
            0.0608467583255403,
            0.04933503513452053,
            0.041633112944289764,
            0.02712076657341899,
            0.038117296294892584,
            0.029550194798390158,
            0.020758807220286883,
            0.03155692539340849,
            0.03818038822106406,
            0.03406730700313823,
            0.04433643192489133,
            0.021789033485007107
        ]
    },