{
    "seed": 1979767418,
    "arrival_stream": 0,
    "service_stream": 1,
    "observation_period": 90000.0,
    "interarrivals": 2,
    "batch_size": 2048,
    "k": 8,
    "servers": 3,
    "acquisition_time": [],
    "avg_utilization1": [
        0.7815689628324106,
        0.6925525026829249,
        0.7615736734723806,
        0.7059173486675583,
        0.7944735893594146,
        0.7130383670322487,
        0.7282966244503246,
        0.7332960478848022
    ],
    "avg_utilization2": [
        0.7542424427248178,
        0.7708867325973058,
        0.7465634238268231,
        0.7184416523359384,
        0.7085125642958724,
        0.7755802101027449,
        0.7111731789731054,
        0.7707893844362357
    ],
    "avg_utilization3": [
        0.738162271634484,
        0.7739617185234525,
        0.8211752199258017,
        0.7445865547510803,
        0.7031682743639442,
        0.7875103765523158,
        0.7870129869371851,
        0.7407805961963924
    ],
    "avg_utilization4": [],
    "avg_utilization5": [],
    "avg_utilization6": [],
    "avg_utilization7": [],
    "avg_utilization8": [],
    "avg_utilization9": [],
    "global": {
        "avg_wait": [
            15.483031906772865,
            13.171070000265079,
            18.384585791549224,
            14.31892429206435,
            13.88086065369885,
            14.689670619217644,
            14.803683560445661,
            14.18799295462151
        ],
        "avg_delay": [
            11.024017057614756,
            8.849290484945456,
            13.879213186214997,
            9.940801728100443,
            9.376994021308533,
            10.172053587510396,
            10.292172275167035,
            9.69209766611276
        ],
        "avg_number": [
            7.894776719409999,
            3.3810332950195563,
            3.1541026720715317,
            1.8251087165022786,
            1.4036676443987495,
            1.2371226627637357,
            1.0651688598419666,
            0.8921347485599953
        ]
    },
    "c1": {
        "avg_wait": [
            18.596017507843264,
            10.755985709884575,
            17.921689159064787,
            14.1390058863361,
            16.723703242847073,
            12.600478516264769,
            11.992859351491731,
            14.153530700326563
        ],
        "avg_delay": [
            14.092201545239192,
            6.602326488565138,
            13.382126811254054,
            9.642172451820112,
            12.025102571901863,
            8.262974087552688,
            7.501647896503403,
            9.786997301899238
        ],
        "avg_number": [
            2.4454878789873358,
            0.5453569454959519,
            0.7454848307379119,
            0.3894645968483854,
            0.4197842554176534,
            0.22731770417832367,
            0.17711064507693547,
            0.2064361469953944
        ]
    },
    "c2": {
        "avg_wait": [
            14.944829051031167,
            14.808169628476048,
            13.688482818316947,
            13.020820849869377,
            13.234848039812876,
            14.648478653282352,
            15.075661351494388,
            13.614014557256244
        ],
        "avg_delay": [
            10.425298801464102,
            10.339585015264072,
            9.240994287840657,
            8.630931373366856,
            8.82048722991056,
            9.94170100856508,
            10.477515139915136,
            8.94546184284223
        ],
        "avg_number": [
            1.7390705658548067,
            0.8838649669515564,
            0.5155668146028844,
            0.3631221602974629,
            0.2926710670948326,
            0.27350014957673424,
            0.23632629209252842,
            0.1862138590472128
        ]
    },
    "c3": {
        "avg_wait": [
            12.826416560812339,
            13.842977498031631,
            23.175981664317373,
            15.694145553809031,
            11.525450737411226,
            16.697032509479875,
            17.139193269660588,
            14.792433543368626
        ],
        "avg_delay": [
            8.472793333307425,
            9.50610576632782,
            18.648552413085767,
            11.433585628661767,
            7.137472075942246,
            12.187940997068315,
            12.684872906357334,
            10.337812217199303
        ],
        "avg_number": [
            1.4365727228049734,
            0.842404141191124,
            1.1200987321136546,
            0.5144807622370171,
            0.23576996681234874,
            0.35584383364133965,
            0.3271153289522483,
            0.21678482677917787
        ]
    },
    "c4": {
        "avg_wait": [],
        "avg_delay": [],
        "avg_number": []
    },
    "c5": {
        "avg_wait": [],
        "avg_delay": [],
        "avg_number": []
    },
    "c6": {
        "avg_wait": [],
        "avg_delay": [],
        "avg_number": []
    },
    "mean_conditional_slowdown": {
        "(1.24)": [
            13.486316053849086,
            11.621830645375063,
            15.8262788641526,
            12.547519590374476,
            12.194242462660362,
            12.846508563885196,
            12.938454484230371,
            12.441929802114121
        ],
        "(2.65)": [
            6.842653549725609,
            5.970215094439652,
            7.937579543980839,
            6.403367657382774,
            6.238060624037302,
            6.543271931780243,
            6.586295683187042,
            6.353959605517551
        ],
        "(4.42)": [
            4.502948395197481,
            3.9798800905577103,
            5.159408550124259,
            4.239575631688767,
            4.1404662112440835,
            4.323454891225712,
            4.3492496743089735,
            4.209953157154188
        ],
        "(8.26)": [
            2.8744590686165696,
            2.5945605327197434,
            3.2257367786379207,
            2.733525943349195,
            2.6804916045640255,
            2.7784104865880925,
            2.792213506107223,
            2.717674691842798
        ]
    }
}