{
    "interarrival": 2,
    "servers": 3,
    "seed": 1979767418,
    "GLOBAL AVG WAIT": {
        "mean": 14.874799152873468,
        "half_confidence_interval": 1.9097154401288807,
        "stdev": 1.6612011656707684,
        "confidence": 95
    },
    "GLOBAL AVG DELAY": {
        "mean": 10.418420880541143,
        "half_confidence_interval": 1.8672040141465285,
        "stdev": 1.6242218184275767,
        "confidence": 95
    },
    "GLOBAL AVG NUMBER": {
        "mean": 2.0110339750996364,
        "half_confidence_interval": 1.0578567129917784,
        "stdev": 0.9201961547820936,
        "confidence": 95
    },
    "QUEUE1 AVG WAIT": {
        "mean": 0.0,
        "half_confidence_interval": 0.0,
        "stdev": 0.0,
        "confidence": 95
    },
    "QUEUE1 AVG DELAY": {
        "mean": 0.0,
        "half_confidence_interval": 0.0,
        "stdev": 0.0,
        "confidence": 95
    },
    "QUEUE1 AVG NUMBER": {
        "mean": 0.0,
        "half_confidence_interval": 0.0,
        "stdev": 0.0,
        "confidence": 95
    },
    "QUEUE2 AVG WAIT": {
        "mean": 0.0,
        "half_confidence_interval": 0.0,
        "stdev": 0.0,
        "confidence": 95
    },
    "QUEUE2 AVG DELAY": {
        "mean": 0.0,
        "half_confidence_interval": 0.0,
        "stdev": 0.0,
        "confidence": 95
    },
    "QUEUE2 AVG NUMBER": {
        "mean": 0.0,
        "half_confidence_interval": 0.0,
        "stdev": 0.0,
        "confidence": 95
    },
    "QUEUE3 AVG WAIT": {
        "mean": 0.0,
        "half_confidence_interval": 0.0,
        "stdev": 0.0,
        "confidence": 95
    },
    "QUEUE3 AVG DELAY": {
        "mean": 0.0,
        "half_confidence_interval": 0.0,
        "stdev": 0.0,
        "confidence": 95
    },
    "QUEUE3 AVG NUMBER": {
        "mean": 0.0,
        "half_confidence_interval": 0.0,
        "stdev": 0.0,
        "confidence": 95
    },
    "UTILIZATION1": {
        "mean": 0.7326420176108086,
        "half_confidence_interval": 0.04033096447686326,
        "stdev": 0.035082632623565174,
        "confidence": 95
    },
    "UTILIZATION2": {
        "mean": 0.7385262936886317,
        "half_confidence_interval": 0.031612916907612774,
        "stdev": 0.027499078299139366,
        "confidence": 95
    },
    "UTILIZATION3": {
        "mean": 0.7695691885089633,
        "half_confidence_interval": 0.04286494995726699,
        "stdev": 0.03728686658711075,
        "confidence": 95
    },
    "UTILIZATION4": {
        "mean": 0.0,
        "half_confidence_interval": 0.0,
        "stdev": 0.0,
        "confidence": 95
    },
    "UTILIZATION5": {
        "mean": 0.0,
        "half_confidence_interval": 0.0,
        "stdev": 0.0,
        "confidence": 95
    },
    "UTILIZATION6": {
        "mean": 0.0,
        "half_confidence_interval": 0.0,
        "stdev": 0.0,
        "confidence": 95
    }
}