{
    "interarrival": 2,
    "servers": 3,
    "seed": 1794379355,
    "GLOBAL AVG WAIT": {
        "mean": 14.004816341896525,
        "half_confidence_interval": 0.887322674705813,
        "stdev": 2.3363532104034364,
        "confidence": 95
    },
    "GLOBAL AVG DELAY": {
        "mean": 9.610382628874993,
        "half_confidence_interval": 0.863911637513921,
        "stdev": 2.2747110891533673,
        "confidence": 95
    },
    "GLOBAL AVG NUMBER": {
        "mean": 0.6921345090359616,
        "half_confidence_interval": 0.24282578102681937,
        "stdev": 0.639369204961234,
        "confidence": 95
    },
    "QUEUE1 AVG WAIT": {
        "mean": 0.0,
        "half_confidence_interval": 0.0,
        "stdev": 0.0,
        "confidence": 95
    },
    "QUEUE1 AVG DELAY": {
        "mean": 0.0,
        "half_confidence_interval": 0.0,
        "stdev": 0.0,
        "confidence": 95
    },
    "QUEUE1 AVG NUMBER": {
        "mean": 0.0,
        "half_confidence_interval": 0.0,
        "stdev": 0.0,
        "confidence": 95
    },
    "QUEUE2 AVG WAIT": {
        "mean": 0.0,
        "half_confidence_interval": 0.0,
        "stdev": 0.0,
        "confidence": 95
    },
    "QUEUE2 AVG DELAY": {
        "mean": 0.0,
        "half_confidence_interval": 0.0,
        "stdev": 0.0,
        "confidence": 95
    },
    "QUEUE2 AVG NUMBER": {
        "mean": 0.0,
        "half_confidence_interval": 0.0,
        "stdev": 0.0,
        "confidence": 95
    },
    "QUEUE3 AVG WAIT": {
        "mean": 0.0,
        "half_confidence_interval": 0.0,
        "stdev": 0.0,
        "confidence": 95
    },
    "QUEUE3 AVG DELAY": {
        "mean": 0.0,
        "half_confidence_interval": 0.0,
        "stdev": 0.0,
        "confidence": 95
    },
    "QUEUE3 AVG NUMBER": {
        "mean": 0.0,
        "half_confidence_interval": 0.0,
        "stdev": 0.0,
        "confidence": 95
    },
    "UTILIZATION1": {
        "mean": 0.7341249559624611,
        "half_confidence_interval": 0.017057168409024822,
        "stdev": 0.04491215124873236,
        "confidence": 95
    },
    "UTILIZATION2": {
        "mean": 0.7156789556889949,
        "half_confidence_interval": 0.01736724167683353,
        "stdev": 0.04572858555764409,
        "confidence": 95
    },
    "UTILIZATION3": {
        "mean": 0.7452943036007368,
        "half_confidence_interval": 0.01835341452353136,
        "stdev": 0.04832521490351206,
        "confidence": 95
    },
    "UTILIZATION4": {
        "mean": 0.0,
        "half_confidence_interval": 0.0,
        "stdev": 0.0,
        "confidence": 95
    },
    "UTILIZATION5": {
        "mean": 0.0,
        "half_confidence_interval": 0.0,
        "stdev": 0.0,
        "confidence": 95
    },
    "UTILIZATION6": {
        "mean": 0.0,
        "half_confidence_interval": 0.0,
        "stdev": 0.0,
        "confidence": 95
    }
}