{
    "interarrival": 1.5,
    "servers": 3,
    "seed": 377966758,
    "GLOBAL AVG WAIT": {
        "mean": 69.8981768046562,
        "half_confidence_interval": 12.286577926738387,
        "stdev": 47.989652647876326,
        "confidence": 95
    },
    "GLOBAL AVG DELAY": {
        "mean": 65.47193968946213,
        "half_confidence_interval": 12.284556750525354,
        "stdev": 47.98175821665374,
        "confidence": 95
    },
    "GLOBAL AVG NUMBER": {
        "mean": 47.00141307986541,
        "half_confidence_interval": 8.375312760747775,
        "stdev": 32.71279868179767,
        "confidence": 95
    },
    "QUEUE1 AVG WAIT": {
        "mean": 69.91505525011931,
        "half_confidence_interval": 12.378275161625828,
        "stdev": 48.347809205158434,
        "confidence": 95
    },
    "QUEUE1 AVG DELAY": {
        "mean": 65.49209894738982,
        "half_confidence_interval": 12.369922124816494,
        "stdev": 48.31518341322312,
        "confidence": 95
    },
    "QUEUE1 AVG NUMBER": {
        "mean": 14.648209723560456,
        "half_confidence_interval": 2.7899936351791434,
        "stdev": 10.89732440069061,
        "confidence": 95
    },
    "QUEUE2 AVG WAIT": {
        "mean": 69.9928069854106,
        "half_confidence_interval": 12.217304101144,
        "stdev": 47.71907878689674,
        "confidence": 95
    },
    "QUEUE2 AVG DELAY": {
        "mean": 65.56927774939355,
        "half_confidence_interval": 12.217931850227679,
        "stdev": 47.72153068690139,
        "confidence": 95
    },
    "QUEUE2 AVG NUMBER": {
        "mean": 14.746598645043527,
        "half_confidence_interval": 2.787311151936128,
        "stdev": 10.886846996824891,
        "confidence": 95
    },
    "QUEUE3 AVG WAIT": {
        "mean": 69.9345427000043,
        "half_confidence_interval": 12.32666775534785,
        "stdev": 48.14623790384855,
        "confidence": 95
    },
    "QUEUE3 AVG DELAY": {
        "mean": 65.49363304694134,
        "half_confidence_interval": 12.324925909992457,
        "stdev": 48.139434499835644,
        "confidence": 95
    },
    "QUEUE3 AVG NUMBER": {
        "mean": 14.649427479778671,
        "half_confidence_interval": 2.789779282712195,
        "stdev": 10.896487169974751,
        "confidence": 95
    },
    "QUEUE4 AVG WAIT": {
        "mean": 0.0,
        "half_confidence_interval": 0.0,
        "stdev": 0.0,
        "confidence": 95
    },
    "QUEUE4 AVG DELAY": {
        "mean": 0.0,
        "half_confidence_interval": 0.0,
        "stdev": 0.0,
        "confidence": 95
    },
    "QUEUE4 AVG NUMBER": {
        "mean": 0.0,
        "half_confidence_interval": 0.0,
        "stdev": 0.0,
        "confidence": 95
    },
    "QUEUE5 AVG WAIT": {
        "mean": 0.0,
        "half_confidence_interval": 0.0,
        "stdev": 0.0,
        "confidence": 95
    },
    "QUEUE5 AVG DELAY": {
        "mean": 0.0,
        "half_confidence_interval": 0.0,
        "stdev": 0.0,
        "confidence": 95
    },
    "QUEUE5 AVG NUMBER": {
        "mean": 0.0,
        "half_confidence_interval": 0.0,
        "stdev": 0.0,
        "confidence": 95
    },
    "QUEUE6 AVG WAIT": {
        "mean": 0.0,
        "half_confidence_interval": 0.0,
        "stdev": 0.0,
        "confidence": 95
    },
    "QUEUE6 AVG DELAY": {
        "mean": 0.0,
        "half_confidence_interval": 0.0,
        "stdev": 0.0,
        "confidence": 95
    },
    "QUEUE6 AVG NUMBER": {
        "mean": 0.0,
        "half_confidence_interval": 0.0,
        "stdev": 0.0,
        "confidence": 95
    },
    "UTILIZATION1": {
        "mean": 0.9852744672963677,
        "half_confidence_interval": 0.0046081240939072595,
        "stdev": 0.017998687343500533,
        "confidence": 95
    },
    "UTILIZATION2": {
        "mean": 0.9866750370582112,
        "half_confidence_interval": 0.0039522853089398,
        "stdev": 0.01543707289957142,
        "confidence": 95
    },
    "UTILIZATION3": {
        "mean": 0.985217193379962,
        "half_confidence_interval": 0.004593053393089994,
        "stdev": 0.01793982329675838,
        "confidence": 95
    },
    "UTILIZATION4": {
        "mean": 0.0,
        "half_confidence_interval": 0.0,
        "stdev": 0.0,
        "confidence": 95
    },
    "UTILIZATION5": {
        "mean": 0.0,
        "half_confidence_interval": 0.0,
        "stdev": 0.0,
        "confidence": 95
    },
    "UTILIZATION6": {
        "mean": 0.0,
        "half_confidence_interval": 0.0,
        "stdev": 0.0,
        "confidence": 95
    }
}