{
    "seed": 910967727,
    "arrival_stream": 0,
    "service_stream": 1,
    "observation_period": 40000.0,
    "interarrivals": 5.0,
    "batch_size": 0,
    "k": 0,
    "servers": 2,
    "acquisition_time": [
        52.800596138827885,
        73.48103014358534,
        81.98109056698345,
        88.35948837010558,
        98.61970031154576,
        114.58573246480128,
        142.49396772167097,
        186.74574040024046,
        221.8018937949146,
        258.1814606154952,
        282.2848472623112,
        332.4156658808389,
        413.4135337433296,
        497.1853485273358,
        584.9385991618818,
        688.5872518576688,
        808.9221826846041,
        1050.5860668676037,
        1253.597736441436,
        1552.5037820658038,
        1844.8541950290698,
        2251.221829373827,
        2712.807149368432,
        3256.205328687129,
        3807.7790279712103,
        4553.144965735993,
        5421.245189166186,
        6476.564879431221,
        7732.126452170946,
        9305.175743675898,
        11151.52160040868,
        13317.638529606518,
        16105.88287886407,
        19138.941925886797,
        22742.926782302624,
        27278.018520751535,
        33068.49933138371,
        39944.146573630256
    ],
    "avg_utilization1": [
        0.6162275441749798,
        0.44279702701534895,
        0.472473504308037,
        0.4615359353972994,
        0.45712432942940656,
        0.4604688181504031,
        0.39974794358093246,
        0.3612028567306909,
        0.3699305391278967,
        0.436256844648201,
        0.43440408821276055,
        0.47160327043892325,
        0.49308225267594935,
        0.49824331509373776,
        0.49848334155648566,
        0.4867168982227711,
        0.471299247970133,
        0.4248443872922736,
        0.4567527503084846,
        0.45046046907621096,
        0.4659682974024018,
        0.45941722555440856,
        0.4550305240988467,
        0.46477809516320057,
        0.4648664478075563,
        0.4678652029816637,
        0.4611104122830954,
        0.46150892488083584,
        0.4652209723091112,
        0.4604470756030224,
        0.4602021591749854,
        0.45882450019410403,
        0.45970684147009505,
        0.4609701840712461,
        0.4655617678365127,
        0.4640735776472552,
        0.46307229248914944,
        0.4576339712849548
    ],
    "avg_utilization2": [
        0.5193369527362548,
        0.3931762877778125,
        0.4705463139318566,
        0.4964077221339755,
        0.45676394481240634,
        0.42888876294737444,
        0.38360432737065464,
        0.33979126041096774,
        0.3571555590490335,
        0.3870631133563283,
        0.4163233885619265,
        0.4018957113867845,
        0.3983490195619953,
        0.4056393534694886,
        0.39696390764777895,
        0.42077934848626486,
        0.4175304452051612,
        0.39670205316020846,
        0.42146031556085956,
        0.4220031526589345,
        0.43411968797033196,
        0.41402325528506084,
        0.4150623928264817,
        0.42655717648265135,
        0.4380291067424833,
        0.4391922276108368,
        0.4518401579494452,
        0.46226966716303874,
        0.4608138016774138,
        0.46399720252255894,
        0.4591763257649538,
        0.4604895865154299,
        0.4624891506209221,
        0.463895558296931,
        0.4650347527386371,
        0.46430949052048753,
        0.46187074364770075,
        0.45754276494428936
    ],
    "avg_utilization3": [],
    "avg_utilization4": [],
    "avg_utilization5": [],
    "avg_utilization6": [],
    "global": {
        "avg_wait": [
            6.83767846617052,
            5.946827155498066,
            5.636104711377284,
            5.583344086864635,
            5.258054508256957,
            4.8725580122661905,
            4.36747157423617,
            4.292393172441405,
            4.356263682324333,
            4.897456817454236,
            4.771451123281804,
            4.836875108360416,
            4.91571468953618,
            5.139494604275243,
            5.004630864521183,
            5.016834976824168,
            4.7766671441552,
            4.748170542486456,
            5.450502118497423,
            5.762140309988433,
            5.979547390895732,
            5.797519938407358,
            5.868460204534522,
            5.955767874197169,
            5.924751518786455,
            6.0687027744306,
            5.999977483419132,
            5.990590152348042,
            5.979664205636264,
            5.935804474275138,
            5.817966842208227,
            5.758246669144419,
            5.858056217537105,
            5.845156448677992,
            5.875602799869212,
            5.88286528919338,
            5.893809000085302,
            5.83107800975566
        ],
        "avg_delay": [
            0.9933745522427543,
            0.8278121268689619,
            0.8079481493661811,
            0.8843354377162238,
            0.7516851220587903,
            0.6264042683823252,
            0.5184035324543381,
            0.44216771885811196,
            0.42287164506583585,
            0.7455461132948162,
            0.7149956710364931,
            0.7472308028698871,
            0.7664270940748001,
            0.7883548103177824,
            0.7462433883187165,
            0.7946029052530568,
            0.7226352247381912,
            0.7018663645097614,
            1.1500102767509217,
            1.3500781847159806,
            1.4858978098779212,
            1.3488586779444929,
            1.4148860806668502,
            1.3928970195696606,
            1.4193712418379032,
            1.5614032839254013,
            1.4981314398381662,
            1.4546447500722404,
            1.457214536835742,
            1.4067334563364962,
            1.3200142632541012,
            1.2838872978073932,
            1.3312669377214084,
            1.3502474257153732,
            1.3990261938856254,
            1.4164718980413578,
            1.3989619862908391,
            1.3544390357678775
        ],
        "avg_number": [
            1.295000239806442,
            0.9711612061852191,
            0.9624837314747782,
            1.074212302804729,
            1.066329443639848,
            1.0205580553435036,
            0.888856403382938,
            0.7814977067226313,
            0.8052537691154407,
            0.9484524577750233,
            0.9972749830671218,
            1.033098520743889,
            1.0225873823535234,
            1.0647295738065075,
            1.0523661752158477,
            1.0782824900793402,
            1.0451809860246055,
            0.9626629911103401,
            1.1130592388402303,
            1.1394349537832364,
            1.192762791649752,
            1.1382724613543782,
            1.1465186196989348,
            1.163276877725838,
            1.1871974123568403,
            1.2208993526916743,
            1.2163211631628512,
            1.22002767795032,
            1.2242180073069673,
            1.2113788075748457,
            1.1889988567037013,
            1.182552342526697,
            1.193370310357977,
            1.2026906285639607,
            1.2206970323179847,
            1.2228104531988373,
            1.2126790524939854,
            1.191933137484678
        ]
    },