{
    "seed": 1066527015,
    "arrival_stream": 0,
    "service_stream": 1,
    "observation_period": 40000.0,
    "interarrivals": 5.0,
    "batch_size": 0,
    "k": 0,
    "servers": 2,
    "acquisition_time": [
        67.24103633021961,
        69.72316437851359,
        78.62475485052417,
        81.36280179826905,
        94.6919300289662,
        111.9224955180449,
        139.17609919440469,
        156.06618090813433,
        224.50080220795482,
        290.067622154762,
        346.0214451511881,
        400.23977384775264,
        451.35500147957055,
        524.0289391155109,
        593.5967910484626,
        713.1307474907966,
        878.3958726482155,
        1023.7588999980892,
        1228.7721249333083,
        1476.191609745339,
        1765.110492119302,
        2228.6718614499273,
        2624.924268359521,
        3050.458240331283,
        3707.397303796473,
        4393.9998939409425,
        5352.7989623596695,
        6467.075119801187,
        7900.303439200027,
        9520.997435128518,
        11224.924440342105,
        13394.592689990264,
        16092.048863791986,
        19391.680268080414,
        23598.797787528656,
        28457.316157972502,
        34003.416002933176
    ],
    "avg_utilization1": [
        0.4662809417510951,
        0.5349009483789603,
        0.5331777644001012,
        0.556024451002947,
        0.48895684593513816,
        0.48929982019216867,
        0.5269097380579058,
        0.5055631057260748,
        0.38553728573057594,
        0.3975854200223143,
        0.4028530493620004,
        0.3981415838357472,
        0.41098028907961465,
        0.420022599384426,
        0.455926762084576,
        0.45981340652509844,
        0.4506935358202403,
        0.4450421466581859,
        0.4181359633939344,
        0.4331368281157244,
        0.4250312727496598,
        0.41695041590430115,
        0.4167770198286399,
        0.4353157953705517,
        0.43653369566783734,
        0.45224057577028787,
        0.44599504118423844,
        0.4340076691674417,
        0.4301144264364796,
        0.4207017909112664,
        0.42365170707724364,
        0.4307993722393988,
        0.4323060092937859,
        0.43269502299132856,
        0.4267694473167392,
        0.4295885535091818,
        0.4336779777004359
    ],
    "avg_utilization2": [
        0.42318781366284614,
        0.40812242827261486,
        0.4578010752612429,
        0.5234081746137095,
        0.4497316250462106,
        0.4047957110334974,
        0.4355168286258638,
        0.4376095550388629,
        0.34329119593444585,
        0.34546446410822285,
        0.3749871612028129,
        0.3700954910388013,
        0.4042124699629735,
        0.3853862943709686,
        0.41099652875556925,
        0.42266857043457745,
        0.4081551119819153,
        0.42669505891715714,
        0.43275157665800756,
        0.4555437682513618,
        0.4589265450211787,
        0.4248610696270914,
        0.43072798335967266,
        0.44578812871376106,
        0.4418211499065353,
        0.450474919532067,
        0.4487052483482264,
        0.43490942627356155,
        0.4314575507132192,
        0.42855441500144703,
        0.4366783957601241,
        0.4407284764435082,
        0.4435840482261376,
        0.4490321573929707,
        0.44287515208814154,
        0.4413859635120081,
        0.4465546093081807
    ],
    "avg_utilization3": [],
    "avg_utilization4": [],
    "avg_utilization5": [],
    "avg_utilization6": [],
    "global": {
        "avg_wait": [
            6.490601425962387,
            5.851562494145424,
            6.913802728351928,
            6.319060623282791,
            5.76676714693483,
            5.2716051254934175,
            5.302802454063445,
            5.107249265531784,
            4.635895091008209,
            4.975776674789753,
            5.218690807793995,
            5.040710623329668,
            4.841996458858255,
            4.674006576690487,
            4.9856643121379145,
            5.153015186180041,
            5.2832666700033055,
            5.423460762050221,
            5.160179448618431,
            5.5790604957900065,
            5.398514835736865,
            5.324050534168787,
            5.292609735852305,
            5.386055835627119,
            5.440628654182188,
            5.598503424994604,
            5.598102297556277,
            5.4088074902211005,
            5.3884342826106,
            5.272573901242798,
            5.232798489886075,
            5.3624288717918756,
            5.324429334299456,
            5.501368526183105,
            5.4836030243818925,
            5.576515145488785,
            5.629124359110507
        ],
        "avg_delay": [
            0.7927820984067054,
            0.6896917131333602,
            1.5210301015816228,
            1.5558305838549074,
            1.322455996276671,
            1.1020466635638926,
            0.9120386181218423,
            0.7779152919274537,
            0.6451004859886201,
            0.7878216597809526,
            0.8097671490143186,
            0.7278708238054872,
            0.6527481596396109,
            0.6098326565116431,
            0.8540524620137213,
            0.9166842190686221,
            1.1142885660137472,
            1.2335606556313372,
            1.1076859906306589,
            1.3174345114376398,
            1.1612519558706826,
            1.0794315965009573,
            1.100541843053541,
            1.162179046060953,
            1.180050907267337,
            1.2682285444079295,
            1.244713942393818,
            1.148495034499776,
            1.091623121982735,
            1.021393431988747,
            0.9953520668491311,
            1.0941434783399653,
            1.0297336560221029,
            1.1595270925395544,
            1.1402025908640072,
            1.2051576152578738,
            1.2307415096882344
        ],
        "avg_number": [
            0.9652738536162875,
            1.0071079038888864,
            1.2310784101132457,
            1.3203088908141907,
            1.2180060423672385,
            1.1304119196613505,
            1.1049402308153096,
            1.1126464043500535,
            0.8466415124667277,
            0.857692533524991,
            0.8898372108853336,
            0.8941901271225096,
            0.9225813253354584,
            0.9186948305024828,
            1.033086296355833,
            1.0694339715936712,
            1.0645976714021903,
            1.1283878873422766,
            1.0750617726765375,
            1.1602637224736738,
            1.125512237574355,
            1.0558891045412317,
            1.0686339388201829,
            1.1229563696917981,
            1.1197072563250965,
            1.1670981477187954,
            1.1493639997087113,
            1.1031597665779016,
            1.0796916264062262,
            1.0516353886954828,
            1.0624167513850014,
            1.0949375844262002,
            1.085595301984433,
            1.1172002093995763,
            1.0979383154805118,
            1.1110970795488453,
            1.1263739541957796
        ]
    },