{
    "interarrival": 2.5,
    "servers": 2,
    "seed": 266167970,
    "GLOBAL AVG WAIT": {
        "mean": 19.487352704431455,
        "half_confidence_interval": 1.9666234345872844,
        "stdev": 7.681355710089971,
        "confidence": 95
    },
    "GLOBAL AVG DELAY": {
        "mean": 15.057846523165429,
        "half_confidence_interval": 1.9607468490611317,
        "stdev": 7.658402590040011,
        "confidence": 95
    },
    "GLOBAL AVG NUMBER": {
        "mean": 7.854517291406653,
        "half_confidence_interval": 0.8358152521308082,
        "stdev": 3.264577318983598,
        "confidence": 95
    },
    "QUEUE1 AVG WAIT": {
        "mean": 19.488193907018843,
        "half_confidence_interval": 1.9662815569780612,
        "stdev": 7.680020384028269,
        "confidence": 95
    },
    "QUEUE1 AVG DELAY": {
        "mean": 15.056917532740565,
        "half_confidence_interval": 1.9595860476629159,
        "stdev": 7.653868662348696,
        "confidence": 95
    },
    "QUEUE1 AVG NUMBER": {
        "mean": 3.037373461038408,
        "half_confidence_interval": 0.41416948050059094,
        "stdev": 1.6176879864425373,
        "confidence": 95
    },
    "QUEUE2 AVG WAIT": {
        "mean": 19.494291517302205,
        "half_confidence_interval": 1.9699784403332357,
        "stdev": 7.694459892665449,
        "confidence": 95
    },
    "QUEUE2 AVG DELAY": {
        "mean": 15.06501623497154,
        "half_confidence_interval": 1.9639921113386856,
        "stdev": 7.671078129997492,
        "confidence": 95
    },
    "QUEUE2 AVG NUMBER": {
        "mean": 3.0406064663390153,
        "half_confidence_interval": 0.41340673049858545,
        "stdev": 1.6147087917577625,
        "confidence": 95
    },
    "QUEUE3 AVG WAIT": {
        "mean": 0.0,
        "half_confidence_interval": 0.0,
        "stdev": 0.0,
        "confidence": 95
    },
    "QUEUE3 AVG DELAY": {
        "mean": 0.0,
        "half_confidence_interval": 0.0,
        "stdev": 0.0,
        "confidence": 95
    },
    "QUEUE3 AVG NUMBER": {
        "mean": 0.0,
        "half_confidence_interval": 0.0,
        "stdev": 0.0,
        "confidence": 95
    },
    "QUEUE4 AVG WAIT": {
        "mean": 0.0,
        "half_confidence_interval": 0.0,
        "stdev": 0.0,
        "confidence": 95
    },
    "QUEUE4 AVG DELAY": {
        "mean": 0.0,
        "half_confidence_interval": 0.0,
        "stdev": 0.0,
        "confidence": 95
    },
    "QUEUE4 AVG NUMBER": {
        "mean": 0.0,
        "half_confidence_interval": 0.0,
        "stdev": 0.0,
        "confidence": 95
    },
    "QUEUE5 AVG WAIT": {
        "mean": 0.0,
        "half_confidence_interval": 0.0,
        "stdev": 0.0,
        "confidence": 95
    },
    "QUEUE5 AVG DELAY": {
        "mean": 0.0,
        "half_confidence_interval": 0.0,
        "stdev": 0.0,
        "confidence": 95
    },
    "QUEUE5 AVG NUMBER": {
        "mean": 0.0,
        "half_confidence_interval": 0.0,
        "stdev": 0.0,
        "confidence": 95
    },
    "QUEUE6 AVG WAIT": {
        "mean": 0.0,
        "half_confidence_interval": 0.0,
        "stdev": 0.0,
        "confidence": 95
    },
    "QUEUE6 AVG DELAY": {
        "mean": 0.0,
        "half_confidence_interval": 0.0,
        "stdev": 0.0,
        "confidence": 95
    },
    "QUEUE6 AVG NUMBER": {
        "mean": 0.0,
        "half_confidence_interval": 0.0,
        "stdev": 0.0,
        "confidence": 95
    },
    "UTILIZATION1": {
        "mean": 0.8881398248120113,
        "half_confidence_interval": 0.006217956598829349,
        "stdev": 0.02428646765085093,
        "confidence": 95
    },
    "UTILIZATION2": {
        "mean": 0.8884170393854312,
        "half_confidence_interval": 0.006254155303497497,
        "stdev": 0.024427854721659883,
        "confidence": 95
    },
    "UTILIZATION3": {
        "mean": 0.0,
        "half_confidence_interval": 0.0,
        "stdev": 0.0,
        "confidence": 95
    },
    "UTILIZATION4": {
        "mean": 0.0,
        "half_confidence_interval": 0.0,
        "stdev": 0.0,
        "confidence": 95
    },
    "UTILIZATION5": {
        "mean": 0.0,
        "half_confidence_interval": 0.0,
        "stdev": 0.0,
        "confidence": 95
    },
    "UTILIZATION6": {
        "mean": 0.0,
        "half_confidence_interval": 0.0,
        "stdev": 0.0,
        "confidence": 95
    }
}