{
    "interarrival": 2.5,
    "servers": 2,
    "seed": 1177746677,
    "GLOBAL AVG WAIT": {
        "mean": 12.845238701483053,
        "half_confidence_interval": 0.6398316437478805,
        "stdev": 2.4990927921239012,
        "confidence": 95
    },
    "GLOBAL AVG DELAY": {
        "mean": 8.409734129063207,
        "half_confidence_interval": 0.6316914360856158,
        "stdev": 2.467298281030334,
        "confidence": 95
    },
    "GLOBAL AVG NUMBER": {
        "mean": 5.1691434164788905,
        "half_confidence_interval": 0.2768666948517686,
        "stdev": 1.0814025349391212,
        "confidence": 95
    },
    "QUEUE1 AVG WAIT": {
        "mean": 3.0823340976477027,
        "half_confidence_interval": 0.03937943244320957,
        "stdev": 0.15381054803774882,
        "confidence": 95
    },
    "QUEUE1 AVG DELAY": {
        "mean": 1.853596691188231,
        "half_confidence_interval": 0.03919069699576947,
        "stdev": 0.1530733738124276,
        "confidence": 95
    },
    "QUEUE1 AVG NUMBER": {
        "mean": 0.14924206393766162,
        "half_confidence_interval": 0.0035659304873655803,
        "stdev": 0.013928025075455194,
        "confidence": 95
    },
    "QUEUE2 AVG WAIT": {
        "mean": 5.4526043876727925,
        "half_confidence_interval": 0.05220391831252299,
        "stdev": 0.2039011937753717,
        "confidence": 95
    },
    "QUEUE2 AVG DELAY": {
        "mean": 2.7886246490389492,
        "half_confidence_interval": 0.051432383733780646,
        "stdev": 0.20088768776414176,
        "confidence": 95
    },
    "QUEUE2 AVG NUMBER": {
        "mean": 0.4963994558011089,
        "half_confidence_interval": 0.011802459550911032,
        "stdev": 0.046098754072622976,
        "confidence": 95
    },
    "QUEUE3 AVG WAIT": {
        "mean": 27.485317514707848,
        "half_confidence_interval": 1.6850218673683983,
        "stdev": 6.5814594268032725,
        "confidence": 95
    },
    "QUEUE3 AVG DELAY": {
        "mean": 19.04323246830446,
        "half_confidence_interval": 1.6768020242003394,
        "stdev": 6.549353870577018,
        "confidence": 95
    },
    "QUEUE3 AVG NUMBER": {
        "mean": 2.7429651862014968,
        "half_confidence_interval": 0.25735154178535913,
        "stdev": 1.0051790801568878,
        "confidence": 95
    },
    "QUEUE4 AVG WAIT": {
        "mean": 0.0,
        "half_confidence_interval": 0.0,
        "stdev": 0.0,
        "confidence": 95
    },
    "QUEUE4 AVG DELAY": {
        "mean": 0.0,
        "half_confidence_interval": 0.0,
        "stdev": 0.0,
        "confidence": 95
    },
    "QUEUE4 AVG NUMBER": {
        "mean": 0.0,
        "half_confidence_interval": 0.0,
        "stdev": 0.0,
        "confidence": 95
    },
    "QUEUE5 AVG WAIT": {
        "mean": 0.0,
        "half_confidence_interval": 0.0,
        "stdev": 0.0,
        "confidence": 95
    },
    "QUEUE5 AVG DELAY": {
        "mean": 0.0,
        "half_confidence_interval": 0.0,
        "stdev": 0.0,
        "confidence": 95
    },
    "QUEUE5 AVG NUMBER": {
        "mean": 0.0,
        "half_confidence_interval": 0.0,
        "stdev": 0.0,
        "confidence": 95
    },
    "QUEUE6 AVG WAIT": {
        "mean": 0.0,
        "half_confidence_interval": 0.0,
        "stdev": 0.0,
        "confidence": 95
    },
    "QUEUE6 AVG DELAY": {
        "mean": 0.0,
        "half_confidence_interval": 0.0,
        "stdev": 0.0,
        "confidence": 95
    },
    "QUEUE6 AVG NUMBER": {
        "mean": 0.0,
        "half_confidence_interval": 0.0,
        "stdev": 0.0,
        "confidence": 95
    },
    "UTILIZATION1": {
        "mean": 0.890489494319276,
        "half_confidence_interval": 0.006375072075327169,
        "stdev": 0.02490013869804523,
        "confidence": 95
    },
    "UTILIZATION2": {
        "mean": 0.8900497758438828,
        "half_confidence_interval": 0.006433877690748325,
        "stdev": 0.025129825196159934,
        "confidence": 95
    },
    "UTILIZATION3": {
        "mean": 0.0,
        "half_confidence_interval": 0.0,
        "stdev": 0.0,
        "confidence": 95
    },
    "UTILIZATION4": {
        "mean": 0.0,
        "half_confidence_interval": 0.0,
        "stdev": 0.0,
        "confidence": 95
    },
    "UTILIZATION5": {
        "mean": 0.0,
        "half_confidence_interval": 0.0,
        "stdev": 0.0,
        "confidence": 95
    },
    "UTILIZATION6": {
        "mean": 0.0,
        "half_confidence_interval": 0.0,
        "stdev": 0.0,
        "confidence": 95
    }
}