{
    "seed": 290113806,
    "arrival_stream": 0,
    "service_stream": 1,
    "observation_period": 40000.0,
    "interarrivals": 5.0,
    "batch_size": 0,
    "k": 0,
    "servers": 2,
    "acquisition_time": [
        70.15595828967776,
        79.8249774827578,
        92.24720318439203,
        101.71931048738548,
        125.20518559638622,
        144.6082142977779,
        174.55591377841628,
        199.6894894111127,
        250.68929896696545,
        289.1216128253919,
        340.25182128856596,
        402.1631428690924,
        495.38797155712626,
        555.2500181913776,
        634.4770312308966,
        791.7139283751344,
        956.9848518782189,
        1161.3867885573643,
        1406.8584013449463,
        1667.1771703386366,
        2080.7455765874874,
        2544.0338890844614,
        3018.7325365173533,
        3588.859233454887,
        4170.9837097465725,
        4907.673132459809,
        5765.066781547278,
        6831.855772918968,
        8119.824544592343,
        9750.919016296619,
        11720.211565441563,
        13835.23435510546,
        16616.36054292689,
        19576.387649134012,
        23434.17015498095,
        28028.281758434547,
        33510.45839026683
    ],
    "avg_utilization1": [
        0.32141382927738377,
        0.444697786965276,
        0.4130543403934818,
        0.3868422866538727,
        0.45340646789303535,
        0.48342573400360994,
        0.4213615695130381,
        0.4636181356324204,
        0.4051921148770077,
        0.41185450031665066,
        0.4201799094573135,
        0.4146797547769513,
        0.42166072161283796,
        0.4292817279740414,
        0.4274491150077573,
        0.41458510741331256,
        0.4557459999358842,
        0.44419750163310995,
        0.44928377874966563,
        0.4520499002891533,
        0.41191023260530896,
        0.4056129509332903,
        0.40611657260974254,
        0.39846187209939826,
        0.4071827568079605,
        0.41632157227334915,
        0.43116662360444274,
        0.43281810535220683,
        0.4311072399233873,
        0.4365231826646706,
        0.4321486325689155,
        0.4379200280496573,
        0.43334718062283345,
        0.44184253314433103,
        0.44394281436417726,
        0.44982285415742035,
        0.449106699630265
    ],
    "avg_utilization2": [
        0.3136096551346556,
        0.2920515092580712,
        0.38726701671464553,
        0.35120469266176874,
        0.40075957751263724,
        0.3691004540808117,
        0.367795060573309,
        0.3886561705058964,
        0.3659543933476322,
        0.3710221289522228,
        0.3606745397932374,
        0.42450437895800497,
        0.3971589208237974,
        0.408706756013354,
        0.44065145569321507,
        0.42579434650862186,
        0.4163855494616372,
        0.3926568635151298,
        0.37547370551778597,
        0.39016705077650465,
        0.3883006819939224,
        0.38621408345131447,
        0.38353266159044613,
        0.378031743627746,
        0.3895419714791418,
        0.3997050789079274,
        0.41433990594614284,
        0.4120552410778578,
        0.4041477589458445,
        0.415551095672848,
        0.41857892425357096,
        0.4287839720451494,
        0.42829733012920773,
        0.43171121269462037,
        0.4351718111255478,
        0.43977081243259164,
        0.43956115305078003
    ],
    "avg_utilization3": [],
    "avg_utilization4": [],
    "avg_utilization5": [],
    "avg_utilization6": [],
    "global": {
        "avg_wait": [
            4.826306824650306,
            4.4261313467349845,
            5.707179535781351,
            4.986863891216534,
            5.4502024957053425,
            5.937234921729448,
            5.393895314882636,
            5.727908340046499,
            5.530362788945344,
            5.207671857111417,
            5.116697652614279,
            5.490002982671104,
            5.481106758054448,
            5.300076460471302,
            5.263837483737875,
            5.22408465134739,
            5.365238627813949,
            5.338246168753061,
            5.367497894526297,
            5.4416796121994055,
            5.273679145329516,
            5.37267018553655,
            5.241951348099009,
            5.054671718716909,
            5.051461436216805,
            5.064981159600974,
            5.157062295690336,
            5.1416545528510875,
            5.031867941296877,
            5.243754664391062,
            5.320103956914166,
            5.409319885509175,
            5.3798327759162925,
            5.344842011838166,
            5.376345595411633,
            5.455802357548698,
            5.420576588131764
        ],
        "avg_delay": [
            0.3712387161126191,
            0.3093655967605159,
            0.6930754505283111,
            0.5707680180821386,
            0.6006023287820805,
            0.8564648169092274,
            0.7087984691662572,
            0.8035164308190555,
            0.8255860559934894,
            0.7368178399264305,
            0.6244218982427376,
            0.8887360829598976,
            0.8536799692490484,
            0.7826675189357082,
            0.7858710373297462,
            0.728543308169789,
            0.7738829629781814,
            0.8056143875179294,
            0.8558830971611519,
            0.8679829565353085,
            0.749126642912727,
            0.8151253670576271,
            0.7471218991776739,
            0.6754718578549379,
            0.6974879422370952,
            0.6929374135600277,
            0.7229681407709552,
            0.7658390482504551,
            0.7475192105250178,
            0.8724862576164047,
            0.9450679979362029,
            1.0253940672588178,
            1.016103470677101,
            1.0022755413210473,
            1.0162775066373384,
            1.059624916551356,
            1.0438082742351669
        ],
        "avg_number": [
            0.6879396906991454,
            0.6653753979735522,
            0.8661564875980744,
            0.8334374834480861,
            0.8706033172259683,
            0.9853772056688508,
            0.896119534111929,
            0.9752585583542646,
            0.9044856532812691,
            0.900602311639785,
            0.88724039848185,
            0.9692340501141561,
            0.9515273043692086,
            0.9831748897672011,
            1.0204498801850879,
            0.9765705776911234,
            0.9923325695900527,
            0.9790419911326896,
            0.9767006115790489,
            1.0020504543052773,
            0.9327012140831348,
            0.933446772150414,
            0.9203313579074693,
            0.8957640865755523,
            0.9240662021352285,
            0.9453609922609261,
            0.9830955438546641,
            0.9926793803366526,
            0.9809875702767249,
            1.0212258035407842,
            1.0344964209995973,
            1.0693342452423404,
            1.0622802323156728,
            1.0751722033635651,
            1.0840252831790798,
            1.1036851860529064,
            1.1005997792128337
        ]
    },